timestamp,date,hour,day_of_week,is_weekend,zone_id,weather,traffic_index,base_fare,surge_multiplier,price,demand_requests,available_drivers,completed_trips,conversion_rate,fulfillment_rate,demand_supply_gap_ratio,revenue,driver_payout_per_trip,payout_below_floor_flag,est_churn_risk
2026-01-01 00:00:00,2026-01-01,0,Thursday,False,Airport_Corridor,Rain,0.205,60.0,1.0,60.0,36.8,40.3,23.0,0.6262,0.6262,-0.087,1382.56,45.0,False,0.02
2026-01-01 01:00:00,2026-01-01,1,Thursday,False,Airport_Corridor,Rain,0.191,60.0,1.0,60.0,32.9,47.4,21.0,0.6376,0.6376,-0.306,1258.12,45.0,False,0.02
2026-01-01 02:00:00,2026-01-01,2,Thursday,False,Airport_Corridor,Rain,0.182,60.0,1.0,60.0,36.6,49.0,22.9,0.6257,0.6257,-0.253,1373.73,45.0,False,0.02
2026-01-01 03:00:00,2026-01-01,3,Thursday,False,Airport_Corridor,Rain,0.265,60.0,1.0,60.0,35.0,49.7,22.4,0.6393,0.6393,-0.296,1341.86,45.0,False,0.02
2026-01-01 04:00:00,2026-01-01,4,Thursday,False,Airport_Corridor,Rain,0.196,60.0,1.0,60.0,42.2,56.0,26.8,0.6345,0.6345,-0.247,1605.4,45.0,False,0.02
2026-01-01 05:00:00,2026-01-01,5,Thursday,False,Airport_Corridor,Rain,0.279,60.0,1.0,60.0,52.5,72.0,34.0,0.6469,0.6469,-0.27,2039.23,45.0,False,0.02
2026-01-01 06:00:00,2026-01-01,6,Thursday,False,Airport_Corridor,Rain,0.256,60.0,1.119,67.15,78.3,65.4,43.7,0.5581,0.5581,0.199,2935.62,50.36,False,0.02
2026-01-01 07:00:00,2026-01-01,7,Thursday,False,Airport_Corridor,Rain,0.428,60.0,1.793,107.58,181.0,78.0,64.4,0.356,0.356,1.322,6930.74,80.69,False,0.0446
2026-01-01 08:00:00,2026-01-01,8,Thursday,False,Airport_Corridor,Rain,0.496,60.0,1.969,118.16,194.2,74.3,61.3,0.3155,0.3155,1.615,7240.23,88.62,False,0.0535
2026-01-01 09:00:00,2026-01-01,9,Thursday,False,Airport_Corridor,Rain,0.503,60.0,1.979,118.72,214.3,81.4,69.3,0.3232,0.3232,1.631,8222.48,89.04,False,0.0539
2026-01-01 10:00:00,2026-01-01,10,Thursday,False,Airport_Corridor,Rain,0.358,60.0,1.713,102.79,164.4,75.1,60.9,0.3702,0.3702,1.189,6256.53,77.09,False,0.0407
2026-01-01 11:00:00,2026-01-01,11,Thursday,False,Airport_Corridor,Rain,0.318,60.0,1.116,66.97,99.5,83.4,53.8,0.5403,0.5403,0.193,3600.89,50.23,False,0.02
2026-01-01 12:00:00,2026-01-01,12,Thursday,False,Airport_Corridor,Rain,0.254,60.0,1.0,60.0,53.9,65.0,34.6,0.6413,0.6413,-0.17,2074.0,45.0,False,0.02
2026-01-01 13:00:00,2026-01-01,13,Thursday,False,Airport_Corridor,Rain,0.222,60.0,1.0,60.0,39.2,72.0,25.1,0.6397,0.6397,-0.455,1505.04,45.0,False,0.02
2026-01-01 14:00:00,2026-01-01,14,Thursday,False,Airport_Corridor,Rain,0.247,60.0,1.0,60.0,45.5,82.3,28.4,0.6253,0.6253,-0.448,1706.04,45.0,False,0.02
2026-01-01 15:00:00,2026-01-01,15,Thursday,False,Airport_Corridor,Rain,0.27,60.0,1.0,60.0,71.8,72.9,46.7,0.6504,0.6504,-0.014,2803.15,45.0,False,0.02
2026-01-01 16:00:00,2026-01-01,16,Thursday,False,Airport_Corridor,Rain,0.326,60.0,1.443,86.57,131.9,75.9,58.5,0.4434,0.4434,0.738,5063.7,64.93,False,0.0271
2026-01-01 17:00:00,2026-01-01,17,Thursday,False,Airport_Corridor,Rain,0.474,60.0,2.05,123.0,220.3,80.1,68.4,0.3107,0.3107,1.75,8417.17,92.25,False,0.0575
2026-01-01 18:00:00,2026-01-01,18,Thursday,False,Airport_Corridor,Rain,0.61,60.0,2.103,126.16,243.8,85.9,74.0,0.3033,0.3033,1.838,9331.08,94.62,False,0.0601
2026-01-01 19:00:00,2026-01-01,19,Thursday,False,Airport_Corridor,Rain,0.571,60.0,2.2,132.0,257.9,86.0,73.2,0.2838,0.2838,2.0,9660.63,99.0,False,0.065
2026-01-01 20:00:00,2026-01-01,20,Thursday,False,Airport_Corridor,Rain,0.476,60.0,1.891,113.49,220.2,88.6,72.1,0.3276,0.3276,1.486,8184.22,85.12,False,0.0496
2026-01-01 21:00:00,2026-01-01,21,Thursday,False,Airport_Corridor,Rain,0.414,60.0,1.237,74.24,111.6,80.0,55.9,0.501,0.501,0.395,4152.37,55.68,False,0.02
2026-01-01 22:00:00,2026-01-01,22,Thursday,False,Airport_Corridor,Rain,0.243,60.0,1.0,60.0,66.0,70.7,42.3,0.6408,0.6408,-0.067,2538.33,45.0,False,0.02
2026-01-01 23:00:00,2026-01-01,23,Thursday,False,Airport_Corridor,Rain,0.228,60.0,1.0,60.0,47.0,66.2,30.0,0.6379,0.6379,-0.289,1800.34,45.0,False,0.02
2026-01-02 00:00:00,2026-01-02,0,Friday,False,Airport_Corridor,Clear,0.058,60.0,1.0,60.0,31.4,42.9,20.2,0.6439,0.6439,-0.269,1212.38,45.0,False,0.02
2026-01-02 01:00:00,2026-01-02,1,Friday,False,Airport_Corridor,Clear,0.076,60.0,1.0,60.0,29.1,42.4,19.2,0.6588,0.6588,-0.314,1149.44,45.0,False,0.02
2026-01-02 02:00:00,2026-01-02,2,Friday,False,Airport_Corridor,Clear,0.055,60.0,1.0,60.0,34.2,53.3,22.7,0.6636,0.6636,-0.359,1359.8,45.0,False,0.02
2026-01-02 03:00:00,2026-01-02,3,Friday,False,Airport_Corridor,Clear,0.08,60.0,1.0,60.0,30.8,56.1,21.2,0.6897,0.6897,-0.451,1274.68,45.0,False,0.02
2026-01-02 04:00:00,2026-01-02,4,Friday,False,Airport_Corridor,Clear,0.096,60.0,1.0,60.0,33.6,57.7,22.3,0.6638,0.6638,-0.417,1339.49,45.0,False,0.02
2026-01-02 05:00:00,2026-01-02,5,Friday,False,Airport_Corridor,Clear,0.11,60.0,1.0,60.0,45.8,68.3,30.1,0.6564,0.6564,-0.329,1804.98,45.0,False,0.02
2026-01-02 06:00:00,2026-01-02,6,Friday,False,Airport_Corridor,Clear,0.113,60.0,1.097,65.79,80.7,69.5,49.7,0.6161,0.6161,0.161,3269.69,49.34,False,0.02
2026-01-02 07:00:00,2026-01-02,7,Friday,False,Airport_Corridor,Clear,0.279,60.0,1.467,88.01,132.7,74.6,58.7,0.4424,0.4424,0.778,5167.25,66.01,False,0.0283
2026-01-02 08:00:00,2026-01-02,8,Friday,False,Airport_Corridor,Clear,0.35,60.0,1.819,109.13,173.8,73.5,62.8,0.3611,0.3611,1.365,6851.35,81.85,False,0.0459
2026-01-02 09:00:00,2026-01-02,9,Friday,False,Airport_Corridor,Clear,0.367,60.0,1.836,110.14,187.2,78.2,68.4,0.3654,0.3654,1.393,7531.07,82.61,False,0.0468
2026-01-02 10:00:00,2026-01-02,10,Friday,False,Airport_Corridor,Clear,0.242,60.0,1.49,89.41,147.1,80.9,64.0,0.4348,0.4348,0.817,5717.89,67.06,False,0.0295
2026-01-02 11:00:00,2026-01-02,11,Friday,False,Airport_Corridor,Clear,0.191,60.0,1.1,66.01,85.5,73.2,51.0,0.5963,0.5963,0.167,3363.55,49.51,False,0.02
2026-01-02 12:00:00,2026-01-02,12,Friday,False,Airport_Corridor,Clear,0.082,60.0,1.0,60.0,43.1,71.0,29.1,0.6758,0.6758,-0.393,1747.13,45.0,False,0.02
2026-01-02 13:00:00,2026-01-02,13,Friday,False,Airport_Corridor,Clear,0.076,60.0,1.0,60.0,34.9,77.7,24.2,0.693,0.693,-0.551,1451.26,45.0,False,0.02
2026-01-02 14:00:00,2026-01-02,14,Friday,False,Airport_Corridor,Clear,0.06,60.0,1.0,60.0,31.7,82.2,20.9,0.6616,0.6616,-0.615,1256.98,45.0,False,0.02
2026-01-02 15:00:00,2026-01-02,15,Friday,False,Airport_Corridor,Clear,0.082,60.0,1.0,60.0,65.0,78.4,44.2,0.68,0.68,-0.171,2653.62,45.0,False,0.02
2026-01-02 16:00:00,2026-01-02,16,Friday,False,Airport_Corridor,Clear,0.216,60.0,1.394,83.62,117.7,71.1,54.7,0.4643,0.4643,0.656,4570.46,62.72,False,0.0247
2026-01-02 17:00:00,2026-01-02,17,Friday,False,Airport_Corridor,Clear,0.386,60.0,1.704,102.24,175.4,80.7,66.3,0.3777,0.3777,1.173,6775.23,76.68,False,0.0402
2026-01-02 18:00:00,2026-01-02,18,Friday,False,Airport_Corridor,Clear,0.516,60.0,1.752,105.14,217.0,96.3,81.1,0.3737,0.3737,1.254,8528.07,78.86,False,0.0426
2026-01-02 19:00:00,2026-01-02,19,Friday,False,Airport_Corridor,Clear,0.45,60.0,1.913,114.77,226.5,89.8,79.4,0.3505,0.3505,1.521,9111.13,86.08,False,0.0506
2026-01-02 20:00:00,2026-01-02,20,Friday,False,Airport_Corridor,Clear,0.294,60.0,1.656,99.37,176.7,84.4,68.3,0.3866,0.3866,1.094,6787.25,74.53,False,0.0378
2026-01-02 21:00:00,2026-01-02,21,Friday,False,Airport_Corridor,Clear,0.166,60.0,1.227,73.62,107.5,78.0,59.4,0.5524,0.5524,0.378,4370.02,55.22,False,0.02
2026-01-02 22:00:00,2026-01-02,22,Friday,False,Airport_Corridor,Clear,0.113,60.0,1.0,60.0,53.4,76.9,35.0,0.6566,0.6566,-0.306,2101.88,45.0,False,0.02
2026-01-02 23:00:00,2026-01-02,23,Friday,False,Airport_Corridor,Clear,0.077,60.0,1.0,60.0,44.1,71.3,30.0,0.6815,0.6815,-0.382,1801.48,45.0,False,0.02
2026-01-03 00:00:00,2026-01-03,0,Saturday,True,Airport_Corridor,Rain,0.189,60.0,1.0,60.0,38.1,51.3,23.9,0.627,0.627,-0.257,1433.73,45.0,False,0.02
2026-01-03 01:00:00,2026-01-03,1,Saturday,True,Airport_Corridor,Rain,0.237,60.0,1.0,60.0,39.3,45.9,25.3,0.6452,0.6452,-0.145,1520.58,45.0,False,0.02
2026-01-03 02:00:00,2026-01-03,2,Saturday,True,Airport_Corridor,Rain,0.201,60.0,1.0,60.0,37.0,53.1,22.7,0.6134,0.6134,-0.303,1360.99,45.0,False,0.02
2026-01-03 03:00:00,2026-01-03,3,Saturday,True,Airport_Corridor,Rain,0.182,60.0,1.0,60.0,41.4,50.2,26.1,0.6291,0.6291,-0.175,1564.23,45.0,False,0.02
2026-01-03 04:00:00,2026-01-03,4,Saturday,True,Airport_Corridor,Rain,0.293,60.0,1.0,60.0,39.4,52.6,24.8,0.6296,0.6296,-0.251,1487.73,45.0,False,0.02
2026-01-03 05:00:00,2026-01-03,5,Saturday,True,Airport_Corridor,Rain,0.253,60.0,1.0,60.0,47.8,58.2,29.9,0.6249,0.6249,-0.179,1791.26,45.0,False,0.02
2026-01-03 06:00:00,2026-01-03,6,Saturday,True,Airport_Corridor,Rain,0.264,60.0,1.0,60.0,53.7,60.1,34.2,0.6368,0.6368,-0.105,2053.29,45.0,False,0.02
2026-01-03 07:00:00,2026-01-03,7,Saturday,True,Airport_Corridor,Rain,0.231,60.0,1.13,67.77,72.3,59.4,39.3,0.5436,0.5436,0.216,2662.0,50.83,False,0.02
2026-01-03 08:00:00,2026-01-03,8,Saturday,True,Airport_Corridor,Rain,0.31,60.0,1.174,70.45,77.3,59.9,42.1,0.5445,0.5445,0.29,2965.23,52.84,False,0.02
2026-01-03 09:00:00,2026-01-03,9,Saturday,True,Airport_Corridor,Rain,0.307,60.0,1.328,79.7,99.9,64.6,46.3,0.4636,0.4636,0.547,3693.18,59.78,False,0.0214
2026-01-03 10:00:00,2026-01-03,10,Saturday,True,Airport_Corridor,Rain,0.293,60.0,1.633,98.0,127.1,61.8,46.3,0.3643,0.3643,1.056,4538.56,73.5,False,0.0367
2026-01-03 11:00:00,2026-01-03,11,Saturday,True,Airport_Corridor,Rain,0.426,60.0,1.659,99.53,153.7,73.3,56.4,0.3667,0.3667,1.098,5608.99,74.65,False,0.0379
2026-01-03 12:00:00,2026-01-03,12,Saturday,True,Airport_Corridor,Rain,0.459,60.0,1.824,109.46,196.5,82.8,65.3,0.3322,0.3322,1.374,7144.18,82.09,False,0.0462
2026-01-03 13:00:00,2026-01-03,13,Saturday,True,Airport_Corridor,Rain,0.485,60.0,1.883,113.01,188.3,76.2,64.2,0.3408,0.3408,1.472,7252.53,84.76,False,0.0492
2026-01-03 14:00:00,2026-01-03,14,Saturday,True,Airport_Corridor,Rain,0.488,60.0,1.605,96.3,179.8,89.5,71.6,0.3981,0.3981,1.008,6892.97,72.22,False,0.0352
2026-01-03 15:00:00,2026-01-03,15,Saturday,True,Airport_Corridor,Rain,0.448,60.0,1.569,94.12,180.4,92.6,70.3,0.3896,0.3896,0.948,6615.7,70.59,False,0.0334
2026-01-03 16:00:00,2026-01-03,16,Saturday,True,Airport_Corridor,Rain,0.4,60.0,1.596,95.77,170.2,85.3,65.1,0.3828,0.3828,0.994,6237.45,71.83,False,0.0348
2026-01-03 17:00:00,2026-01-03,17,Saturday,True,Airport_Corridor,Rain,0.384,60.0,1.339,80.35,138.7,88.6,65.3,0.4706,0.4706,0.565,5244.64,60.26,False,0.022
2026-01-03 18:00:00,2026-01-03,18,Saturday,True,Airport_Corridor,Rain,0.416,60.0,1.359,81.55,126.6,79.2,58.4,0.4613,0.4613,0.599,4763.39,61.16,False,0.023
2026-01-03 19:00:00,2026-01-03,19,Saturday,True,Airport_Corridor,Rain,0.424,60.0,1.281,76.88,116.9,79.6,55.7,0.4765,0.4765,0.469,4281.51,57.66,False,0.02
2026-01-03 20:00:00,2026-01-03,20,Saturday,True,Airport_Corridor,Rain,0.391,60.0,1.761,105.68,160.2,70.6,57.3,0.3574,0.3574,1.269,6050.35,79.26,False,0.0431
2026-01-03 21:00:00,2026-01-03,21,Saturday,True,Airport_Corridor,Rain,0.522,60.0,2.188,131.3,196.4,65.9,57.0,0.2902,0.2902,1.981,7483.8,98.48,False,0.0644
2026-01-03 22:00:00,2026-01-03,22,Saturday,True,Airport_Corridor,Rain,0.517,60.0,2.271,136.25,195.2,62.6,54.2,0.2775,0.2775,2.118,7380.75,102.19,False,0.0685
2026-01-03 23:00:00,2026-01-03,23,Saturday,True,Airport_Corridor,Rain,0.557,60.0,2.531,151.85,204.4,57.5,50.7,0.2483,0.2483,2.551,7704.14,113.89,False,0.0815
2026-01-04 00:00:00,2026-01-04,0,Sunday,True,Airport_Corridor,Clear,0.069,60.0,1.0,60.0,42.4,50.3,28.8,0.679,0.679,-0.158,1727.59,45.0,False,0.02
2026-01-04 01:00:00,2026-01-04,1,Sunday,True,Airport_Corridor,Clear,0.048,60.0,1.0,60.0,44.5,50.7,29.9,0.6713,0.6713,-0.122,1792.12,45.0,False,0.02
2026-01-04 02:00:00,2026-01-04,2,Sunday,True,Airport_Corridor,Clear,0.092,60.0,1.0,60.0,41.2,49.2,27.2,0.6592,0.6592,-0.162,1629.55,45.0,False,0.02
2026-01-04 03:00:00,2026-01-04,3,Sunday,True,Airport_Corridor,Clear,0.099,60.0,1.0,60.0,42.4,49.9,28.8,0.6784,0.6784,-0.151,1725.37,45.0,False,0.02
2026-01-04 04:00:00,2026-01-04,4,Sunday,True,Airport_Corridor,Clear,0.073,60.0,1.0,60.0,47.0,49.9,31.1,0.6616,0.6616,-0.057,1867.36,45.0,False,0.02
2026-01-04 05:00:00,2026-01-04,5,Sunday,True,Airport_Corridor,Clear,0.062,60.0,1.0,60.0,41.5,52.1,26.8,0.6467,0.6467,-0.203,1609.58,45.0,False,0.02
2026-01-04 06:00:00,2026-01-04,6,Sunday,True,Airport_Corridor,Clear,0.1,60.0,1.0,60.0,38.9,58.8,26.7,0.6852,0.6852,-0.338,1599.75,45.0,False,0.02
2026-01-04 07:00:00,2026-01-04,7,Sunday,True,Airport_Corridor,Clear,0.1,60.0,1.043,62.58,61.2,57.1,38.8,0.6332,0.6332,0.072,2425.56,46.94,False,0.02
2026-01-04 08:00:00,2026-01-04,8,Sunday,True,Airport_Corridor,Clear,0.141,60.0,1.011,60.67,64.5,63.4,44.0,0.6813,0.6813,0.019,2668.15,45.5,False,0.02
2026-01-04 09:00:00,2026-01-04,9,Sunday,True,Airport_Corridor,Clear,0.146,60.0,1.219,73.13,94.2,69.1,50.6,0.5371,0.5371,0.365,3702.13,54.85,False,0.02
2026-01-04 10:00:00,2026-01-04,10,Sunday,True,Airport_Corridor,Clear,0.214,60.0,1.503,90.21,116.5,63.3,51.2,0.4395,0.4395,0.839,4618.47,67.66,False,0.0302
2026-01-04 11:00:00,2026-01-04,11,Sunday,True,Airport_Corridor,Clear,0.274,60.0,1.55,93.02,137.6,71.8,58.3,0.4238,0.4238,0.917,5424.33,69.77,False,0.0325
2026-01-04 12:00:00,2026-01-04,12,Sunday,True,Airport_Corridor,Clear,0.338,60.0,1.457,87.39,154.6,87.8,69.5,0.4494,0.4494,0.761,6071.91,65.54,False,0.0278
2026-01-04 13:00:00,2026-01-04,13,Sunday,True,Airport_Corridor,Clear,0.279,60.0,1.768,106.11,179.1,78.5,66.9,0.3734,0.3734,1.281,7094.45,79.58,False,0.0434
2026-01-04 14:00:00,2026-01-04,14,Sunday,True,Airport_Corridor,Clear,0.334,60.0,1.802,108.11,198.2,84.8,73.1,0.3688,0.3688,1.336,7900.21,81.08,False,0.0451
2026-01-04 15:00:00,2026-01-04,15,Sunday,True,Airport_Corridor,Clear,0.316,60.0,1.7,102.0,161.1,74.4,60.6,0.376,0.376,1.167,6180.64,76.5,False,0.04
2026-01-04 16:00:00,2026-01-04,16,Sunday,True,Airport_Corridor,Clear,0.251,60.0,1.506,90.38,148.4,80.5,64.7,0.4362,0.4362,0.844,5849.81,67.78,False,0.0303
2026-01-04 17:00:00,2026-01-04,17,Sunday,True,Airport_Corridor,Clear,0.19,60.0,1.424,85.43,122.9,72.0,55.5,0.4518,0.4518,0.706,4743.05,64.07,False,0.0262
2026-01-04 18:00:00,2026-01-04,18,Sunday,True,Airport_Corridor,Clear,0.175,60.0,1.167,70.03,100.2,78.4,57.0,0.5687,0.5687,0.279,3992.75,52.52,False,0.02
2026-01-04 19:00:00,2026-01-04,19,Sunday,True,Airport_Corridor,Clear,0.201,60.0,1.342,80.54,114.1,72.6,57.4,0.5032,0.5032,0.57,4622.42,60.41,False,0.0221
2026-01-04 20:00:00,2026-01-04,20,Sunday,True,Airport_Corridor,Clear,0.235,60.0,1.653,99.17,151.5,72.5,60.6,0.3999,0.3999,1.088,6007.49,74.38,False,0.0376
2026-01-04 21:00:00,2026-01-04,21,Sunday,True,Airport_Corridor,Clear,0.353,60.0,1.967,117.99,188.6,72.2,62.6,0.332,0.332,1.611,7388.27,88.49,False,0.0533
2026-01-04 22:00:00,2026-01-04,22,Sunday,True,Airport_Corridor,Clear,0.324,60.0,2.412,144.74,194.6,58.0,54.0,0.2777,0.2777,2.354,7822.25,108.56,False,0.0756
2026-01-04 23:00:00,2026-01-04,23,Sunday,True,Airport_Corridor,Clear,0.355,60.0,2.717,163.03,218.5,56.6,55.7,0.2547,0.2547,2.862,9075.91,122.27,False,0.0909
2026-01-05 00:00:00,2026-01-05,0,Monday,False,Airport_Corridor,Clear,0.084,60.0,1.0,60.0,31.4,40.2,21.0,0.6696,0.6696,-0.219,1262.1,45.0,False,0.02
2026-01-05 01:00:00,2026-01-05,1,Monday,False,Airport_Corridor,Clear,0.036,60.0,1.0,60.0,34.4,46.8,23.1,0.6712,0.6712,-0.265,1384.56,45.0,False,0.02
2026-01-05 02:00:00,2026-01-05,2,Monday,False,Airport_Corridor,Clear,0.078,60.0,1.0,60.0,34.2,46.5,22.6,0.6608,0.6608,-0.264,1355.52,45.0,False,0.02
2026-01-05 03:00:00,2026-01-05,3,Monday,False,Airport_Corridor,Clear,0.054,60.0,1.0,60.0,30.7,52.2,20.6,0.6696,0.6696,-0.412,1233.88,45.0,False,0.02
2026-01-05 04:00:00,2026-01-05,4,Monday,False,Airport_Corridor,Clear,0.019,60.0,1.0,60.0,35.7,62.9,23.9,0.6694,0.6694,-0.432,1435.44,45.0,False,0.02
2026-01-05 05:00:00,2026-01-05,5,Monday,False,Airport_Corridor,Clear,0.058,60.0,1.0,60.0,47.0,59.4,30.6,0.6495,0.6495,-0.208,1833.15,45.0,False,0.02
2026-01-05 06:00:00,2026-01-05,6,Monday,False,Airport_Corridor,Clear,0.151,60.0,1.102,66.13,89.3,76.3,54.6,0.6113,0.6113,0.17,3608.58,49.6,False,0.02
2026-01-05 07:00:00,2026-01-05,7,Monday,False,Airport_Corridor,Clear,0.251,60.0,1.293,77.6,119.9,80.5,61.4,0.5119,0.5119,0.489,4761.37,58.2,False,0.02
2026-01-05 08:00:00,2026-01-05,8,Monday,False,Airport_Corridor,Clear,0.331,60.0,1.778,106.7,199.2,86.7,74.2,0.3726,0.3726,1.297,7920.34,80.03,False,0.0439
2026-01-05 09:00:00,2026-01-05,9,Monday,False,Airport_Corridor,Clear,0.363,60.0,1.761,105.68,191.8,84.5,70.8,0.3694,0.3694,1.269,7486.93,79.26,False,0.0431
2026-01-05 10:00:00,2026-01-05,10,Monday,False,Airport_Corridor,Clear,0.257,60.0,1.46,87.59,142.1,80.4,65.0,0.4572,0.4572,0.767,5691.4,65.69,False,0.028
2026-01-05 11:00:00,2026-01-05,11,Monday,False,Airport_Corridor,Clear,0.15,60.0,1.071,64.28,79.0,70.6,49.4,0.6249,0.6249,0.119,3175.23,48.21,False,0.02
2026-01-05 12:00:00,2026-01-05,12,Monday,False,Airport_Corridor,Clear,0.087,60.0,1.0,60.0,47.2,78.8,30.4,0.644,0.644,-0.401,1824.56,45.0,False,0.02
2026-01-05 13:00:00,2026-01-05,13,Monday,False,Airport_Corridor,Clear,0.108,60.0,1.0,60.0,33.8,74.6,23.0,0.6784,0.6784,-0.546,1377.19,45.0,False,0.02
2026-01-05 14:00:00,2026-01-05,14,Monday,False,Airport_Corridor,Clear,0.108,60.0,1.0,60.0,44.4,71.1,30.1,0.6787,0.6787,-0.375,1807.95,45.0,False,0.02
2026-01-05 15:00:00,2026-01-05,15,Monday,False,Airport_Corridor,Clear,0.093,60.0,1.0,60.0,60.3,80.8,40.7,0.674,0.674,-0.254,2439.36,45.0,False,0.02
2026-01-05 16:00:00,2026-01-05,16,Monday,False,Airport_Corridor,Clear,0.188,60.0,1.171,70.25,112.3,87.4,62.6,0.5575,0.5575,0.285,4398.62,52.69,False,0.02
2026-01-05 17:00:00,2026-01-05,17,Monday,False,Airport_Corridor,Clear,0.385,60.0,1.61,96.62,180.0,89.2,72.6,0.4032,0.4032,1.017,7011.27,72.47,False,0.0355
2026-01-05 18:00:00,2026-01-05,18,Monday,False,Airport_Corridor,Clear,0.363,60.0,2.173,130.36,253.8,85.9,76.5,0.3015,0.3015,1.954,9975.6,97.77,False,0.0636
2026-01-05 19:00:00,2026-01-05,19,Monday,False,Airport_Corridor,Clear,0.459,60.0,2.315,138.88,262.8,82.3,76.9,0.2926,0.2926,2.191,10679.26,104.16,False,0.0707
2026-01-05 20:00:00,2026-01-05,20,Monday,False,Airport_Corridor,Clear,0.385,60.0,1.546,92.74,171.3,89.7,73.4,0.4284,0.4284,0.91,6806.51,69.55,False,0.0323
2026-01-05 21:00:00,2026-01-05,21,Monday,False,Airport_Corridor,Clear,0.213,60.0,1.164,69.84,109.6,86.0,61.9,0.5655,0.5655,0.273,4326.38,52.38,False,0.02
2026-01-05 22:00:00,2026-01-05,22,Monday,False,Airport_Corridor,Clear,0.129,60.0,1.0,60.0,63.8,73.7,43.4,0.6793,0.6793,-0.134,2601.28,45.0,False,0.02
2026-01-05 23:00:00,2026-01-05,23,Monday,False,Airport_Corridor,Clear,0.067,60.0,1.0,60.0,45.5,70.7,31.1,0.6835,0.6835,-0.357,1864.46,45.0,False,0.02
2026-01-06 00:00:00,2026-01-06,0,Tuesday,False,Airport_Corridor,Fog,0.289,60.0,1.0,60.0,33.7,47.4,21.5,0.6371,0.6371,-0.289,1288.82,45.0,False,0.02
2026-01-06 01:00:00,2026-01-06,1,Tuesday,False,Airport_Corridor,Fog,0.24,60.0,1.0,60.0,40.4,40.8,25.2,0.6243,0.6243,-0.012,1512.11,45.0,False,0.02
2026-01-06 02:00:00,2026-01-06,2,Tuesday,False,Airport_Corridor,Fog,0.266,60.0,1.0,60.0,31.9,48.8,19.4,0.6079,0.6079,-0.346,1163.61,45.0,False,0.02
2026-01-06 03:00:00,2026-01-06,3,Tuesday,False,Airport_Corridor,Fog,0.237,60.0,1.0,60.0,35.3,54.6,21.1,0.5995,0.5995,-0.354,1268.59,45.0,False,0.02
2026-01-06 04:00:00,2026-01-06,4,Tuesday,False,Airport_Corridor,Fog,0.28,60.0,1.0,60.0,39.8,60.0,25.7,0.6466,0.6466,-0.337,1542.13,45.0,False,0.02
2026-01-06 05:00:00,2026-01-06,5,Tuesday,False,Airport_Corridor,Fog,0.38,60.0,1.0,60.0,43.7,55.0,27.1,0.6193,0.6193,-0.204,1625.23,45.0,False,0.02
2026-01-06 06:00:00,2026-01-06,6,Tuesday,False,Airport_Corridor,Fog,0.373,60.0,1.19,71.39,86.6,65.8,44.0,0.5086,0.5086,0.316,3144.34,53.54,False,0.02
2026-01-06 07:00:00,2026-01-06,7,Tuesday,False,Airport_Corridor,Fog,0.448,60.0,1.582,94.94,149.5,75.9,57.1,0.3823,0.3823,0.97,5425.8,71.2,False,0.0341
2026-01-06 08:00:00,2026-01-06,8,Tuesday,False,Airport_Corridor,Fog,0.526,60.0,2.038,122.3,215.0,78.7,65.0,0.3024,0.3024,1.73,7953.24,91.72,False,0.0569
2026-01-06 09:00:00,2026-01-06,9,Tuesday,False,Airport_Corridor,Fog,0.541,60.0,2.485,149.12,234.9,67.6,59.3,0.2526,0.2526,2.476,8848.13,111.84,False,0.0793
2026-01-06 10:00:00,2026-01-06,10,Tuesday,False,Airport_Corridor,Fog,0.434,60.0,1.611,96.65,152.2,75.4,57.9,0.3805,0.3805,1.018,5597.14,72.49,False,0.0355
2026-01-06 11:00:00,2026-01-06,11,Tuesday,False,Airport_Corridor,Fog,0.415,60.0,1.001,60.09,85.8,85.6,51.6,0.6008,0.6008,0.002,3097.76,45.07,False,0.02
2026-01-06 12:00:00,2026-01-06,12,Tuesday,False,Airport_Corridor,Fog,0.334,60.0,1.0,60.0,52.0,67.8,31.5,0.6059,0.6059,-0.233,1889.91,45.0,False,0.02
2026-01-06 13:00:00,2026-01-06,13,Tuesday,False,Airport_Corridor,Fog,0.292,60.0,1.0,60.0,38.7,74.3,23.8,0.6139,0.6139,-0.479,1425.73,45.0,False,0.02
2026-01-06 14:00:00,2026-01-06,14,Tuesday,False,Airport_Corridor,Fog,0.287,60.0,1.0,60.0,43.4,79.1,26.6,0.6132,0.6132,-0.452,1595.58,45.0,False,0.02
2026-01-06 15:00:00,2026-01-06,15,Tuesday,False,Airport_Corridor,Fog,0.335,60.0,1.0,60.0,73.4,80.4,45.7,0.6233,0.6233,-0.087,2744.72,45.0,False,0.02
2026-01-06 16:00:00,2026-01-06,16,Tuesday,False,Airport_Corridor,Fog,0.406,60.0,1.162,69.72,108.3,85.3,55.7,0.5142,0.5142,0.27,3882.19,52.29,False,0.02
2026-01-06 17:00:00,2026-01-06,17,Tuesday,False,Airport_Corridor,Fog,0.516,60.0,1.856,111.33,194.6,80.2,63.7,0.3274,0.3274,1.426,7094.1,83.5,False,0.0478
2026-01-06 18:00:00,2026-01-06,18,Tuesday,False,Airport_Corridor,Fog,0.667,60.0,2.112,126.73,253.2,88.7,76.0,0.3002,0.3002,1.854,9632.03,95.05,False,0.0606
2026-01-06 19:00:00,2026-01-06,19,Tuesday,False,Airport_Corridor,Fog,0.618,60.0,1.929,115.72,220.6,86.6,69.5,0.3149,0.3149,1.548,8038.55,86.79,False,0.0514
2026-01-06 20:00:00,2026-01-06,20,Tuesday,False,Airport_Corridor,Fog,0.555,60.0,1.91,114.58,206.3,82.0,66.6,0.3227,0.3227,1.516,7628.3,85.94,False,0.0505
2026-01-06 21:00:00,2026-01-06,21,Tuesday,False,Airport_Corridor,Fog,0.443,60.0,1.212,72.71,107.1,79.2,53.0,0.4949,0.4949,0.353,3855.82,54.53,False,0.02
2026-01-06 22:00:00,2026-01-06,22,Tuesday,False,Airport_Corridor,Fog,0.356,60.0,1.0,60.0,74.5,77.1,44.5,0.5972,0.5972,-0.033,2671.08,45.0,False,0.02
2026-01-06 23:00:00,2026-01-06,23,Tuesday,False,Airport_Corridor,Fog,0.274,60.0,1.0,60.0,42.1,75.3,26.3,0.6259,0.6259,-0.441,1580.76,45.0,False,0.02
2026-01-07 00:00:00,2026-01-07,0,Wednesday,False,Airport_Corridor,Rain,0.21,60.0,1.0,60.0,41.8,42.3,26.5,0.6337,0.6337,-0.01,1590.68,45.0,False,0.02
2026-01-07 01:00:00,2026-01-07,1,Wednesday,False,Airport_Corridor,Rain,0.232,60.0,1.0,60.0,33.1,44.3,21.7,0.6547,0.6547,-0.252,1301.9,45.0,False,0.02
2026-01-07 02:00:00,2026-01-07,2,Wednesday,False,Airport_Corridor,Rain,0.207,60.0,1.0,60.0,36.1,50.5,22.6,0.6248,0.6248,-0.284,1353.95,45.0,False,0.02
2026-01-07 03:00:00,2026-01-07,3,Wednesday,False,Airport_Corridor,Rain,0.224,60.0,1.0,60.0,37.3,56.5,24.2,0.6474,0.6474,-0.34,1449.06,45.0,False,0.02
2026-01-07 04:00:00,2026-01-07,4,Wednesday,False,Airport_Corridor,Rain,0.241,60.0,1.0,60.0,42.5,63.1,27.3,0.6425,0.6425,-0.327,1638.6,45.0,False,0.02
2026-01-07 05:00:00,2026-01-07,5,Wednesday,False,Airport_Corridor,Rain,0.203,60.0,1.0,60.0,47.2,58.4,29.5,0.6249,0.6249,-0.192,1768.58,45.0,False,0.02
2026-01-07 06:00:00,2026-01-07,6,Wednesday,False,Airport_Corridor,Rain,0.306,60.0,1.13,67.81,89.5,73.5,50.7,0.5671,0.5671,0.217,3440.25,50.86,False,0.02
2026-01-07 07:00:00,2026-01-07,7,Wednesday,False,Airport_Corridor,Rain,0.432,60.0,1.694,101.67,156.0,72.3,56.3,0.3609,0.3609,1.157,5722.46,76.25,False,0.0397
2026-01-07 08:00:00,2026-01-07,8,Wednesday,False,Airport_Corridor,Rain,0.534,60.0,1.965,117.91,222.5,85.3,71.9,0.323,0.323,1.609,8474.46,88.43,False,0.0533
2026-01-07 09:00:00,2026-01-07,9,Wednesday,False,Airport_Corridor,Rain,0.479,60.0,2.021,121.25,204.0,75.5,61.0,0.2987,0.2987,1.701,7390.82,90.94,False,0.056
2026-01-07 10:00:00,2026-01-07,10,Wednesday,False,Airport_Corridor,Rain,0.423,60.0,1.518,91.05,151.2,81.2,61.1,0.4044,0.4044,0.863,5566.6,68.29,False,0.0309
2026-01-07 11:00:00,2026-01-07,11,Wednesday,False,Airport_Corridor,Rain,0.298,60.0,1.006,60.37,77.4,76.6,49.0,0.6335,0.6335,0.01,2959.95,45.28,False,0.02
2026-01-07 12:00:00,2026-01-07,12,Wednesday,False,Airport_Corridor,Rain,0.309,60.0,1.0,60.0,46.9,76.4,29.1,0.6195,0.6195,-0.385,1744.74,45.0,False,0.02
2026-01-07 13:00:00,2026-01-07,13,Wednesday,False,Airport_Corridor,Rain,0.237,60.0,1.0,60.0,44.6,75.1,28.4,0.6366,0.6366,-0.407,1702.12,45.0,False,0.02
2026-01-07 14:00:00,2026-01-07,14,Wednesday,False,Airport_Corridor,Rain,0.233,60.0,1.0,60.0,46.2,76.7,29.6,0.6411,0.6411,-0.398,1775.56,45.0,False,0.02
2026-01-07 15:00:00,2026-01-07,15,Wednesday,False,Airport_Corridor,Rain,0.333,60.0,1.0,60.0,70.1,78.8,44.6,0.6366,0.6366,-0.111,2676.7,45.0,False,0.02
2026-01-07 16:00:00,2026-01-07,16,Wednesday,False,Airport_Corridor,Rain,0.368,60.0,1.222,73.32,117.4,85.7,59.5,0.5068,0.5068,0.37,4361.31,54.99,False,0.02
2026-01-07 17:00:00,2026-01-07,17,Wednesday,False,Airport_Corridor,Rain,0.486,60.0,1.836,110.16,210.6,88.0,71.1,0.3377,0.3377,1.393,7832.98,82.62,False,0.0468
2026-01-07 18:00:00,2026-01-07,18,Wednesday,False,Airport_Corridor,Rain,0.588,60.0,2.217,133.01,263.6,87.0,75.8,0.2877,0.2877,2.028,10085.07,99.76,False,0.0658
2026-01-07 19:00:00,2026-01-07,19,Wednesday,False,Airport_Corridor,Rain,0.652,60.0,2.425,145.53,269.2,79.8,71.7,0.2663,0.2663,2.376,10434.99,109.15,False,0.0763
2026-01-07 20:00:00,2026-01-07,20,Wednesday,False,Airport_Corridor,Rain,0.434,60.0,1.648,98.86,179.3,86.2,65.2,0.3638,0.3638,1.08,6449.09,74.14,False,0.0374
2026-01-07 21:00:00,2026-01-07,21,Wednesday,False,Airport_Corridor,Rain,0.348,60.0,1.293,77.55,114.7,77.1,54.4,0.4745,0.4745,0.488,4220.47,58.16,False,0.02
2026-01-07 22:00:00,2026-01-07,22,Wednesday,False,Airport_Corridor,Rain,0.25,60.0,1.0,60.0,70.9,72.7,43.9,0.6185,0.6185,-0.025,2632.94,45.0,False,0.02
2026-01-07 23:00:00,2026-01-07,23,Wednesday,False,Airport_Corridor,Rain,0.228,60.0,1.0,60.0,42.8,63.3,27.4,0.6404,0.6404,-0.324,1644.68,45.0,False,0.02
2026-01-08 00:00:00,2026-01-08,0,Thursday,False,Airport_Corridor,Rain,0.257,60.0,1.0,60.0,36.6,44.5,23.5,0.641,0.641,-0.177,1407.7,45.0,False,0.02
2026-01-08 01:00:00,2026-01-08,1,Thursday,False,Airport_Corridor,Rain,0.247,60.0,1.0,60.0,32.2,46.8,20.7,0.6433,0.6433,-0.313,1241.54,45.0,False,0.02
2026-01-08 02:00:00,2026-01-08,2,Thursday,False,Airport_Corridor,Rain,0.157,60.0,1.0,60.0,28.4,55.7,18.0,0.6352,0.6352,-0.491,1082.29,45.0,False,0.02
2026-01-08 03:00:00,2026-01-08,3,Thursday,False,Airport_Corridor,Rain,0.181,60.0,1.0,60.0,34.2,50.4,20.6,0.6027,0.6027,-0.32,1237.77,45.0,False,0.02
2026-01-08 04:00:00,2026-01-08,4,Thursday,False,Airport_Corridor,Rain,0.245,60.0,1.0,60.0,35.2,59.9,22.6,0.6401,0.6401,-0.412,1353.18,45.0,False,0.02
2026-01-08 05:00:00,2026-01-08,5,Thursday,False,Airport_Corridor,Rain,0.241,60.0,1.0,60.0,50.1,67.9,32.4,0.6464,0.6464,-0.262,1943.67,45.0,False,0.02
2026-01-08 06:00:00,2026-01-08,6,Thursday,False,Airport_Corridor,Rain,0.289,60.0,1.167,70.02,90.2,70.5,47.0,0.5217,0.5217,0.278,3294.0,52.52,False,0.02
2026-01-08 07:00:00,2026-01-08,7,Thursday,False,Airport_Corridor,Rain,0.396,60.0,1.603,96.17,137.3,68.5,53.0,0.3863,0.3863,1.005,5101.23,72.13,False,0.0351
2026-01-08 08:00:00,2026-01-08,8,Thursday,False,Airport_Corridor,Rain,0.481,60.0,1.723,103.36,184.0,83.5,66.4,0.3608,0.3608,1.204,6859.3,77.52,False,0.0411
2026-01-08 09:00:00,2026-01-08,9,Thursday,False,Airport_Corridor,Rain,0.554,60.0,1.994,119.65,223.9,84.3,70.1,0.313,0.313,1.657,8385.01,89.74,False,0.0547
2026-01-08 10:00:00,2026-01-08,10,Thursday,False,Airport_Corridor,Rain,0.396,60.0,1.613,96.8,154.7,76.5,59.1,0.3823,0.3823,1.022,5724.5,72.6,False,0.0357
2026-01-08 11:00:00,2026-01-08,11,Thursday,False,Airport_Corridor,Rain,0.311,60.0,1.06,63.58,88.7,80.7,52.5,0.5922,0.5922,0.099,3340.24,47.69,False,0.02
2026-01-08 12:00:00,2026-01-08,12,Thursday,False,Airport_Corridor,Rain,0.255,60.0,1.0,60.0,50.1,74.7,32.0,0.639,0.639,-0.33,1919.41,45.0,False,0.02
2026-01-08 13:00:00,2026-01-08,13,Thursday,False,Airport_Corridor,Rain,0.227,60.0,1.0,60.0,40.4,72.6,25.6,0.632,0.632,-0.443,1533.48,45.0,False,0.02
2026-01-08 14:00:00,2026-01-08,14,Thursday,False,Airport_Corridor,Rain,0.249,60.0,1.0,60.0,46.6,65.6,29.5,0.6342,0.6342,-0.291,1771.93,45.0,False,0.02
2026-01-08 15:00:00,2026-01-08,15,Thursday,False,Airport_Corridor,Rain,0.271,60.0,1.0,60.0,59.1,65.4,36.3,0.6148,0.6148,-0.097,2179.48,45.0,False,0.02
2026-01-08 16:00:00,2026-01-08,16,Thursday,False,Airport_Corridor,Rain,0.329,60.0,1.17,70.19,102.8,80.1,56.0,0.5445,0.5445,0.283,3927.65,52.64,False,0.02
2026-01-08 17:00:00,2026-01-08,17,Thursday,False,Airport_Corridor,Rain,0.504,60.0,1.821,109.25,195.9,82.7,68.4,0.3493,0.3493,1.368,7474.59,81.94,False,0.046
2026-01-08 18:00:00,2026-01-08,18,Thursday,False,Airport_Corridor,Rain,0.573,60.0,2.041,122.47,246.7,90.2,76.3,0.3094,0.3094,1.735,9348.05,91.85,False,0.0571
2026-01-08 19:00:00,2026-01-08,19,Thursday,False,Airport_Corridor,Rain,0.62,60.0,2.361,141.66,263.3,80.6,71.1,0.2702,0.2702,2.268,10077.42,106.25,False,0.073
2026-01-08 20:00:00,2026-01-08,20,Thursday,False,Airport_Corridor,Rain,0.465,60.0,1.716,102.95,193.5,88.2,69.3,0.3582,0.3582,1.193,7134.41,77.21,False,0.0408
2026-01-08 21:00:00,2026-01-08,21,Thursday,False,Airport_Corridor,Rain,0.363,60.0,1.382,82.92,124.8,76.2,57.5,0.4605,0.4605,0.637,4764.22,62.19,False,0.0241
2026-01-08 22:00:00,2026-01-08,22,Thursday,False,Airport_Corridor,Rain,0.245,60.0,1.0,60.0,67.8,72.4,44.1,0.6512,0.6512,-0.064,2648.1,45.0,False,0.02
2026-01-08 23:00:00,2026-01-08,23,Thursday,False,Airport_Corridor,Rain,0.246,60.0,1.0,60.0,47.6,67.8,30.7,0.6457,0.6457,-0.298,1843.78,45.0,False,0.02
2026-01-09 00:00:00,2026-01-09,0,Friday,False,Airport_Corridor,Clear,0.035,60.0,1.0,60.0,29.8,44.0,19.6,0.657,0.657,-0.323,1174.48,45.0,False,0.02
2026-01-09 01:00:00,2026-01-09,1,Friday,False,Airport_Corridor,Clear,0.069,60.0,1.0,60.0,28.1,46.1,18.7,0.6636,0.6636,-0.389,1119.93,45.0,False,0.02
2026-01-09 02:00:00,2026-01-09,2,Friday,False,Airport_Corridor,Clear,0.018,60.0,1.0,60.0,32.9,45.0,21.8,0.6647,0.6647,-0.27,1310.36,45.0,False,0.02
2026-01-09 03:00:00,2026-01-09,3,Friday,False,Airport_Corridor,Clear,0.067,60.0,1.0,60.0,36.1,48.3,23.9,0.6624,0.6624,-0.253,1432.96,45.0,False,0.02
2026-01-09 04:00:00,2026-01-09,4,Friday,False,Airport_Corridor,Clear,0.003,60.0,1.0,60.0,41.6,56.7,28.4,0.6838,0.6838,-0.267,1704.79,45.0,False,0.02
2026-01-09 05:00:00,2026-01-09,5,Friday,False,Airport_Corridor,Clear,0.076,60.0,1.0,60.0,44.0,66.3,29.2,0.6633,0.6633,-0.337,1750.04,45.0,False,0.02
2026-01-09 06:00:00,2026-01-09,6,Friday,False,Airport_Corridor,Clear,0.125,60.0,1.093,65.59,79.8,69.1,48.4,0.6069,0.6069,0.155,3176.44,49.19,False,0.02
2026-01-09 07:00:00,2026-01-09,7,Friday,False,Airport_Corridor,Clear,0.256,60.0,1.538,92.25,137.6,72.6,58.3,0.4234,0.4234,0.896,5374.84,69.19,False,0.0319
2026-01-09 08:00:00,2026-01-09,8,Friday,False,Airport_Corridor,Clear,0.368,60.0,1.573,94.4,166.5,85.2,69.3,0.4162,0.4162,0.956,6542.84,70.8,False,0.0337
2026-01-09 09:00:00,2026-01-09,9,Friday,False,Airport_Corridor,Clear,0.367,60.0,1.611,96.67,172.2,85.3,70.5,0.4096,0.4096,1.019,6817.08,72.5,False,0.0356
2026-01-09 10:00:00,2026-01-09,10,Friday,False,Airport_Corridor,Clear,0.259,60.0,1.605,96.28,156.1,77.7,64.4,0.4129,0.4129,1.008,6204.68,72.21,False,0.0352
2026-01-09 11:00:00,2026-01-09,11,Friday,False,Airport_Corridor,Clear,0.114,60.0,1.0,60.0,72.4,81.3,49.2,0.679,0.679,-0.11,2950.14,45.0,False,0.02
2026-01-09 12:00:00,2026-01-09,12,Friday,False,Airport_Corridor,Clear,0.045,60.0,1.0,60.0,38.5,90.8,26.0,0.6755,0.6755,-0.576,1560.55,45.0,False,0.02
2026-01-09 13:00:00,2026-01-09,13,Friday,False,Airport_Corridor,Clear,0.025,60.0,1.0,60.0,34.4,84.9,22.7,0.6602,0.6602,-0.595,1362.1,45.0,False,0.02
2026-01-09 14:00:00,2026-01-09,14,Friday,False,Airport_Corridor,Clear,0.061,60.0,1.0,60.0,40.0,86.8,26.3,0.6583,0.6583,-0.539,1580.84,45.0,False,0.02
2026-01-09 15:00:00,2026-01-09,15,Friday,False,Airport_Corridor,Clear,0.124,60.0,1.0,60.0,56.4,80.7,38.0,0.6735,0.6735,-0.302,2277.75,45.0,False,0.02
2026-01-09 16:00:00,2026-01-09,16,Friday,False,Airport_Corridor,Clear,0.189,60.0,1.113,66.76,95.8,80.6,57.4,0.5998,0.5998,0.188,3834.08,50.07,False,0.02
2026-01-09 17:00:00,2026-01-09,17,Friday,False,Airport_Corridor,Clear,0.353,60.0,1.62,97.2,152.3,74.9,62.2,0.4086,0.4086,1.033,6048.32,72.9,False,0.036
2026-01-09 18:00:00,2026-01-09,18,Friday,False,Airport_Corridor,Clear,0.476,60.0,2.041,122.45,230.9,84.4,73.8,0.3197,0.3197,1.735,9037.02,91.84,False,0.057
2026-01-09 19:00:00,2026-01-09,19,Friday,False,Airport_Corridor,Clear,0.42,60.0,2.241,134.48,260.5,84.9,78.6,0.3016,0.3016,2.069,10566.89,100.86,False,0.0671
2026-01-09 20:00:00,2026-01-09,20,Friday,False,Airport_Corridor,Clear,0.318,60.0,1.683,100.98,187.8,87.8,73.7,0.3924,0.3924,1.138,7442.29,75.73,False,0.0391
2026-01-09 21:00:00,2026-01-09,21,Friday,False,Airport_Corridor,Clear,0.183,60.0,1.185,71.09,104.2,79.7,59.2,0.5681,0.5681,0.308,4208.27,53.32,False,0.02
2026-01-09 22:00:00,2026-01-09,22,Friday,False,Airport_Corridor,Clear,0.114,60.0,1.009,60.55,65.8,64.8,43.9,0.6676,0.6676,0.015,2659.87,45.41,False,0.02
2026-01-09 23:00:00,2026-01-09,23,Friday,False,Airport_Corridor,Clear,0.081,60.0,1.0,60.0,45.3,71.1,30.3,0.6677,0.6677,-0.362,1816.07,45.0,False,0.02
2026-01-10 00:00:00,2026-01-10,0,Saturday,True,Airport_Corridor,Clear,0.062,60.0,1.0,60.0,45.5,46.1,30.7,0.6756,0.6756,-0.014,1843.18,45.0,False,0.02
2026-01-10 01:00:00,2026-01-10,1,Saturday,True,Airport_Corridor,Clear,0.059,60.0,1.0,60.0,40.3,52.1,26.8,0.6643,0.6643,-0.227,1605.51,45.0,False,0.02
2026-01-10 02:00:00,2026-01-10,2,Saturday,True,Airport_Corridor,Clear,0.087,60.0,1.0,60.0,43.9,52.5,30.2,0.6878,0.6878,-0.164,1810.31,45.0,False,0.02
2026-01-10 03:00:00,2026-01-10,3,Saturday,True,Airport_Corridor,Clear,0.09,60.0,1.0,60.0,39.0,49.6,25.8,0.6616,0.6616,-0.213,1547.99,45.0,False,0.02
2026-01-10 04:00:00,2026-01-10,4,Saturday,True,Airport_Corridor,Clear,0.075,60.0,1.0,60.0,37.8,47.4,25.7,0.6804,0.6804,-0.201,1543.55,45.0,False,0.02
2026-01-10 05:00:00,2026-01-10,5,Saturday,True,Airport_Corridor,Clear,0.094,60.0,1.0,60.0,50.6,55.7,33.6,0.6633,0.6633,-0.091,2015.82,45.0,False,0.02
2026-01-10 06:00:00,2026-01-10,6,Saturday,True,Airport_Corridor,Clear,0.081,60.0,1.0,60.0,42.6,53.4,27.8,0.6538,0.6538,-0.203,1670.44,45.0,False,0.02
2026-01-10 07:00:00,2026-01-10,7,Saturday,True,Airport_Corridor,Clear,0.135,60.0,1.0,60.0,50.6,53.8,33.5,0.6624,0.6624,-0.06,2011.59,45.0,False,0.02
2026-01-10 08:00:00,2026-01-10,8,Saturday,True,Airport_Corridor,Clear,0.089,60.0,1.054,63.22,70.1,64.4,43.4,0.6189,0.6189,0.09,2743.6,47.41,False,0.02
2026-01-10 09:00:00,2026-01-10,9,Saturday,True,Airport_Corridor,Clear,0.133,60.0,1.139,68.34,88.5,71.9,50.7,0.5732,0.5732,0.232,3466.79,51.26,False,0.02
2026-01-10 10:00:00,2026-01-10,10,Saturday,True,Airport_Corridor,Clear,0.205,60.0,1.331,79.85,112.0,72.2,55.6,0.4961,0.4961,0.551,4438.74,59.89,False,0.0215
2026-01-10 11:00:00,2026-01-10,11,Saturday,True,Airport_Corridor,Clear,0.325,60.0,1.597,95.84,155.9,78.1,63.6,0.408,0.408,0.995,6096.54,71.88,False,0.0349
2026-01-10 12:00:00,2026-01-10,12,Saturday,True,Airport_Corridor,Clear,0.315,60.0,1.644,98.64,159.8,77.1,63.9,0.3999,0.3999,1.073,6304.89,73.98,False,0.0372
2026-01-10 13:00:00,2026-01-10,13,Saturday,True,Airport_Corridor,Clear,0.343,60.0,1.799,107.97,181.9,78.0,63.2,0.3473,0.3473,1.332,6820.79,80.98,False,0.045
2026-01-10 14:00:00,2026-01-10,14,Saturday,True,Airport_Corridor,Clear,0.311,60.0,1.683,100.99,186.8,87.4,73.5,0.3932,0.3932,1.139,7418.75,75.74,False,0.0392
2026-01-10 15:00:00,2026-01-10,15,Saturday,True,Airport_Corridor,Clear,0.307,60.0,1.522,91.32,167.4,89.5,71.4,0.4264,0.4264,0.87,6517.27,68.49,False,0.0311
2026-01-10 16:00:00,2026-01-10,16,Saturday,True,Airport_Corridor,Clear,0.24,60.0,1.691,101.48,157.0,72.9,61.9,0.3944,0.3944,1.152,6282.52,76.11,False,0.0396
2026-01-10 17:00:00,2026-01-10,17,Saturday,True,Airport_Corridor,Clear,0.198,60.0,1.344,80.66,138.8,88.2,67.4,0.4852,0.4852,0.574,5432.66,60.49,False,0.0222
2026-01-10 18:00:00,2026-01-10,18,Saturday,True,Airport_Corridor,Clear,0.203,60.0,1.182,70.91,101.5,77.9,57.1,0.563,0.563,0.303,4051.02,53.18,False,0.02
2026-01-10 19:00:00,2026-01-10,19,Saturday,True,Airport_Corridor,Clear,0.168,60.0,1.365,81.88,114.2,71.0,54.1,0.4739,0.4739,0.608,4430.69,61.41,False,0.0232
2026-01-10 20:00:00,2026-01-10,20,Saturday,True,Airport_Corridor,Clear,0.226,60.0,1.618,97.11,139.7,68.8,58.4,0.4182,0.4182,1.031,5673.9,72.83,False,0.0359
2026-01-10 21:00:00,2026-01-10,21,Saturday,True,Airport_Corridor,Clear,0.341,60.0,2.196,131.77,195.2,65.2,60.5,0.3102,0.3102,1.994,7978.46,98.83,False,0.0648
2026-01-10 22:00:00,2026-01-10,22,Saturday,True,Airport_Corridor,Clear,0.388,60.0,2.308,138.47,195.7,61.5,58.4,0.2985,0.2985,2.18,8089.59,103.85,False,0.0704
2026-01-10 23:00:00,2026-01-10,23,Saturday,True,Airport_Corridor,Clear,0.347,60.0,2.199,131.97,184.9,61.7,55.9,0.3024,0.3024,1.999,7379.11,98.98,False,0.065
2026-01-11 00:00:00,2026-01-11,0,Sunday,True,Airport_Corridor,Clear,0.059,60.0,1.007,60.41,45.6,45.1,30.3,0.6653,0.6653,0.011,1831.69,45.31,False,0.02
2026-01-11 01:00:00,2026-01-11,1,Sunday,True,Airport_Corridor,Clear,0.123,60.0,1.0,60.0,43.7,48.4,29.0,0.6647,0.6647,-0.098,1741.93,45.0,False,0.02
2026-01-11 02:00:00,2026-01-11,2,Sunday,True,Airport_Corridor,Clear,0.047,60.0,1.0,60.0,36.5,51.0,24.0,0.6572,0.6572,-0.285,1438.77,45.0,False,0.02
2026-01-11 03:00:00,2026-01-11,3,Sunday,True,Airport_Corridor,Clear,0.09,60.0,1.0,60.0,39.6,51.0,26.2,0.6619,0.6619,-0.225,1570.76,45.0,False,0.02
2026-01-11 04:00:00,2026-01-11,4,Sunday,True,Airport_Corridor,Clear,0.059,60.0,1.0,60.0,39.4,49.8,26.7,0.6768,0.6768,-0.209,1601.28,45.0,False,0.02
2026-01-11 05:00:00,2026-01-11,5,Sunday,True,Airport_Corridor,Clear,0.044,60.0,1.0,60.0,42.6,60.7,28.2,0.6624,0.6624,-0.299,1691.4,45.0,False,0.02
2026-01-11 06:00:00,2026-01-11,6,Sunday,True,Airport_Corridor,Clear,0.083,60.0,1.0,60.0,45.1,59.8,30.8,0.6826,0.6826,-0.246,1847.54,45.0,False,0.02
2026-01-11 07:00:00,2026-01-11,7,Sunday,True,Airport_Corridor,Clear,0.127,60.0,1.0,60.0,61.2,63.4,42.2,0.6899,0.6899,-0.036,2531.13,45.0,False,0.02
2026-01-11 08:00:00,2026-01-11,8,Sunday,True,Airport_Corridor,Clear,0.15,60.0,1.016,60.96,71.1,69.3,46.4,0.6525,0.6525,0.027,2829.94,45.72,False,0.02
2026-01-11 09:00:00,2026-01-11,9,Sunday,True,Airport_Corridor,Clear,0.177,60.0,1.157,69.44,85.8,67.9,48.8,0.5688,0.5688,0.262,3386.75,52.08,False,0.02
2026-01-11 10:00:00,2026-01-11,10,Sunday,True,Airport_Corridor,Clear,0.215,60.0,1.546,92.79,131.1,68.6,55.8,0.4256,0.4256,0.911,5177.01,69.59,False,0.0323
2026-01-11 11:00:00,2026-01-11,11,Sunday,True,Airport_Corridor,Clear,0.33,60.0,1.593,95.61,143.0,71.9,59.2,0.4144,0.4144,0.989,5664.59,71.71,False,0.0347
2026-01-11 12:00:00,2026-01-11,12,Sunday,True,Airport_Corridor,Clear,0.288,60.0,1.697,101.83,150.9,69.8,58.3,0.3864,0.3864,1.162,5936.64,76.37,False,0.0399
2026-01-11 13:00:00,2026-01-11,13,Sunday,True,Airport_Corridor,Clear,0.357,60.0,1.89,113.38,191.1,77.0,68.5,0.3588,0.3588,1.483,7771.14,85.03,False,0.0495
2026-01-11 14:00:00,2026-01-11,14,Sunday,True,Airport_Corridor,Clear,0.351,60.0,1.512,90.71,164.1,88.6,72.5,0.4416,0.4416,0.853,6575.11,68.03,False,0.0306
2026-01-11 15:00:00,2026-01-11,15,Sunday,True,Airport_Corridor,Clear,0.306,60.0,1.586,95.14,162.4,82.2,68.1,0.4195,0.4195,0.976,6482.23,71.36,False,0.0343
2026-01-11 16:00:00,2026-01-11,16,Sunday,True,Airport_Corridor,Clear,0.278,60.0,1.398,83.85,134.3,80.8,63.1,0.4697,0.4697,0.663,5291.45,62.89,False,0.0249
2026-01-11 17:00:00,2026-01-11,17,Sunday,True,Airport_Corridor,Clear,0.282,60.0,1.342,80.53,128.6,81.9,61.6,0.4793,0.4793,0.57,4963.88,60.4,False,0.0221
2026-01-11 18:00:00,2026-01-11,18,Sunday,True,Airport_Corridor,Clear,0.248,60.0,1.101,66.04,93.5,80.0,56.1,0.6003,0.6003,0.168,3705.47,49.53,False,0.02
2026-01-11 19:00:00,2026-01-11,19,Sunday,True,Airport_Corridor,Clear,0.24,60.0,1.267,76.04,112.5,77.8,58.5,0.5197,0.5197,0.445,4444.81,57.03,False,0.02
2026-01-11 20:00:00,2026-01-11,20,Sunday,True,Airport_Corridor,Clear,0.268,60.0,1.558,93.5,133.3,69.1,55.6,0.4168,0.4168,0.931,5195.82,70.12,False,0.0329
2026-01-11 21:00:00,2026-01-11,21,Sunday,True,Airport_Corridor,Clear,0.343,60.0,2.083,124.97,169.1,60.3,54.1,0.3199,0.3199,1.805,6759.25,93.73,False,0.0591
2026-01-11 22:00:00,2026-01-11,22,Sunday,True,Airport_Corridor,Clear,0.354,60.0,2.401,144.04,196.2,58.8,55.8,0.2846,0.2846,2.334,8041.26,108.03,False,0.075
2026-01-11 23:00:00,2026-01-11,23,Sunday,True,Airport_Corridor,Clear,0.351,60.0,3.0,180.0,233.3,52.0,53.7,0.2302,0.2302,3.486,9667.8,135.0,False,0.105
2026-01-12 00:00:00,2026-01-12,0,Monday,False,Airport_Corridor,Heavy_Rain,0.369,60.0,1.0,60.0,34.2,46.3,19.4,0.568,0.568,-0.261,1166.01,45.0,False,0.02
2026-01-12 01:00:00,2026-01-12,1,Monday,False,Airport_Corridor,Heavy_Rain,0.378,60.0,1.0,60.0,36.9,51.7,21.0,0.571,0.571,-0.287,1262.73,45.0,False,0.02
2026-01-12 02:00:00,2026-01-12,2,Monday,False,Airport_Corridor,Heavy_Rain,0.328,60.0,1.0,60.0,34.0,48.8,19.5,0.5733,0.5733,-0.303,1170.18,45.0,False,0.02
2026-01-12 03:00:00,2026-01-12,3,Monday,False,Airport_Corridor,Heavy_Rain,0.375,60.0,1.0,60.0,31.4,52.8,17.7,0.5631,0.5631,-0.406,1059.94,45.0,False,0.02
2026-01-12 04:00:00,2026-01-12,4,Monday,False,Airport_Corridor,Heavy_Rain,0.42,60.0,1.0,60.0,35.8,50.7,20.7,0.5788,0.5788,-0.294,1241.85,45.0,False,0.02
2026-01-12 05:00:00,2026-01-12,5,Monday,False,Airport_Corridor,Heavy_Rain,0.374,60.0,1.0,60.0,45.7,70.7,25.6,0.5589,0.5589,-0.353,1533.72,45.0,False,0.02
2026-01-12 06:00:00,2026-01-12,6,Monday,False,Airport_Corridor,Heavy_Rain,0.488,60.0,1.205,72.31,87.1,64.9,40.0,0.4597,0.4597,0.342,2896.0,54.23,False,0.02
2026-01-12 07:00:00,2026-01-12,7,Monday,False,Airport_Corridor,Heavy_Rain,0.56,60.0,1.43,85.78,128.8,75.0,49.6,0.3848,0.3848,0.716,4251.06,64.34,False,0.0265
2026-01-12 08:00:00,2026-01-12,8,Monday,False,Airport_Corridor,Heavy_Rain,0.628,60.0,2.106,126.34,221.8,78.0,60.1,0.2708,0.2708,1.843,7587.52,94.75,False,0.0603
2026-01-12 09:00:00,2026-01-12,9,Monday,False,Airport_Corridor,Heavy_Rain,0.646,60.0,1.828,109.65,200.7,84.4,61.5,0.3065,0.3065,1.379,6745.48,82.24,False,0.0464
2026-01-12 10:00:00,2026-01-12,10,Monday,False,Airport_Corridor,Heavy_Rain,0.588,60.0,1.571,94.24,171.2,87.7,60.9,0.356,0.356,0.951,5743.17,70.68,False,0.0335
2026-01-12 11:00:00,2026-01-12,11,Monday,False,Airport_Corridor,Heavy_Rain,0.483,60.0,1.156,69.37,91.5,72.6,45.2,0.494,0.494,0.26,3135.95,52.03,False,0.02
2026-01-12 12:00:00,2026-01-12,12,Monday,False,Airport_Corridor,Heavy_Rain,0.38,60.0,1.0,60.0,43.5,80.7,24.5,0.5622,0.5622,-0.46,1468.71,45.0,False,0.02
2026-01-12 13:00:00,2026-01-12,13,Monday,False,Airport_Corridor,Heavy_Rain,0.373,60.0,1.0,60.0,36.8,76.9,21.0,0.5694,0.5694,-0.521,1258.26,45.0,False,0.02
2026-01-12 14:00:00,2026-01-12,14,Monday,False,Airport_Corridor,Heavy_Rain,0.343,60.0,1.0,60.0,34.6,82.0,20.0,0.5777,0.5777,-0.578,1200.3,45.0,False,0.02
2026-01-12 15:00:00,2026-01-12,15,Monday,False,Airport_Corridor,Heavy_Rain,0.442,60.0,1.0,60.0,67.0,77.6,38.6,0.5767,0.5767,-0.137,2317.14,45.0,False,0.02
2026-01-12 16:00:00,2026-01-12,16,Monday,False,Airport_Corridor,Heavy_Rain,0.501,60.0,1.336,80.16,129.6,83.1,56.4,0.4354,0.4354,0.56,4524.38,60.12,False,0.0218
2026-01-12 17:00:00,2026-01-12,17,Monday,False,Airport_Corridor,Heavy_Rain,0.68,60.0,1.506,90.35,174.8,94.8,63.4,0.3627,0.3627,0.843,5727.11,67.76,False,0.0303
2026-01-12 18:00:00,2026-01-12,18,Monday,False,Airport_Corridor,Heavy_Rain,0.737,60.0,1.915,114.92,221.2,87.6,65.2,0.2947,0.2947,1.526,7492.36,86.19,False,0.0508
2026-01-12 19:00:00,2026-01-12,19,Monday,False,Airport_Corridor,Heavy_Rain,0.796,60.0,1.827,109.63,222.4,93.5,66.3,0.2982,0.2982,1.379,7269.23,82.22,False,0.0464
2026-01-12 20:00:00,2026-01-12,20,Monday,False,Airport_Corridor,Heavy_Rain,0.616,60.0,1.76,105.63,179.0,78.9,55.5,0.3101,0.3101,1.267,5862.11,79.22,False,0.043
2026-01-12 21:00:00,2026-01-12,21,Monday,False,Airport_Corridor,Heavy_Rain,0.539,60.0,1.237,74.25,118.7,85.0,52.7,0.4445,0.4445,0.396,3916.26,55.69,False,0.02
2026-01-12 22:00:00,2026-01-12,22,Monday,False,Airport_Corridor,Heavy_Rain,0.427,60.0,1.0,60.0,61.4,78.0,34.6,0.5633,0.5633,-0.214,2073.71,45.0,False,0.02
2026-01-12 23:00:00,2026-01-12,23,Monday,False,Airport_Corridor,Heavy_Rain,0.375,60.0,1.0,60.0,40.8,65.3,23.1,0.5661,0.5661,-0.374,1387.32,45.0,False,0.02
2026-01-13 00:00:00,2026-01-13,0,Tuesday,False,Airport_Corridor,Clear,0.066,60.0,1.0,60.0,33.9,46.2,21.9,0.6469,0.6469,-0.265,1316.46,45.0,False,0.02
2026-01-13 01:00:00,2026-01-13,1,Tuesday,False,Airport_Corridor,Clear,0.038,60.0,1.0,60.0,29.6,49.5,20.4,0.6891,0.6891,-0.402,1224.53,45.0,False,0.02
2026-01-13 02:00:00,2026-01-13,2,Tuesday,False,Airport_Corridor,Clear,0.106,60.0,1.0,60.0,35.6,48.9,24.3,0.6822,0.6822,-0.273,1455.54,45.0,False,0.02
2026-01-13 03:00:00,2026-01-13,3,Tuesday,False,Airport_Corridor,Clear,0.055,60.0,1.0,60.0,30.4,45.8,20.0,0.6579,0.6579,-0.337,1198.5,45.0,False,0.02
2026-01-13 04:00:00,2026-01-13,4,Tuesday,False,Airport_Corridor,Clear,0.077,60.0,1.0,60.0,30.7,60.9,20.6,0.6688,0.6688,-0.495,1233.54,45.0,False,0.02
2026-01-13 05:00:00,2026-01-13,5,Tuesday,False,Airport_Corridor,Clear,0.052,60.0,1.0,60.0,50.0,64.0,33.5,0.6715,0.6715,-0.22,2012.77,45.0,False,0.02
2026-01-13 06:00:00,2026-01-13,6,Tuesday,False,Airport_Corridor,Clear,0.106,60.0,1.141,68.44,88.2,71.5,51.6,0.5849,0.5849,0.234,3531.87,51.33,False,0.02
2026-01-13 07:00:00,2026-01-13,7,Tuesday,False,Airport_Corridor,Clear,0.297,60.0,1.615,96.91,135.3,66.8,54.2,0.4005,0.4005,1.025,5250.71,72.68,False,0.0358
2026-01-13 08:00:00,2026-01-13,8,Tuesday,False,Airport_Corridor,Clear,0.338,60.0,1.9,114.0,185.1,74.0,63.3,0.3418,0.3418,1.5,7211.76,85.5,False,0.05
2026-01-13 09:00:00,2026-01-13,9,Tuesday,False,Airport_Corridor,Clear,0.392,60.0,1.673,100.35,192.1,90.6,76.1,0.3962,0.3962,1.121,7637.44,75.26,False,0.0386
2026-01-13 10:00:00,2026-01-13,10,Tuesday,False,Airport_Corridor,Clear,0.25,60.0,1.499,89.97,137.2,74.9,59.2,0.4314,0.4314,0.832,5325.9,67.48,False,0.03
2026-01-13 11:00:00,2026-01-13,11,Tuesday,False,Airport_Corridor,Clear,0.104,60.0,1.153,69.16,97.0,77.3,55.1,0.5678,0.5678,0.254,3810.05,51.87,False,0.02
2026-01-13 12:00:00,2026-01-13,12,Tuesday,False,Airport_Corridor,Clear,0.077,60.0,1.0,60.0,47.4,77.4,32.3,0.6804,0.6804,-0.388,1935.88,45.0,False,0.02
2026-01-13 13:00:00,2026-01-13,13,Tuesday,False,Airport_Corridor,Clear,0.068,60.0,1.0,60.0,37.4,75.8,25.3,0.6774,0.6774,-0.506,1520.01,45.0,False,0.02
2026-01-13 14:00:00,2026-01-13,14,Tuesday,False,Airport_Corridor,Clear,0.07,60.0,1.0,60.0,40.7,77.4,27.2,0.669,0.669,-0.474,1633.75,45.0,False,0.02
2026-01-13 15:00:00,2026-01-13,15,Tuesday,False,Airport_Corridor,Clear,0.141,60.0,1.0,60.0,71.8,76.0,47.6,0.6628,0.6628,-0.055,2854.0,45.0,False,0.02
2026-01-13 16:00:00,2026-01-13,16,Tuesday,False,Airport_Corridor,Clear,0.161,60.0,1.136,68.17,101.7,82.9,58.0,0.5707,0.5707,0.227,3957.06,51.13,False,0.02
2026-01-13 17:00:00,2026-01-13,17,Tuesday,False,Airport_Corridor,Clear,0.351,60.0,1.582,94.9,164.5,83.5,68.7,0.4177,0.4177,0.969,6521.27,71.18,False,0.0341
2026-01-13 18:00:00,2026-01-13,18,Tuesday,False,Airport_Corridor,Clear,0.372,60.0,2.221,133.26,250.0,82.4,74.6,0.2985,0.2985,2.035,9944.06,99.94,False,0.066
2026-01-13 19:00:00,2026-01-13,19,Tuesday,False,Airport_Corridor,Clear,0.504,60.0,2.081,124.85,233.0,83.2,73.2,0.3143,0.3143,1.801,9143.46,93.64,False,0.059
2026-01-13 20:00:00,2026-01-13,20,Tuesday,False,Airport_Corridor,Clear,0.339,60.0,1.646,98.77,162.9,78.4,65.0,0.3994,0.3994,1.077,6424.41,74.08,False,0.0373
2026-01-13 21:00:00,2026-01-13,21,Tuesday,False,Airport_Corridor,Clear,0.238,60.0,1.277,76.59,109.6,75.0,56.7,0.5174,0.5174,0.461,4342.74,57.44,False,0.02
2026-01-13 22:00:00,2026-01-13,22,Tuesday,False,Airport_Corridor,Clear,0.094,60.0,1.0,60.0,67.5,74.8,45.8,0.6784,0.6784,-0.098,2749.0,45.0,False,0.02
2026-01-13 23:00:00,2026-01-13,23,Tuesday,False,Airport_Corridor,Clear,0.085,60.0,1.0,60.0,38.6,65.7,25.8,0.6682,0.6682,-0.412,1547.83,45.0,False,0.02
2026-01-14 00:00:00,2026-01-14,0,Wednesday,False,Airport_Corridor,Rain,0.259,60.0,1.0,60.0,34.0,45.7,22.7,0.6667,0.6667,-0.257,1359.82,45.0,False,0.02
2026-01-14 01:00:00,2026-01-14,1,Wednesday,False,Airport_Corridor,Rain,0.156,60.0,1.0,60.0,33.8,48.1,22.2,0.6559,0.6559,-0.298,1329.31,45.0,False,0.02
2026-01-14 02:00:00,2026-01-14,2,Wednesday,False,Airport_Corridor,Rain,0.184,60.0,1.0,60.0,34.2,47.3,21.9,0.6384,0.6384,-0.277,1311.79,45.0,False,0.02
2026-01-14 03:00:00,2026-01-14,3,Wednesday,False,Airport_Corridor,Rain,0.183,60.0,1.0,60.0,27.8,48.2,17.4,0.626,0.626,-0.424,1044.12,45.0,False,0.02
2026-01-14 04:00:00,2026-01-14,4,Wednesday,False,Airport_Corridor,Rain,0.182,60.0,1.0,60.0,34.5,54.8,21.5,0.6219,0.6219,-0.37,1289.16,45.0,False,0.02
2026-01-14 05:00:00,2026-01-14,5,Wednesday,False,Airport_Corridor,Rain,0.258,60.0,1.0,60.0,47.7,62.0,30.5,0.6383,0.6383,-0.23,1828.14,45.0,False,0.02
2026-01-14 06:00:00,2026-01-14,6,Wednesday,False,Airport_Corridor,Rain,0.333,60.0,1.118,67.05,81.8,68.4,45.1,0.5509,0.5509,0.196,3022.77,50.29,False,0.02
2026-01-14 07:00:00,2026-01-14,7,Wednesday,False,Airport_Corridor,Rain,0.464,60.0,1.597,95.82,145.2,72.8,54.4,0.3743,0.3743,0.995,5208.4,71.86,False,0.0349
2026-01-14 08:00:00,2026-01-14,8,Wednesday,False,Airport_Corridor,Rain,0.496,60.0,2.037,122.19,206.8,75.8,62.1,0.3002,0.3002,1.728,7586.7,91.64,False,0.0568
2026-01-14 09:00:00,2026-01-14,9,Wednesday,False,Airport_Corridor,Rain,0.469,60.0,1.953,117.2,207.7,80.2,65.7,0.3163,0.3163,1.589,7699.1,87.9,False,0.0527
2026-01-14 10:00:00,2026-01-14,10,Wednesday,False,Airport_Corridor,Rain,0.439,60.0,1.61,96.62,160.4,79.5,62.3,0.3883,0.3883,1.017,6018.84,72.47,False,0.0355
2026-01-14 11:00:00,2026-01-14,11,Wednesday,False,Airport_Corridor,Rain,0.343,60.0,1.224,73.46,103.5,75.3,53.4,0.5159,0.5159,0.374,3921.36,55.09,False,0.02
2026-01-14 12:00:00,2026-01-14,12,Wednesday,False,Airport_Corridor,Rain,0.256,60.0,1.0,60.0,55.4,74.9,35.0,0.6318,0.6318,-0.26,2101.24,45.0,False,0.02
2026-01-14 13:00:00,2026-01-14,13,Wednesday,False,Airport_Corridor,Rain,0.188,60.0,1.0,60.0,38.3,81.1,24.9,0.6499,0.6499,-0.528,1492.75,45.0,False,0.02
2026-01-14 14:00:00,2026-01-14,14,Wednesday,False,Airport_Corridor,Rain,0.238,60.0,1.0,60.0,46.2,79.1,28.8,0.6236,0.6236,-0.417,1727.38,45.0,False,0.02
2026-01-14 15:00:00,2026-01-14,15,Wednesday,False,Airport_Corridor,Rain,0.235,60.0,1.0,60.0,75.2,86.7,47.8,0.636,0.636,-0.132,2869.52,45.0,False,0.02
2026-01-14 16:00:00,2026-01-14,16,Wednesday,False,Airport_Corridor,Rain,0.385,60.0,1.259,75.52,126.4,88.3,61.7,0.4882,0.4882,0.431,4659.17,56.64,False,0.02
2026-01-14 17:00:00,2026-01-14,17,Wednesday,False,Airport_Corridor,Rain,0.495,60.0,1.724,103.42,192.2,87.1,68.4,0.3562,0.3562,1.206,7078.86,77.56,False,0.0412
2026-01-14 18:00:00,2026-01-14,18,Wednesday,False,Airport_Corridor,Rain,0.565,60.0,2.451,147.06,257.9,75.4,64.9,0.2518,0.2518,2.418,9551.11,110.3,False,0.0776
2026-01-14 19:00:00,2026-01-14,19,Wednesday,False,Airport_Corridor,Rain,0.613,60.0,1.946,116.74,229.7,89.1,78.1,0.3399,0.3399,1.576,9113.88,87.55,False,0.0523
2026-01-14 20:00:00,2026-01-14,20,Wednesday,False,Airport_Corridor,Rain,0.505,60.0,1.782,106.89,174.1,75.6,61.6,0.3537,0.3537,1.303,6584.06,80.17,False,0.0441
2026-01-14 21:00:00,2026-01-14,21,Wednesday,False,Airport_Corridor,Rain,0.337,60.0,1.322,79.35,123.3,80.2,57.6,0.4669,0.4669,0.537,4568.85,59.51,False,0.0211
2026-01-14 22:00:00,2026-01-14,22,Wednesday,False,Airport_Corridor,Rain,0.275,60.0,1.0,60.0,70.1,71.9,45.7,0.6516,0.6516,-0.025,2741.07,45.0,False,0.02
2026-01-14 23:00:00,2026-01-14,23,Wednesday,False,Airport_Corridor,Rain,0.194,60.0,1.0,60.0,45.0,63.9,28.7,0.6366,0.6366,-0.295,1719.11,45.0,False,0.02
2026-01-15 00:00:00,2026-01-15,0,Thursday,False,Airport_Corridor,Clear,0.082,60.0,1.0,60.0,34.4,47.6,23.2,0.6744,0.6744,-0.277,1392.24,45.0,False,0.02
2026-01-15 01:00:00,2026-01-15,1,Thursday,False,Airport_Corridor,Clear,0.053,60.0,1.0,60.0,28.1,49.6,19.2,0.6841,0.6841,-0.433,1152.9,45.0,False,0.02
2026-01-15 02:00:00,2026-01-15,2,Thursday,False,Airport_Corridor,Clear,0.058,60.0,1.0,60.0,35.4,45.0,22.9,0.646,0.646,-0.213,1371.91,45.0,False,0.02
2026-01-15 03:00:00,2026-01-15,3,Thursday,False,Airport_Corridor,Clear,0.085,60.0,1.0,60.0,30.5,56.3,20.6,0.6742,0.6742,-0.457,1235.4,45.0,False,0.02
2026-01-15 04:00:00,2026-01-15,4,Thursday,False,Airport_Corridor,Clear,0.041,60.0,1.0,60.0,35.0,61.3,23.0,0.6565,0.6565,-0.428,1379.74,45.0,False,0.02
2026-01-15 05:00:00,2026-01-15,5,Thursday,False,Airport_Corridor,Clear,0.093,60.0,1.0,60.0,45.0,63.0,30.0,0.6661,0.6661,-0.286,1800.05,45.0,False,0.02
2026-01-15 06:00:00,2026-01-15,6,Thursday,False,Airport_Corridor,Clear,0.168,60.0,1.193,71.58,94.8,71.8,52.1,0.5491,0.5491,0.322,3727.58,53.69,False,0.02
2026-01-15 07:00:00,2026-01-15,7,Thursday,False,Airport_Corridor,Clear,0.262,60.0,1.589,95.31,151.4,76.4,61.8,0.4084,0.4084,0.981,5893.79,71.48,False,0.0344
2026-01-15 08:00:00,2026-01-15,8,Thursday,False,Airport_Corridor,Clear,0.37,60.0,1.674,100.45,170.3,80.2,67.4,0.3959,0.3959,1.124,6774.43,75.34,False,0.0387
2026-01-15 09:00:00,2026-01-15,9,Thursday,False,Airport_Corridor,Clear,0.373,60.0,1.716,102.96,171.5,78.2,65.1,0.3799,0.3799,1.193,6706.81,77.22,False,0.0408
2026-01-15 10:00:00,2026-01-15,10,Thursday,False,Airport_Corridor,Clear,0.225,60.0,1.472,88.3,134.1,75.1,59.4,0.4429,0.4429,0.786,5243.5,66.22,False,0.0286
2026-01-15 11:00:00,2026-01-15,11,Thursday,False,Airport_Corridor,Clear,0.171,60.0,1.037,62.24,89.0,83.8,58.3,0.6548,0.6548,0.062,3626.11,46.68,False,0.02
2026-01-15 12:00:00,2026-01-15,12,Thursday,False,Airport_Corridor,Clear,0.134,60.0,1.0,60.0,46.8,74.0,30.7,0.6545,0.6545,-0.367,1839.26,45.0,False,0.02
2026-01-15 13:00:00,2026-01-15,13,Thursday,False,Airport_Corridor,Clear,0.093,60.0,1.0,60.0,40.6,74.6,27.0,0.6647,0.6647,-0.457,1617.62,45.0,False,0.02
2026-01-15 14:00:00,2026-01-15,14,Thursday,False,Airport_Corridor,Clear,0.098,60.0,1.0,60.0,42.3,77.9,28.7,0.6802,0.6802,-0.458,1724.42,45.0,False,0.02
2026-01-15 15:00:00,2026-01-15,15,Thursday,False,Airport_Corridor,Clear,0.091,60.0,1.0,60.0,67.3,80.0,45.1,0.6707,0.6707,-0.159,2708.65,45.0,False,0.02
2026-01-15 16:00:00,2026-01-15,16,Thursday,False,Airport_Corridor,Clear,0.237,60.0,1.092,65.51,101.2,87.7,60.8,0.6014,0.6014,0.153,3985.39,49.13,False,0.02
2026-01-15 17:00:00,2026-01-15,17,Thursday,False,Airport_Corridor,Clear,0.299,60.0,1.453,87.17,153.0,87.2,68.7,0.4489,0.4489,0.755,5987.76,65.38,False,0.0276
2026-01-15 18:00:00,2026-01-15,18,Thursday,False,Airport_Corridor,Clear,0.45,60.0,1.936,116.16,229.8,89.8,77.5,0.3374,0.3374,1.56,9006.24,87.12,False,0.0518
2026-01-15 19:00:00,2026-01-15,19,Thursday,False,Airport_Corridor,Clear,0.356,60.0,1.791,107.45,209.6,90.4,79.4,0.3791,0.3791,1.318,8535.54,80.59,False,0.0445
2026-01-15 20:00:00,2026-01-15,20,Thursday,False,Airport_Corridor,Clear,0.262,60.0,1.523,91.39,168.7,90.1,74.9,0.4439,0.4439,0.872,6845.01,68.54,False,0.0312
2026-01-15 21:00:00,2026-01-15,21,Thursday,False,Airport_Corridor,Clear,0.165,60.0,1.23,73.82,110.0,79.5,60.0,0.5448,0.5448,0.384,4425.8,55.36,False,0.02
2026-01-15 22:00:00,2026-01-15,22,Thursday,False,Airport_Corridor,Clear,0.118,60.0,1.0,60.0,64.8,76.7,43.0,0.6643,0.6643,-0.155,2581.55,45.0,False,0.02
2026-01-15 23:00:00,2026-01-15,23,Thursday,False,Airport_Corridor,Clear,0.026,60.0,1.0,60.0,45.9,59.8,30.9,0.6738,0.6738,-0.232,1856.3,45.0,False,0.02
2026-01-16 00:00:00,2026-01-16,0,Friday,False,Airport_Corridor,Clear,0.019,60.0,1.0,60.0,32.6,45.0,21.6,0.6629,0.6629,-0.276,1295.59,45.0,False,0.02
2026-01-16 01:00:00,2026-01-16,1,Friday,False,Airport_Corridor,Clear,0.041,60.0,1.0,60.0,37.6,46.1,25.3,0.673,0.673,-0.183,1519.94,45.0,False,0.02
2026-01-16 02:00:00,2026-01-16,2,Friday,False,Airport_Corridor,Clear,0.009,60.0,1.0,60.0,32.5,48.9,21.3,0.6559,0.6559,-0.336,1277.09,45.0,False,0.02
2026-01-16 03:00:00,2026-01-16,3,Friday,False,Airport_Corridor,Clear,0.033,60.0,1.0,60.0,32.6,58.9,21.3,0.6538,0.6538,-0.446,1279.94,45.0,False,0.02
2026-01-16 04:00:00,2026-01-16,4,Friday,False,Airport_Corridor,Clear,0.056,60.0,1.0,60.0,33.8,58.6,23.2,0.6855,0.6855,-0.423,1390.07,45.0,False,0.02
2026-01-16 05:00:00,2026-01-16,5,Friday,False,Airport_Corridor,Clear,0.053,60.0,1.0,60.0,51.5,68.1,34.6,0.6725,0.6725,-0.244,2077.2,45.0,False,0.02
2026-01-16 06:00:00,2026-01-16,6,Friday,False,Airport_Corridor,Clear,0.145,60.0,1.0,60.0,68.5,71.0,46.7,0.6825,0.6825,-0.035,2804.03,45.0,False,0.02
2026-01-16 07:00:00,2026-01-16,7,Friday,False,Airport_Corridor,Clear,0.269,60.0,1.576,94.55,144.5,73.7,60.1,0.4163,0.4163,0.96,5687.01,70.91,False,0.0338
2026-01-16 08:00:00,2026-01-16,8,Friday,False,Airport_Corridor,Clear,0.382,60.0,2.144,128.64,213.3,73.4,65.5,0.3069,0.3069,1.907,8422.27,96.48,False,0.0622
2026-01-16 09:00:00,2026-01-16,9,Friday,False,Airport_Corridor,Clear,0.311,60.0,1.84,110.43,194.7,81.1,69.5,0.3571,0.3571,1.401,7679.75,82.82,False,0.047
2026-01-16 10:00:00,2026-01-16,10,Friday,False,Airport_Corridor,Clear,0.305,60.0,1.515,90.9,136.9,73.7,59.9,0.4377,0.4377,0.858,5448.57,68.18,False,0.0307
2026-01-16 11:00:00,2026-01-16,11,Friday,False,Airport_Corridor,Clear,0.171,60.0,1.197,71.83,89.6,67.4,49.8,0.5554,0.5554,0.329,3573.91,53.87,False,0.02
2026-01-16 12:00:00,2026-01-16,12,Friday,False,Airport_Corridor,Clear,0.068,60.0,1.0,60.0,45.2,76.0,29.9,0.6616,0.6616,-0.405,1794.07,45.0,False,0.02
2026-01-16 13:00:00,2026-01-16,13,Friday,False,Airport_Corridor,Clear,0.104,60.0,1.0,60.0,33.2,68.8,22.3,0.6731,0.6731,-0.518,1338.9,45.0,False,0.02
2026-01-16 14:00:00,2026-01-16,14,Friday,False,Airport_Corridor,Clear,0.073,60.0,1.0,60.0,41.7,74.8,27.7,0.663,0.663,-0.442,1660.74,45.0,False,0.02
2026-01-16 15:00:00,2026-01-16,15,Friday,False,Airport_Corridor,Clear,0.05,60.0,1.0,60.0,68.7,78.0,46.8,0.6807,0.6807,-0.119,2805.48,45.0,False,0.02
2026-01-16 16:00:00,2026-01-16,16,Friday,False,Airport_Corridor,Clear,0.204,60.0,1.292,77.51,113.8,76.6,56.7,0.4983,0.4983,0.486,4396.67,58.13,False,0.02
2026-01-16 17:00:00,2026-01-16,17,Friday,False,Airport_Corridor,Clear,0.372,60.0,1.77,106.2,183.1,80.2,67.7,0.3698,0.3698,1.283,7191.26,79.65,False,0.0435
2026-01-16 18:00:00,2026-01-16,18,Friday,False,Airport_Corridor,Clear,0.435,60.0,2.176,130.56,231.9,78.4,68.6,0.296,0.296,1.96,8962.36,97.92,False,0.0638
2026-01-16 19:00:00,2026-01-16,19,Friday,False,Airport_Corridor,Clear,0.416,60.0,2.183,130.98,253.5,85.3,80.2,0.3162,0.3162,1.972,10498.48,98.23,False,0.0642
2026-01-16 20:00:00,2026-01-16,20,Friday,False,Airport_Corridor,Clear,0.293,60.0,1.592,95.5,178.0,89.6,73.3,0.4116,0.4116,0.986,6997.4,71.62,False,0.0346
2026-01-16 21:00:00,2026-01-16,21,Friday,False,Airport_Corridor,Clear,0.262,60.0,1.287,77.22,103.4,69.9,50.5,0.4888,0.4888,0.478,3902.98,57.91,False,0.02
2026-01-16 22:00:00,2026-01-16,22,Friday,False,Airport_Corridor,Clear,0.193,60.0,1.0,60.0,60.9,67.6,40.6,0.6673,0.6673,-0.099,2436.4,45.0,False,0.02
2026-01-16 23:00:00,2026-01-16,23,Friday,False,Airport_Corridor,Clear,0.048,60.0,1.0,60.0,41.5,62.9,28.6,0.6888,0.6888,-0.341,1713.93,45.0,False,0.02
2026-01-17 00:00:00,2026-01-17,0,Saturday,True,Airport_Corridor,Clear,0.066,60.0,1.0,60.0,38.7,47.1,26.1,0.6752,0.6752,-0.179,1568.19,45.0,False,0.02
2026-01-17 01:00:00,2026-01-17,1,Saturday,True,Airport_Corridor,Clear,0.011,60.0,1.0,60.0,36.7,52.5,24.8,0.6736,0.6736,-0.3,1485.08,45.0,False,0.02
2026-01-17 02:00:00,2026-01-17,2,Saturday,True,Airport_Corridor,Clear,0.052,60.0,1.0,60.0,42.6,48.2,28.5,0.6685,0.6685,-0.115,1710.44,45.0,False,0.02
2026-01-17 03:00:00,2026-01-17,3,Saturday,True,Airport_Corridor,Clear,0.1,60.0,1.0,60.0,43.3,50.5,29.5,0.6831,0.6831,-0.143,1772.83,45.0,False,0.02
2026-01-17 04:00:00,2026-01-17,4,Saturday,True,Airport_Corridor,Clear,0.065,60.0,1.0,60.0,39.3,55.3,26.3,0.6695,0.6695,-0.29,1578.41,45.0,False,0.02
2026-01-17 05:00:00,2026-01-17,5,Saturday,True,Airport_Corridor,Clear,0.09,60.0,1.0,60.0,42.9,57.6,29.6,0.6895,0.6895,-0.255,1775.07,45.0,False,0.02
2026-01-17 06:00:00,2026-01-17,6,Saturday,True,Airport_Corridor,Clear,0.087,60.0,1.0,60.0,49.4,59.3,33.9,0.6869,0.6869,-0.167,2036.47,45.0,False,0.02
2026-01-17 07:00:00,2026-01-17,7,Saturday,True,Airport_Corridor,Clear,0.159,60.0,1.0,60.0,51.9,58.2,33.9,0.6537,0.6537,-0.108,2036.7,45.0,False,0.02
2026-01-17 08:00:00,2026-01-17,8,Saturday,True,Airport_Corridor,Clear,0.166,60.0,1.0,60.0,61.8,62.8,40.9,0.6613,0.6613,-0.015,2451.92,45.0,False,0.02
2026-01-17 09:00:00,2026-01-17,9,Saturday,True,Airport_Corridor,Clear,0.127,60.0,1.24,74.42,88.6,63.3,47.0,0.5309,0.5309,0.401,3500.76,55.81,False,0.02
2026-01-17 10:00:00,2026-01-17,10,Saturday,True,Airport_Corridor,Clear,0.185,60.0,1.291,77.45,104.4,70.3,53.9,0.5163,0.5163,0.485,4175.46,58.09,False,0.02
2026-01-17 11:00:00,2026-01-17,11,Saturday,True,Airport_Corridor,Clear,0.254,60.0,1.522,91.32,155.6,83.2,65.6,0.4217,0.4217,0.87,5993.61,68.49,False,0.0311
2026-01-17 12:00:00,2026-01-17,12,Saturday,True,Airport_Corridor,Clear,0.293,60.0,1.59,95.38,157.4,79.4,65.5,0.4164,0.4164,0.983,6251.41,71.53,False,0.0345
2026-01-17 13:00:00,2026-01-17,13,Saturday,True,Airport_Corridor,Clear,0.321,60.0,1.664,99.81,187.6,89.1,74.2,0.3953,0.3953,1.106,7401.32,74.86,False,0.0382
2026-01-17 14:00:00,2026-01-17,14,Saturday,True,Airport_Corridor,Clear,0.333,60.0,1.787,107.22,190.2,82.3,69.1,0.3633,0.3633,1.312,7410.13,80.41,False,0.0444
2026-01-17 15:00:00,2026-01-17,15,Saturday,True,Airport_Corridor,Clear,0.269,60.0,1.716,102.95,167.3,76.3,63.0,0.3767,0.3767,1.193,6488.4,77.21,False,0.0408
2026-01-17 16:00:00,2026-01-17,16,Saturday,True,Airport_Corridor,Clear,0.238,60.0,1.319,79.12,129.5,84.5,65.4,0.5053,0.5053,0.531,5176.26,59.34,False,0.0209
2026-01-17 17:00:00,2026-01-17,17,Saturday,True,Airport_Corridor,Clear,0.262,60.0,1.328,79.69,129.0,83.4,63.0,0.4883,0.4883,0.547,5019.25,59.77,False,0.0214
2026-01-17 18:00:00,2026-01-17,18,Saturday,True,Airport_Corridor,Clear,0.18,60.0,1.25,75.02,119.5,84.3,61.1,0.511,0.511,0.417,4582.08,56.27,False,0.02
2026-01-17 19:00:00,2026-01-17,19,Saturday,True,Airport_Corridor,Clear,0.189,60.0,1.372,82.3,111.5,68.8,54.3,0.4874,0.4874,0.619,4471.38,61.72,False,0.0236
2026-01-17 20:00:00,2026-01-17,20,Saturday,True,Airport_Corridor,Clear,0.264,60.0,1.612,96.7,127.9,63.3,50.1,0.3919,0.3919,1.019,4845.76,72.53,False,0.0356
2026-01-17 21:00:00,2026-01-17,21,Saturday,True,Airport_Corridor,Clear,0.336,60.0,1.856,111.37,161.7,66.6,59.9,0.3706,0.3706,1.427,6673.48,83.53,False,0.0478
2026-01-17 22:00:00,2026-01-17,22,Saturday,True,Airport_Corridor,Clear,0.367,60.0,2.301,138.06,212.8,67.2,61.0,0.2865,0.2865,2.168,8419.38,103.55,False,0.0701
2026-01-17 23:00:00,2026-01-17,23,Saturday,True,Airport_Corridor,Clear,0.353,60.0,2.341,140.47,193.7,59.9,54.5,0.2815,0.2815,2.235,7656.92,105.35,False,0.0721
2026-01-18 00:00:00,2026-01-18,0,Sunday,True,Airport_Corridor,Clear,0.082,60.0,1.0,60.0,41.7,48.4,28.7,0.6881,0.6881,-0.138,1723.37,45.0,False,0.02
2026-01-18 01:00:00,2026-01-18,1,Sunday,True,Airport_Corridor,Clear,0.088,60.0,1.0,60.0,43.6,52.3,30.3,0.6954,0.6954,-0.167,1817.81,45.0,False,0.02
2026-01-18 02:00:00,2026-01-18,2,Sunday,True,Airport_Corridor,Clear,0.048,60.0,1.0,60.0,39.7,49.2,26.8,0.6738,0.6738,-0.192,1606.84,45.0,False,0.02
2026-01-18 03:00:00,2026-01-18,3,Sunday,True,Airport_Corridor,Clear,0.034,60.0,1.0,60.0,35.5,50.6,23.1,0.6504,0.6504,-0.298,1384.69,45.0,False,0.02
2026-01-18 04:00:00,2026-01-18,4,Sunday,True,Airport_Corridor,Clear,0.054,60.0,1.0,60.0,41.5,50.2,27.9,0.672,0.672,-0.173,1672.9,45.0,False,0.02
2026-01-18 05:00:00,2026-01-18,5,Sunday,True,Airport_Corridor,Clear,0.124,60.0,1.0,60.0,43.6,54.5,29.4,0.6746,0.6746,-0.199,1765.06,45.0,False,0.02
2026-01-18 06:00:00,2026-01-18,6,Sunday,True,Airport_Corridor,Clear,0.126,60.0,1.0,60.0,39.8,55.1,26.5,0.6659,0.6659,-0.279,1588.35,45.0,False,0.02
2026-01-18 07:00:00,2026-01-18,7,Sunday,True,Airport_Corridor,Clear,0.062,60.0,1.018,61.1,57.8,56.1,37.8,0.6548,0.6548,0.03,2311.49,45.83,False,0.02
2026-01-18 08:00:00,2026-01-18,8,Sunday,True,Airport_Corridor,Clear,0.121,60.0,1.007,60.4,62.4,61.7,40.6,0.65,0.65,0.011,2449.78,45.3,False,0.02
2026-01-18 09:00:00,2026-01-18,9,Sunday,True,Airport_Corridor,Clear,0.143,60.0,1.215,72.92,87.1,64.1,48.2,0.5534,0.5534,0.359,3513.19,54.69,False,0.02
2026-01-18 10:00:00,2026-01-18,10,Sunday,True,Airport_Corridor,Clear,0.227,60.0,1.389,83.37,115.9,70.3,52.6,0.454,0.454,0.649,4386.32,62.53,False,0.0245
2026-01-18 11:00:00,2026-01-18,11,Sunday,True,Airport_Corridor,Clear,0.259,60.0,1.68,100.78,144.9,67.9,55.6,0.3838,0.3838,1.133,5604.75,75.59,False,0.039
2026-01-18 12:00:00,2026-01-18,12,Sunday,True,Airport_Corridor,Clear,0.292,60.0,1.529,91.74,152.6,81.1,65.6,0.4298,0.4298,0.882,6014.96,68.8,False,0.0314
2026-01-18 13:00:00,2026-01-18,13,Sunday,True,Airport_Corridor,Clear,0.326,60.0,2.116,126.95,209.9,73.4,68.5,0.3264,0.3264,1.86,8695.76,95.21,False,0.0608
2026-01-18 14:00:00,2026-01-18,14,Sunday,True,Airport_Corridor,Clear,0.328,60.0,1.894,113.65,203.5,81.7,69.5,0.3417,0.3417,1.49,7901.16,85.24,False,0.0497
2026-01-18 15:00:00,2026-01-18,15,Sunday,True,Airport_Corridor,Clear,0.283,60.0,1.771,106.24,183.0,80.1,66.6,0.3641,0.3641,1.284,7079.05,79.68,False,0.0435
2026-01-18 16:00:00,2026-01-18,16,Sunday,True,Airport_Corridor,Clear,0.233,60.0,1.347,80.85,130.7,82.8,64.8,0.496,0.496,0.579,5241.05,60.64,False,0.0224
2026-01-18 17:00:00,2026-01-18,17,Sunday,True,Airport_Corridor,Clear,0.219,60.0,1.226,73.58,117.3,85.2,63.7,0.5435,0.5435,0.377,4690.64,55.19,False,0.02
2026-01-18 18:00:00,2026-01-18,18,Sunday,True,Airport_Corridor,Clear,0.173,60.0,1.203,72.19,101.3,75.7,54.8,0.5412,0.5412,0.339,3957.41,54.14,False,0.02
2026-01-18 19:00:00,2026-01-18,19,Sunday,True,Airport_Corridor,Clear,0.178,60.0,1.435,86.09,125.0,72.5,57.8,0.4627,0.4627,0.725,4979.48,64.57,False,0.0267
2026-01-18 20:00:00,2026-01-18,20,Sunday,True,Airport_Corridor,Clear,0.23,60.0,1.44,86.42,131.6,75.9,60.3,0.4583,0.4583,0.734,5209.82,64.81,False,0.027
2026-01-18 21:00:00,2026-01-18,21,Sunday,True,Airport_Corridor,Clear,0.344,60.0,1.996,119.79,161.6,60.7,53.8,0.3329,0.3329,1.661,6445.34,89.84,False,0.0548
2026-01-18 22:00:00,2026-01-18,22,Sunday,True,Airport_Corridor,Clear,0.394,60.0,2.308,138.48,215.0,67.6,62.8,0.2922,0.2922,2.18,8701.51,103.86,False,0.0704
2026-01-18 23:00:00,2026-01-18,23,Sunday,True,Airport_Corridor,Clear,0.358,60.0,2.324,139.45,172.7,53.9,50.6,0.2928,0.2928,2.207,7053.21,104.59,False,0.0712
2026-01-19 00:00:00,2026-01-19,0,Monday,False,Airport_Corridor,Rain,0.19,60.0,1.0,60.0,32.8,41.2,21.4,0.6519,0.6519,-0.206,1281.07,45.0,False,0.02
2026-01-19 01:00:00,2026-01-19,1,Monday,False,Airport_Corridor,Rain,0.227,60.0,1.0,60.0,37.0,46.1,22.7,0.6154,0.6154,-0.198,1364.41,45.0,False,0.02
2026-01-19 02:00:00,2026-01-19,2,Monday,False,Airport_Corridor,Rain,0.236,60.0,1.0,60.0,33.6,52.4,21.1,0.6281,0.6281,-0.358,1267.47,45.0,False,0.02
2026-01-19 03:00:00,2026-01-19,3,Monday,False,Airport_Corridor,Rain,0.218,60.0,1.0,60.0,34.5,56.3,22.3,0.6456,0.6456,-0.386,1338.23,45.0,False,0.02
2026-01-19 04:00:00,2026-01-19,4,Monday,False,Airport_Corridor,Rain,0.223,60.0,1.0,60.0,40.7,60.1,26.6,0.6538,0.6538,-0.323,1594.97,45.0,False,0.02
2026-01-19 05:00:00,2026-01-19,5,Monday,False,Airport_Corridor,Rain,0.236,60.0,1.0,60.0,48.6,58.7,31.1,0.6397,0.6397,-0.172,1866.51,45.0,False,0.02
2026-01-19 06:00:00,2026-01-19,6,Monday,False,Airport_Corridor,Rain,0.314,60.0,1.273,76.37,96.8,66.5,47.1,0.487,0.487,0.455,3598.73,57.28,False,0.02
2026-01-19 07:00:00,2026-01-19,7,Monday,False,Airport_Corridor,Rain,0.375,60.0,1.946,116.76,180.0,69.9,57.4,0.3187,0.3187,1.577,6699.88,87.57,False,0.0523
2026-01-19 08:00:00,2026-01-19,8,Monday,False,Airport_Corridor,Rain,0.445,60.0,2.33,139.81,233.8,72.7,64.2,0.2745,0.2745,2.217,8972.63,104.86,False,0.0715
2026-01-19 09:00:00,2026-01-19,9,Monday,False,Airport_Corridor,Rain,0.514,60.0,1.963,117.78,201.7,77.4,64.8,0.3211,0.3211,1.605,7626.49,88.34,False,0.0531
2026-01-19 10:00:00,2026-01-19,10,Monday,False,Airport_Corridor,Rain,0.412,60.0,1.472,88.3,138.7,77.6,58.7,0.4234,0.4234,0.786,5185.73,66.22,False,0.0286
2026-01-19 11:00:00,2026-01-19,11,Monday,False,Airport_Corridor,Rain,0.303,60.0,1.031,61.89,88.6,84.2,53.7,0.6058,0.6058,0.052,3322.42,46.42,False,0.02
2026-01-19 12:00:00,2026-01-19,12,Monday,False,Airport_Corridor,Rain,0.293,60.0,1.0,60.0,61.7,77.7,40.2,0.652,0.652,-0.206,2414.56,45.0,False,0.02
2026-01-19 13:00:00,2026-01-19,13,Monday,False,Airport_Corridor,Rain,0.227,60.0,1.0,60.0,43.4,79.0,27.3,0.6302,0.6302,-0.451,1640.31,45.0,False,0.02
2026-01-19 14:00:00,2026-01-19,14,Monday,False,Airport_Corridor,Rain,0.21,60.0,1.0,60.0,40.9,69.6,25.8,0.6321,0.6321,-0.413,1549.98,45.0,False,0.02
2026-01-19 15:00:00,2026-01-19,15,Monday,False,Airport_Corridor,Rain,0.283,60.0,1.0,60.0,70.1,77.6,44.7,0.6369,0.6369,-0.097,2679.76,45.0,False,0.02
2026-01-19 16:00:00,2026-01-19,16,Monday,False,Airport_Corridor,Rain,0.341,60.0,1.324,79.43,119.6,77.7,55.4,0.4634,0.4634,0.54,4403.56,59.57,False,0.0212
2026-01-19 17:00:00,2026-01-19,17,Monday,False,Airport_Corridor,Rain,0.499,60.0,1.723,103.38,201.9,91.6,76.0,0.3763,0.3763,1.205,7855.94,77.53,False,0.0411
2026-01-19 18:00:00,2026-01-19,18,Monday,False,Airport_Corridor,Rain,0.593,60.0,2.03,121.83,243.8,89.7,74.1,0.3037,0.3037,1.717,9022.73,91.37,False,0.0565
2026-01-19 19:00:00,2026-01-19,19,Monday,False,Airport_Corridor,Rain,0.54,60.0,2.345,140.7,262.6,81.0,73.7,0.2806,0.2806,2.242,10369.6,105.52,False,0.0723
2026-01-19 20:00:00,2026-01-19,20,Monday,False,Airport_Corridor,Rain,0.517,60.0,1.64,98.38,195.7,94.7,74.1,0.3787,0.3787,1.066,7290.37,73.78,False,0.037
2026-01-19 21:00:00,2026-01-19,21,Monday,False,Airport_Corridor,Rain,0.35,60.0,1.398,83.88,119.0,71.6,51.4,0.4317,0.4317,0.663,4309.58,62.91,False,0.0249
2026-01-19 22:00:00,2026-01-19,22,Monday,False,Airport_Corridor,Rain,0.256,60.0,1.0,60.0,64.9,70.1,39.6,0.6103,0.6103,-0.074,2375.21,45.0,False,0.02
2026-01-19 23:00:00,2026-01-19,23,Monday,False,Airport_Corridor,Rain,0.206,60.0,1.0,60.0,46.0,73.2,30.1,0.6531,0.6531,-0.371,1804.01,45.0,False,0.02
2026-01-20 00:00:00,2026-01-20,0,Tuesday,False,Airport_Corridor,Clear,0.028,60.0,1.0,60.0,32.6,47.5,21.6,0.6634,0.6634,-0.313,1297.94,45.0,False,0.02
2026-01-20 01:00:00,2026-01-20,1,Tuesday,False,Airport_Corridor,Clear,0.014,60.0,1.0,60.0,28.8,44.9,19.6,0.68,0.68,-0.359,1173.48,45.0,False,0.02
2026-01-20 02:00:00,2026-01-20,2,Tuesday,False,Airport_Corridor,Clear,0.031,60.0,1.0,60.0,29.1,51.1,18.9,0.6489,0.6489,-0.431,1132.39,45.0,False,0.02
2026-01-20 03:00:00,2026-01-20,3,Tuesday,False,Airport_Corridor,Clear,0.068,60.0,1.0,60.0,35.9,50.1,23.9,0.6651,0.6651,-0.283,1432.87,45.0,False,0.02
2026-01-20 04:00:00,2026-01-20,4,Tuesday,False,Airport_Corridor,Clear,0.038,60.0,1.0,60.0,32.1,57.0,21.8,0.6789,0.6789,-0.436,1308.17,45.0,False,0.02
2026-01-20 05:00:00,2026-01-20,5,Tuesday,False,Airport_Corridor,Clear,0.073,60.0,1.0,60.0,43.8,58.5,28.9,0.6596,0.6596,-0.252,1731.52,45.0,False,0.02
2026-01-20 06:00:00,2026-01-20,6,Tuesday,False,Airport_Corridor,Clear,0.152,60.0,1.047,62.81,74.0,68.7,48.0,0.6485,0.6485,0.078,3016.07,47.11,False,0.02
2026-01-20 07:00:00,2026-01-20,7,Tuesday,False,Airport_Corridor,Clear,0.247,60.0,1.527,91.62,142.4,75.8,61.3,0.4306,0.4306,0.878,5619.32,68.72,False,0.0314
2026-01-20 08:00:00,2026-01-20,8,Tuesday,False,Airport_Corridor,Clear,0.32,60.0,1.77,106.17,182.9,80.1,69.2,0.3781,0.3781,1.283,7343.71,79.63,False,0.0435
2026-01-20 09:00:00,2026-01-20,9,Tuesday,False,Airport_Corridor,Clear,0.375,60.0,1.966,117.96,190.7,73.1,66.4,0.3481,0.3481,1.61,7832.65,88.47,False,0.0533
2026-01-20 10:00:00,2026-01-20,10,Tuesday,False,Airport_Corridor,Clear,0.327,60.0,1.442,86.55,127.1,73.2,56.6,0.4454,0.4454,0.737,4899.49,64.91,False,0.0271
2026-01-20 11:00:00,2026-01-20,11,Tuesday,False,Airport_Corridor,Clear,0.155,60.0,1.0,60.0,73.9,78.2,50.2,0.6786,0.6786,-0.054,3010.63,45.0,False,0.02
2026-01-20 12:00:00,2026-01-20,12,Tuesday,False,Airport_Corridor,Clear,0.108,60.0,1.0,60.0,47.0,83.0,31.5,0.6717,0.6717,-0.434,1892.74,45.0,False,0.02
2026-01-20 13:00:00,2026-01-20,13,Tuesday,False,Airport_Corridor,Clear,0.105,60.0,1.0,60.0,38.1,78.2,25.7,0.6735,0.6735,-0.513,1539.18,45.0,False,0.02
2026-01-20 14:00:00,2026-01-20,14,Tuesday,False,Airport_Corridor,Clear,0.062,60.0,1.0,60.0,44.7,77.8,29.6,0.6637,0.6637,-0.426,1778.34,45.0,False,0.02
2026-01-20 15:00:00,2026-01-20,15,Tuesday,False,Airport_Corridor,Clear,0.11,60.0,1.0,60.0,59.7,75.9,40.3,0.6754,0.6754,-0.213,2418.39,45.0,False,0.02
2026-01-20 16:00:00,2026-01-20,16,Tuesday,False,Airport_Corridor,Clear,0.288,60.0,1.2,72.03,112.2,84.1,61.4,0.5469,0.5469,0.334,4419.86,54.02,False,0.02
2026-01-20 17:00:00,2026-01-20,17,Tuesday,False,Airport_Corridor,Clear,0.298,60.0,1.512,90.71,166.3,89.8,70.8,0.4258,0.4258,0.853,6424.24,68.03,False,0.0306
2026-01-20 18:00:00,2026-01-20,18,Tuesday,False,Airport_Corridor,Clear,0.398,60.0,2.388,143.29,267.1,80.6,73.5,0.2753,0.2753,2.313,10532.9,107.47,False,0.0744
2026-01-20 19:00:00,2026-01-20,19,Tuesday,False,Airport_Corridor,Clear,0.427,60.0,2.015,120.92,233.5,86.7,76.1,0.3258,0.3258,1.692,9201.32,90.69,False,0.0558
2026-01-20 20:00:00,2026-01-20,20,Tuesday,False,Airport_Corridor,Clear,0.326,60.0,1.527,91.6,170.7,90.9,74.5,0.4365,0.4365,0.878,6825.8,68.7,False,0.0313
2026-01-20 21:00:00,2026-01-20,21,Tuesday,False,Airport_Corridor,Clear,0.243,60.0,1.28,76.79,116.5,79.5,58.6,0.503,0.503,0.466,4499.73,57.59,False,0.02
2026-01-20 22:00:00,2026-01-20,22,Tuesday,False,Airport_Corridor,Clear,0.138,60.0,1.0,60.0,64.0,77.5,42.6,0.6663,0.6663,-0.175,2557.83,45.0,False,0.02
2026-01-20 23:00:00,2026-01-20,23,Tuesday,False,Airport_Corridor,Clear,0.04,60.0,1.0,60.0,32.6,67.0,21.5,0.6593,0.6593,-0.514,1287.76,45.0,False,0.02
2026-01-21 00:00:00,2026-01-21,0,Wednesday,False,Airport_Corridor,Rain,0.196,60.0,1.0,60.0,30.7,51.6,19.1,0.6237,0.6237,-0.406,1148.09,45.0,False,0.02
2026-01-21 01:00:00,2026-01-21,1,Wednesday,False,Airport_Corridor,Rain,0.203,60.0,1.0,60.0,34.2,50.4,22.1,0.6476,0.6476,-0.322,1327.55,45.0,False,0.02
2026-01-21 02:00:00,2026-01-21,2,Wednesday,False,Airport_Corridor,Rain,0.221,60.0,1.0,60.0,37.5,53.1,24.1,0.6416,0.6416,-0.293,1444.87,45.0,False,0.02
2026-01-21 03:00:00,2026-01-21,3,Wednesday,False,Airport_Corridor,Rain,0.135,60.0,1.0,60.0,34.6,56.9,22.5,0.6499,0.6499,-0.391,1349.61,45.0,False,0.02
2026-01-21 04:00:00,2026-01-21,4,Wednesday,False,Airport_Corridor,Rain,0.203,60.0,1.0,60.0,36.1,56.4,22.9,0.6359,0.6359,-0.361,1375.85,45.0,False,0.02
2026-01-21 05:00:00,2026-01-21,5,Wednesday,False,Airport_Corridor,Rain,0.256,60.0,1.0,60.0,50.1,63.1,31.4,0.6268,0.6268,-0.206,1884.88,45.0,False,0.02
2026-01-21 06:00:00,2026-01-21,6,Wednesday,False,Airport_Corridor,Rain,0.269,60.0,1.194,71.62,89.4,67.6,47.2,0.5283,0.5283,0.323,3382.48,53.72,False,0.02
2026-01-21 07:00:00,2026-01-21,7,Wednesday,False,Airport_Corridor,Rain,0.38,60.0,1.598,95.88,148.9,74.6,57.9,0.3886,0.3886,0.997,5547.51,71.91,False,0.0349
2026-01-21 08:00:00,2026-01-21,8,Wednesday,False,Airport_Corridor,Rain,0.495,60.0,2.22,133.19,228.9,75.5,65.6,0.2864,0.2864,2.033,8731.61,99.89,False,0.066
2026-01-21 09:00:00,2026-01-21,9,Wednesday,False,Airport_Corridor,Rain,0.529,60.0,2.022,121.35,219.2,81.1,66.5,0.3033,0.3033,1.704,8067.63,91.01,False,0.0561
2026-01-21 10:00:00,2026-01-21,10,Wednesday,False,Airport_Corridor,Rain,0.362,60.0,1.952,117.14,177.8,68.7,57.8,0.325,0.325,1.587,6769.76,87.86,False,0.0526
2026-01-21 11:00:00,2026-01-21,11,Wednesday,False,Airport_Corridor,Rain,0.236,60.0,1.021,61.29,88.5,85.4,54.2,0.6125,0.6125,0.036,3321.6,45.97,False,0.02
2026-01-21 12:00:00,2026-01-21,12,Wednesday,False,Airport_Corridor,Rain,0.198,60.0,1.0,60.0,58.0,75.9,36.6,0.6307,0.6307,-0.236,2193.74,45.0,False,0.02
2026-01-21 13:00:00,2026-01-21,13,Wednesday,False,Airport_Corridor,Rain,0.23,60.0,1.0,60.0,39.0,78.2,24.1,0.6181,0.6181,-0.501,1447.69,45.0,False,0.02
2026-01-21 14:00:00,2026-01-21,14,Wednesday,False,Airport_Corridor,Rain,0.245,60.0,1.0,60.0,46.6,77.4,29.8,0.64,0.64,-0.398,1789.04,45.0,False,0.02
2026-01-21 15:00:00,2026-01-21,15,Wednesday,False,Airport_Corridor,Rain,0.252,60.0,1.0,60.0,74.4,80.2,46.7,0.6273,0.6273,-0.073,2799.1,45.0,False,0.02
2026-01-21 16:00:00,2026-01-21,16,Wednesday,False,Airport_Corridor,Rain,0.332,60.0,1.19,71.41,122.1,92.7,65.8,0.5384,0.5384,0.317,4696.55,53.56,False,0.02
2026-01-21 17:00:00,2026-01-21,17,Wednesday,False,Airport_Corridor,Rain,0.511,60.0,1.773,106.38,196.0,85.6,70.5,0.3595,0.3595,1.288,7495.68,79.78,False,0.0436
2026-01-21 18:00:00,2026-01-21,18,Wednesday,False,Airport_Corridor,Rain,0.55,60.0,2.374,142.42,271.8,82.6,73.0,0.2685,0.2685,2.289,10392.27,106.81,False,0.0737
2026-01-21 19:00:00,2026-01-21,19,Wednesday,False,Airport_Corridor,Rain,0.558,60.0,2.285,137.12,268.6,85.5,73.5,0.2736,0.2736,2.142,10076.15,102.84,False,0.0693
2026-01-21 20:00:00,2026-01-21,20,Wednesday,False,Airport_Corridor,Rain,0.504,60.0,1.708,102.49,179.1,82.2,66.8,0.3729,0.3729,1.18,6846.07,76.87,False,0.0404
2026-01-21 21:00:00,2026-01-21,21,Wednesday,False,Airport_Corridor,Rain,0.347,60.0,1.47,88.22,124.1,69.6,51.2,0.4128,0.4128,0.784,4518.92,66.16,False,0.0285
2026-01-21 22:00:00,2026-01-21,22,Wednesday,False,Airport_Corridor,Rain,0.218,60.0,1.0,60.0,73.8,75.0,46.6,0.6319,0.6319,-0.017,2796.97,45.0,False,0.02
2026-01-21 23:00:00,2026-01-21,23,Wednesday,False,Airport_Corridor,Rain,0.241,60.0,1.0,60.0,43.7,69.4,27.9,0.6384,0.6384,-0.37,1674.19,45.0,False,0.02
2026-01-22 00:00:00,2026-01-22,0,Thursday,False,Airport_Corridor,Clear,0.095,60.0,1.0,60.0,34.8,45.6,22.8,0.6556,0.6556,-0.235,1370.68,45.0,False,0.02
2026-01-22 01:00:00,2026-01-22,1,Thursday,False,Airport_Corridor,Clear,0.018,60.0,1.0,60.0,31.1,46.4,21.3,0.6849,0.6849,-0.331,1277.27,45.0,False,0.02
2026-01-22 02:00:00,2026-01-22,2,Thursday,False,Airport_Corridor,Clear,0.083,60.0,1.0,60.0,30.3,51.6,20.7,0.6817,0.6817,-0.412,1241.08,45.0,False,0.02
2026-01-22 03:00:00,2026-01-22,3,Thursday,False,Airport_Corridor,Clear,0.09,60.0,1.0,60.0,27.2,57.5,17.9,0.6575,0.6575,-0.528,1072.15,45.0,False,0.02
2026-01-22 04:00:00,2026-01-22,4,Thursday,False,Airport_Corridor,Clear,0.053,60.0,1.0,60.0,38.5,56.6,26.2,0.6803,0.6803,-0.319,1573.42,45.0,False,0.02
2026-01-22 05:00:00,2026-01-22,5,Thursday,False,Airport_Corridor,Clear,0.093,60.0,1.0,60.0,43.6,63.5,29.8,0.6827,0.6827,-0.314,1786.66,45.0,False,0.02
2026-01-22 06:00:00,2026-01-22,6,Thursday,False,Airport_Corridor,Clear,0.219,60.0,1.146,68.78,89.5,72.0,52.5,0.5868,0.5868,0.244,3614.06,51.59,False,0.02
2026-01-22 07:00:00,2026-01-22,7,Thursday,False,Airport_Corridor,Clear,0.197,60.0,1.607,96.43,146.2,72.6,58.4,0.3998,0.3998,1.012,5635.59,72.32,False,0.0354
2026-01-22 08:00:00,2026-01-22,8,Thursday,False,Airport_Corridor,Clear,0.306,60.0,2.023,121.38,213.7,79.0,67.4,0.3153,0.3153,1.705,8179.45,91.03,False,0.0562
2026-01-22 09:00:00,2026-01-22,9,Thursday,False,Airport_Corridor,Clear,0.352,60.0,1.93,115.8,213.7,83.8,71.4,0.334,0.334,1.55,8264.8,86.85,False,0.0515
2026-01-22 10:00:00,2026-01-22,10,Thursday,False,Airport_Corridor,Clear,0.221,60.0,1.396,83.76,125.2,75.4,58.9,0.4702,0.4702,0.66,4931.23,62.82,False,0.0248
2026-01-22 11:00:00,2026-01-22,11,Thursday,False,Airport_Corridor,Clear,0.167,60.0,1.074,64.47,86.9,77.3,53.8,0.6186,0.6186,0.124,3466.04,48.35,False,0.02
2026-01-22 12:00:00,2026-01-22,12,Thursday,False,Airport_Corridor,Clear,0.145,60.0,1.0,60.0,38.6,68.8,25.5,0.6614,0.6614,-0.439,1531.39,45.0,False,0.02
2026-01-22 13:00:00,2026-01-22,13,Thursday,False,Airport_Corridor,Clear,0.036,60.0,1.0,60.0,34.0,81.0,23.2,0.6812,0.6812,-0.58,1389.72,45.0,False,0.02
2026-01-22 14:00:00,2026-01-22,14,Thursday,False,Airport_Corridor,Clear,0.035,60.0,1.0,60.0,36.3,83.2,24.5,0.674,0.674,-0.563,1469.85,45.0,False,0.02
2026-01-22 15:00:00,2026-01-22,15,Thursday,False,Airport_Corridor,Clear,0.115,60.0,1.0,60.0,57.2,81.3,37.8,0.6619,0.6619,-0.296,2270.37,45.0,False,0.02
2026-01-22 16:00:00,2026-01-22,16,Thursday,False,Airport_Corridor,Clear,0.192,60.0,1.236,74.17,112.4,80.7,60.1,0.5348,0.5348,0.394,4458.73,55.63,False,0.02
2026-01-22 17:00:00,2026-01-22,17,Thursday,False,Airport_Corridor,Clear,0.339,60.0,1.67,100.2,182.8,86.4,72.3,0.3957,0.3957,1.117,7249.11,75.15,False,0.0385
2026-01-22 18:00:00,2026-01-22,18,Thursday,False,Airport_Corridor,Clear,0.375,60.0,2.03,121.81,228.5,84.1,76.0,0.3327,0.3327,1.717,9257.04,91.36,False,0.0565
2026-01-22 19:00:00,2026-01-22,19,Thursday,False,Airport_Corridor,Clear,0.374,60.0,2.057,123.4,224.2,81.2,74.1,0.3306,0.3306,1.761,9146.03,92.55,False,0.0578
2026-01-22 20:00:00,2026-01-22,20,Thursday,False,Airport_Corridor,Clear,0.333,60.0,1.551,93.08,155.2,80.9,64.9,0.4181,0.4181,0.919,6038.36,69.81,False,0.0326
2026-01-22 21:00:00,2026-01-22,21,Thursday,False,Airport_Corridor,Clear,0.187,60.0,1.271,76.26,119.4,82.3,62.3,0.5218,0.5218,0.452,4751.6,57.2,False,0.02
2026-01-22 22:00:00,2026-01-22,22,Thursday,False,Airport_Corridor,Clear,0.115,60.0,1.0,60.0,70.8,73.9,46.8,0.6613,0.6613,-0.043,2807.21,45.0,False,0.02
2026-01-22 23:00:00,2026-01-22,23,Thursday,False,Airport_Corridor,Clear,0.064,60.0,1.0,60.0,35.9,74.1,24.3,0.6767,0.6767,-0.516,1456.54,45.0,False,0.02
2026-01-23 00:00:00,2026-01-23,0,Friday,False,Airport_Corridor,Fog,0.231,60.0,1.0,60.0,37.6,44.6,22.7,0.6035,0.6035,-0.156,1361.97,45.0,False,0.02
2026-01-23 01:00:00,2026-01-23,1,Friday,False,Airport_Corridor,Fog,0.271,60.0,1.0,60.0,30.5,45.2,19.0,0.6219,0.6219,-0.326,1137.63,45.0,False,0.02
2026-01-23 02:00:00,2026-01-23,2,Friday,False,Airport_Corridor,Fog,0.249,60.0,1.0,60.0,32.2,57.7,19.6,0.6102,0.6102,-0.443,1178.32,45.0,False,0.02
2026-01-23 03:00:00,2026-01-23,3,Friday,False,Airport_Corridor,Fog,0.251,60.0,1.0,60.0,34.7,56.3,21.9,0.6319,0.6319,-0.383,1316.91,45.0,False,0.02
2026-01-23 04:00:00,2026-01-23,4,Friday,False,Airport_Corridor,Fog,0.271,60.0,1.0,60.0,38.7,61.9,24.2,0.6257,0.6257,-0.375,1452.41,45.0,False,0.02
2026-01-23 05:00:00,2026-01-23,5,Friday,False,Airport_Corridor,Fog,0.277,60.0,1.0,60.0,46.0,58.8,29.2,0.6355,0.6355,-0.219,1752.55,45.0,False,0.02
2026-01-23 06:00:00,2026-01-23,6,Friday,False,Airport_Corridor,Fog,0.362,60.0,1.143,68.57,90.1,72.8,49.8,0.5527,0.5527,0.238,3413.44,51.43,False,0.02
2026-01-23 07:00:00,2026-01-23,7,Friday,False,Airport_Corridor,Fog,0.478,60.0,1.716,102.97,160.7,73.3,55.5,0.3453,0.3453,1.194,5714.87,77.23,False,0.0408
2026-01-23 08:00:00,2026-01-23,8,Friday,False,Airport_Corridor,Fog,0.597,60.0,1.986,119.16,206.4,78.1,62.8,0.3042,0.3042,1.643,7482.14,89.37,False,0.0543
2026-01-23 09:00:00,2026-01-23,9,Friday,False,Airport_Corridor,Fog,0.62,60.0,2.154,129.26,214.9,73.5,61.1,0.2844,0.2844,1.924,7900.9,96.94,False,0.0627
2026-01-23 10:00:00,2026-01-23,10,Friday,False,Airport_Corridor,Fog,0.468,60.0,1.647,98.8,148.5,71.5,54.2,0.3654,0.3654,1.078,5359.58,74.1,False,0.0373
2026-01-23 11:00:00,2026-01-23,11,Friday,False,Airport_Corridor,Fog,0.341,60.0,1.08,64.82,81.3,71.7,46.2,0.5688,0.5688,0.134,2997.64,48.61,False,0.02
2026-01-23 12:00:00,2026-01-23,12,Friday,False,Airport_Corridor,Fog,0.286,60.0,1.0,60.0,47.0,75.8,29.2,0.6214,0.6214,-0.38,1751.01,45.0,False,0.02
2026-01-23 13:00:00,2026-01-23,13,Friday,False,Airport_Corridor,Fog,0.19,60.0,1.0,60.0,37.5,74.6,23.0,0.612,0.612,-0.497,1377.69,45.0,False,0.02
2026-01-23 14:00:00,2026-01-23,14,Friday,False,Airport_Corridor,Fog,0.275,60.0,1.0,60.0,47.9,70.3,28.6,0.5974,0.5974,-0.319,1715.3,45.0,False,0.02
2026-01-23 15:00:00,2026-01-23,15,Friday,False,Airport_Corridor,Fog,0.285,60.0,1.0,60.0,74.8,80.8,45.8,0.613,0.613,-0.074,2750.57,45.0,False,0.02
2026-01-23 16:00:00,2026-01-23,16,Friday,False,Airport_Corridor,Fog,0.373,60.0,1.211,72.65,121.8,90.1,60.8,0.4992,0.4992,0.352,4416.51,54.49,False,0.02
2026-01-23 17:00:00,2026-01-23,17,Friday,False,Airport_Corridor,Fog,0.528,60.0,1.887,113.25,223.1,90.0,72.0,0.3228,0.3228,1.479,8157.38,84.94,False,0.0494
2026-01-23 18:00:00,2026-01-23,18,Friday,False,Airport_Corridor,Fog,0.642,60.0,2.181,130.85,240.9,81.2,68.9,0.2862,0.2862,1.968,9019.9,98.14,False,0.064
2026-01-23 19:00:00,2026-01-23,19,Friday,False,Airport_Corridor,Fog,0.677,60.0,2.182,130.91,259.5,87.4,76.0,0.2927,0.2927,1.97,9943.12,98.18,False,0.0641
2026-01-23 20:00:00,2026-01-23,20,Friday,False,Airport_Corridor,Fog,0.521,60.0,2.081,124.88,215.8,77.0,63.3,0.2933,0.2933,1.802,7904.0,93.66,False,0.0591
2026-01-23 21:00:00,2026-01-23,21,Friday,False,Airport_Corridor,Fog,0.401,60.0,1.422,85.3,129.5,76.0,53.2,0.4107,0.4107,0.703,4536.12,63.97,False,0.0261
2026-01-23 22:00:00,2026-01-23,22,Friday,False,Airport_Corridor,Fog,0.324,60.0,1.0,60.0,64.0,68.7,39.6,0.6184,0.6184,-0.069,2375.34,45.0,False,0.02
2026-01-23 23:00:00,2026-01-23,23,Friday,False,Airport_Corridor,Fog,0.255,60.0,1.0,60.0,39.7,66.1,25.2,0.6349,0.6349,-0.4,1511.04,45.0,False,0.02
2026-01-24 00:00:00,2026-01-24,0,Saturday,True,Airport_Corridor,Rain,0.223,60.0,1.0,60.0,47.6,51.5,31.0,0.6504,0.6504,-0.074,1858.69,45.0,False,0.02
2026-01-24 01:00:00,2026-01-24,1,Saturday,True,Airport_Corridor,Rain,0.232,60.0,1.0,60.0,46.5,50.7,30.0,0.6447,0.6447,-0.082,1800.27,45.0,False,0.02
2026-01-24 02:00:00,2026-01-24,2,Saturday,True,Airport_Corridor,Rain,0.23,60.0,1.0,60.0,48.2,49.5,30.9,0.6416,0.6416,-0.028,1854.11,45.0,False,0.02
2026-01-24 03:00:00,2026-01-24,3,Saturday,True,Airport_Corridor,Rain,0.201,60.0,1.0,60.0,49.7,53.2,31.5,0.634,0.634,-0.065,1891.59,45.0,False,0.02
2026-01-24 04:00:00,2026-01-24,4,Saturday,True,Airport_Corridor,Rain,0.247,60.0,1.0,60.0,39.8,53.3,24.8,0.6227,0.6227,-0.253,1486.47,45.0,False,0.02
2026-01-24 05:00:00,2026-01-24,5,Saturday,True,Airport_Corridor,Rain,0.251,60.0,1.0,60.0,49.6,56.3,30.6,0.6162,0.6162,-0.119,1834.27,45.0,False,0.02
2026-01-24 06:00:00,2026-01-24,6,Saturday,True,Airport_Corridor,Rain,0.269,60.0,1.0,60.0,54.4,59.8,34.3,0.6298,0.6298,-0.091,2055.84,45.0,False,0.02
2026-01-24 07:00:00,2026-01-24,7,Saturday,True,Airport_Corridor,Rain,0.224,60.0,1.0,60.0,60.3,61.1,38.5,0.6392,0.6392,-0.013,2312.72,45.0,False,0.02
2026-01-24 08:00:00,2026-01-24,8,Saturday,True,Airport_Corridor,Rain,0.247,60.0,1.0,60.0,70.0,70.4,45.3,0.6478,0.6478,-0.006,2719.82,45.0,False,0.02
2026-01-24 09:00:00,2026-01-24,9,Saturday,True,Airport_Corridor,Rain,0.312,60.0,1.35,80.98,101.3,64.0,46.0,0.4543,0.4543,0.583,3728.65,60.73,False,0.0225
2026-01-24 10:00:00,2026-01-24,10,Saturday,True,Airport_Corridor,Rain,0.361,60.0,1.379,82.74,116.6,71.4,52.3,0.4489,0.4489,0.632,4328.69,62.05,False,0.0239
2026-01-24 11:00:00,2026-01-24,11,Saturday,True,Airport_Corridor,Rain,0.417,60.0,1.607,96.44,150.2,74.6,58.7,0.391,0.391,1.012,5662.16,72.33,False,0.0354
2026-01-24 12:00:00,2026-01-24,12,Saturday,True,Airport_Corridor,Rain,0.458,60.0,1.929,115.76,190.4,74.7,62.5,0.3284,0.3284,1.549,7237.89,86.82,False,0.0515
2026-01-24 13:00:00,2026-01-24,13,Saturday,True,Airport_Corridor,Rain,0.471,60.0,1.814,108.86,196.5,83.3,67.4,0.3432,0.3432,1.357,7340.43,81.64,False,0.0457
2026-01-24 14:00:00,2026-01-24,14,Saturday,True,Airport_Corridor,Rain,0.465,60.0,1.756,105.36,193.5,85.6,69.9,0.3611,0.3611,1.26,7361.02,79.02,False,0.0428
2026-01-24 15:00:00,2026-01-24,15,Saturday,True,Airport_Corridor,Rain,0.473,60.0,1.855,111.29,182.4,75.2,60.6,0.3325,0.3325,1.425,6749.24,83.47,False,0.0477
2026-01-24 16:00:00,2026-01-24,16,Saturday,True,Airport_Corridor,Rain,0.4,60.0,1.64,98.4,160.5,77.6,60.8,0.3792,0.3792,1.067,5987.18,73.8,False,0.037
2026-01-24 17:00:00,2026-01-24,17,Saturday,True,Airport_Corridor,Rain,0.368,60.0,1.329,79.74,120.2,77.6,55.7,0.4636,0.4636,0.548,4444.33,59.8,False,0.0214
2026-01-24 18:00:00,2026-01-24,18,Saturday,True,Airport_Corridor,Rain,0.389,60.0,1.31,78.59,125.9,83.0,59.0,0.4685,0.4685,0.516,4636.59,58.94,False,0.0205
2026-01-24 19:00:00,2026-01-24,19,Saturday,True,Airport_Corridor,Rain,0.385,60.0,1.474,88.45,141.8,79.2,62.3,0.4393,0.4393,0.79,5508.91,66.34,False,0.0287
2026-01-24 20:00:00,2026-01-24,20,Saturday,True,Airport_Corridor,Rain,0.399,60.0,1.804,108.24,155.3,66.4,52.5,0.3381,0.3381,1.34,5683.62,81.18,False,0.0452
2026-01-24 21:00:00,2026-01-24,21,Saturday,True,Airport_Corridor,Rain,0.471,60.0,2.167,130.0,207.4,70.4,61.1,0.2948,0.2948,1.944,7947.07,97.5,False,0.0633
2026-01-24 22:00:00,2026-01-24,22,Saturday,True,Airport_Corridor,Rain,0.529,60.0,2.33,139.81,192.5,59.8,53.5,0.2781,0.2781,2.217,7481.79,104.86,False,0.0715
2026-01-24 23:00:00,2026-01-24,23,Saturday,True,Airport_Corridor,Rain,0.526,60.0,2.393,143.57,193.9,58.4,53.4,0.2755,0.2755,2.321,7671.88,107.68,False,0.0746
2026-01-25 00:00:00,2026-01-25,0,Sunday,True,Airport_Corridor,Rain,0.272,60.0,1.0,60.0,40.1,46.5,26.0,0.6498,0.6498,-0.138,1562.2,45.0,False,0.02
2026-01-25 01:00:00,2026-01-25,1,Sunday,True,Airport_Corridor,Rain,0.223,60.0,1.0,60.0,41.7,50.5,26.3,0.631,0.631,-0.175,1578.7,45.0,False,0.02
2026-01-25 02:00:00,2026-01-25,2,Sunday,True,Airport_Corridor,Rain,0.233,60.0,1.0,60.0,42.8,47.2,28.7,0.6709,0.6709,-0.094,1721.29,45.0,False,0.02
2026-01-25 03:00:00,2026-01-25,3,Sunday,True,Airport_Corridor,Rain,0.245,60.0,1.0,60.0,43.9,50.7,28.2,0.6424,0.6424,-0.134,1693.65,45.0,False,0.02
2026-01-25 04:00:00,2026-01-25,4,Sunday,True,Airport_Corridor,Rain,0.166,60.0,1.0,60.0,44.5,54.6,28.2,0.6325,0.6325,-0.185,1689.63,45.0,False,0.02
2026-01-25 05:00:00,2026-01-25,5,Sunday,True,Airport_Corridor,Rain,0.275,60.0,1.0,60.0,42.5,49.3,25.9,0.6105,0.6105,-0.138,1556.99,45.0,False,0.02
2026-01-25 06:00:00,2026-01-25,6,Sunday,True,Airport_Corridor,Rain,0.208,60.0,1.019,61.12,56.6,54.9,35.0,0.6193,0.6193,0.031,2142.1,45.84,False,0.02
2026-01-25 07:00:00,2026-01-25,7,Sunday,True,Airport_Corridor,Rain,0.307,60.0,1.0,60.0,55.5,64.8,35.5,0.6405,0.6405,-0.144,2131.23,45.0,False,0.02
2026-01-25 08:00:00,2026-01-25,8,Sunday,True,Airport_Corridor,Rain,0.286,60.0,1.196,71.79,85.1,64.1,44.8,0.5265,0.5265,0.327,3215.21,53.84,False,0.02
2026-01-25 09:00:00,2026-01-25,9,Sunday,True,Airport_Corridor,Rain,0.283,60.0,1.15,68.99,96.8,77.5,51.8,0.5347,0.5347,0.25,3571.16,51.74,False,0.02
2026-01-25 10:00:00,2026-01-25,10,Sunday,True,Airport_Corridor,Rain,0.353,60.0,1.443,86.56,122.7,70.6,52.7,0.4292,0.4292,0.738,4558.73,64.92,False,0.0271
2026-01-25 11:00:00,2026-01-25,11,Sunday,True,Airport_Corridor,Rain,0.474,60.0,1.595,95.72,153.3,77.0,60.2,0.3923,0.3923,0.992,5757.89,71.79,False,0.0348
2026-01-25 12:00:00,2026-01-25,12,Sunday,True,Airport_Corridor,Rain,0.473,60.0,1.759,105.53,169.2,74.7,60.9,0.3599,0.3599,1.265,6426.34,79.15,False,0.0429
2026-01-25 13:00:00,2026-01-25,13,Sunday,True,Airport_Corridor,Rain,0.46,60.0,2.07,124.19,217.0,78.0,64.4,0.2967,0.2967,1.783,7995.88,93.14,False,0.0585
2026-01-25 14:00:00,2026-01-25,14,Sunday,True,Airport_Corridor,Rain,0.5,60.0,1.957,117.42,202.0,77.8,64.0,0.3169,0.3169,1.595,7515.77,88.06,False,0.0529
2026-01-25 15:00:00,2026-01-25,15,Sunday,True,Airport_Corridor,Rain,0.486,60.0,1.697,101.81,184.5,85.4,68.7,0.3721,0.3721,1.161,6991.02,76.36,False,0.0398
2026-01-25 16:00:00,2026-01-25,16,Sunday,True,Airport_Corridor,Rain,0.435,60.0,1.453,87.18,144.4,82.3,60.7,0.4203,0.4203,0.755,5289.43,65.39,False,0.0277
2026-01-25 17:00:00,2026-01-25,17,Sunday,True,Airport_Corridor,Rain,0.4,60.0,1.409,84.53,144.3,85.8,62.7,0.4346,0.4346,0.681,5301.45,63.4,False,0.0254
2026-01-25 18:00:00,2026-01-25,18,Sunday,True,Airport_Corridor,Rain,0.36,60.0,1.236,74.18,96.5,69.2,48.6,0.5043,0.5043,0.394,3608.2,55.64,False,0.02
2026-01-25 19:00:00,2026-01-25,19,Sunday,True,Airport_Corridor,Rain,0.405,60.0,1.455,87.32,128.9,73.3,57.1,0.4431,0.4431,0.759,4988.67,65.49,False,0.0278
2026-01-25 20:00:00,2026-01-25,20,Sunday,True,Airport_Corridor,Rain,0.385,60.0,1.77,106.17,146.4,64.1,50.8,0.347,0.347,1.283,5393.44,79.63,False,0.0435
2026-01-25 21:00:00,2026-01-25,21,Sunday,True,Airport_Corridor,Rain,0.482,60.0,1.994,119.66,162.2,61.0,50.5,0.3116,0.3116,1.657,6045.59,89.75,False,0.0547
2026-01-25 22:00:00,2026-01-25,22,Sunday,True,Airport_Corridor,Rain,0.514,60.0,2.606,156.36,208.6,56.7,51.1,0.2449,0.2449,2.677,7985.57,117.27,False,0.0853
2026-01-25 23:00:00,2026-01-25,23,Sunday,True,Airport_Corridor,Rain,0.522,60.0,2.624,157.44,226.6,61.1,54.6,0.2408,0.2408,2.707,8591.84,118.08,False,0.0862
2026-01-26 00:00:00,2026-01-26,0,Monday,False,Airport_Corridor,Clear,0.07,60.0,1.0,60.0,29.1,45.5,20.1,0.6916,0.6916,-0.361,1207.34,45.0,False,0.02
2026-01-26 01:00:00,2026-01-26,1,Monday,False,Airport_Corridor,Clear,0.09,60.0,1.0,60.0,28.5,46.6,19.3,0.6795,0.6795,-0.39,1160.15,45.0,False,0.02
2026-01-26 02:00:00,2026-01-26,2,Monday,False,Airport_Corridor,Clear,0.066,60.0,1.0,60.0,29.2,45.8,20.0,0.6864,0.6864,-0.363,1201.68,45.0,False,0.02
2026-01-26 03:00:00,2026-01-26,3,Monday,False,Airport_Corridor,Clear,0.049,60.0,1.0,60.0,32.6,50.2,21.6,0.6602,0.6602,-0.35,1293.35,45.0,False,0.02
2026-01-26 04:00:00,2026-01-26,4,Monday,False,Airport_Corridor,Clear,0.045,60.0,1.0,60.0,25.7,56.9,17.0,0.6623,0.6623,-0.548,1021.76,45.0,False,0.02
2026-01-26 05:00:00,2026-01-26,5,Monday,False,Airport_Corridor,Clear,0.14,60.0,1.0,60.0,48.3,64.6,32.9,0.6823,0.6823,-0.253,1976.33,45.0,False,0.02
2026-01-26 06:00:00,2026-01-26,6,Monday,False,Airport_Corridor,Clear,0.16,60.0,1.286,77.17,86.6,58.6,46.1,0.5322,0.5322,0.477,3557.14,57.88,False,0.02
2026-01-26 07:00:00,2026-01-26,7,Monday,False,Airport_Corridor,Clear,0.22,60.0,1.726,103.58,155.4,70.3,59.2,0.3811,0.3811,1.211,6135.17,77.69,False,0.0413
2026-01-26 08:00:00,2026-01-26,8,Monday,False,Airport_Corridor,Clear,0.317,60.0,2.148,128.86,195.4,67.1,60.5,0.3094,0.3094,1.913,7791.06,96.65,False,0.0624
2026-01-26 09:00:00,2026-01-26,9,Monday,False,Airport_Corridor,Clear,0.347,60.0,2.119,127.16,212.1,74.0,66.1,0.3118,0.3118,1.866,8406.81,95.37,False,0.061
2026-01-26 10:00:00,2026-01-26,10,Monday,False,Airport_Corridor,Clear,0.273,60.0,1.517,91.0,149.9,80.5,64.6,0.4308,0.4308,0.861,5876.39,68.25,False,0.0308
2026-01-26 11:00:00,2026-01-26,11,Monday,False,Airport_Corridor,Clear,0.2,60.0,1.0,60.0,71.0,80.9,49.0,0.6898,0.6898,-0.123,2937.03,45.0,False,0.02
2026-01-26 12:00:00,2026-01-26,12,Monday,False,Airport_Corridor,Clear,0.091,60.0,1.0,60.0,49.1,74.1,32.6,0.6648,0.6648,-0.338,1957.13,45.0,False,0.02
2026-01-26 13:00:00,2026-01-26,13,Monday,False,Airport_Corridor,Clear,0.082,60.0,1.0,60.0,34.0,78.1,23.1,0.6794,0.6794,-0.564,1387.08,45.0,False,0.02
2026-01-26 14:00:00,2026-01-26,14,Monday,False,Airport_Corridor,Clear,0.0,60.0,1.0,60.0,42.4,73.1,29.1,0.6875,0.6875,-0.421,1747.31,45.0,False,0.02
2026-01-26 15:00:00,2026-01-26,15,Monday,False,Airport_Corridor,Clear,0.169,60.0,1.0,60.0,69.0,87.1,47.6,0.6897,0.6897,-0.208,2856.01,45.0,False,0.02
2026-01-26 16:00:00,2026-01-26,16,Monday,False,Airport_Corridor,Clear,0.166,60.0,1.373,82.4,132.3,81.6,63.9,0.4831,0.4831,0.622,5268.23,61.8,False,0.0237
2026-01-26 17:00:00,2026-01-26,17,Monday,False,Airport_Corridor,Clear,0.256,60.0,1.638,98.3,171.9,83.3,69.5,0.4042,0.4042,1.064,6832.26,73.72,False,0.0369
2026-01-26 18:00:00,2026-01-26,18,Monday,False,Airport_Corridor,Clear,0.447,60.0,1.958,117.5,253.3,97.5,85.2,0.3362,0.3362,1.597,10005.7,88.12,False,0.0529
2026-01-26 19:00:00,2026-01-26,19,Monday,False,Airport_Corridor,Clear,0.482,60.0,2.116,126.94,244.3,85.4,74.3,0.3042,0.3042,1.859,9432.31,95.2,False,0.0608
2026-01-26 20:00:00,2026-01-26,20,Monday,False,Airport_Corridor,Clear,0.34,60.0,1.439,86.34,150.1,86.7,68.2,0.4543,0.4543,0.732,5887.34,64.75,False,0.027
2026-01-26 21:00:00,2026-01-26,21,Monday,False,Airport_Corridor,Clear,0.191,60.0,1.281,76.86,119.1,81.1,62.0,0.5205,0.5205,0.468,4766.95,57.64,False,0.02
2026-01-26 22:00:00,2026-01-26,22,Monday,False,Airport_Corridor,Clear,0.108,60.0,1.0,60.0,64.1,81.4,42.7,0.6666,0.6666,-0.213,2562.93,45.0,False,0.02
2026-01-26 23:00:00,2026-01-26,23,Monday,False,Airport_Corridor,Clear,0.013,60.0,1.0,60.0,41.3,69.1,27.2,0.6584,0.6584,-0.402,1630.21,45.0,False,0.02
2026-01-27 00:00:00,2026-01-27,0,Tuesday,False,Airport_Corridor,Clear,0.066,60.0,1.0,60.0,29.3,41.1,19.8,0.6757,0.6757,-0.289,1186.24,45.0,False,0.02
2026-01-27 01:00:00,2026-01-27,1,Tuesday,False,Airport_Corridor,Clear,0.032,60.0,1.0,60.0,31.8,49.2,21.4,0.6705,0.6705,-0.353,1281.32,45.0,False,0.02
2026-01-27 02:00:00,2026-01-27,2,Tuesday,False,Airport_Corridor,Clear,0.02,60.0,1.0,60.0,34.5,54.4,23.1,0.6713,0.6713,-0.366,1388.01,45.0,False,0.02
2026-01-27 03:00:00,2026-01-27,3,Tuesday,False,Airport_Corridor,Clear,0.054,60.0,1.0,60.0,25.9,53.1,17.5,0.6733,0.6733,-0.511,1048.29,45.0,False,0.02
2026-01-27 04:00:00,2026-01-27,4,Tuesday,False,Airport_Corridor,Clear,0.056,60.0,1.0,60.0,37.5,57.9,25.1,0.669,0.669,-0.352,1504.91,45.0,False,0.02
2026-01-27 05:00:00,2026-01-27,5,Tuesday,False,Airport_Corridor,Clear,0.12,60.0,1.0,60.0,41.9,62.9,27.8,0.6651,0.6651,-0.334,1670.73,45.0,False,0.02
2026-01-27 06:00:00,2026-01-27,6,Tuesday,False,Airport_Corridor,Clear,0.08,60.0,1.192,71.52,91.9,69.7,52.2,0.5681,0.5681,0.32,3735.64,53.64,False,0.02
2026-01-27 07:00:00,2026-01-27,7,Tuesday,False,Airport_Corridor,Clear,0.253,60.0,1.509,90.54,147.2,79.7,64.7,0.4395,0.4395,0.848,5859.0,67.91,False,0.0305
2026-01-27 08:00:00,2026-01-27,8,Tuesday,False,Airport_Corridor,Clear,0.312,60.0,2.121,127.27,209.7,73.1,69.0,0.329,0.329,1.869,8780.75,95.45,False,0.0611
2026-01-27 09:00:00,2026-01-27,9,Tuesday,False,Airport_Corridor,Clear,0.386,60.0,1.921,115.28,180.0,71.0,62.4,0.3465,0.3465,1.536,7191.84,86.46,False,0.0511
2026-01-27 10:00:00,2026-01-27,10,Tuesday,False,Airport_Corridor,Clear,0.282,60.0,1.438,86.31,140.8,81.4,64.8,0.4602,0.4602,0.731,5593.32,64.73,False,0.0269
2026-01-27 11:00:00,2026-01-27,11,Tuesday,False,Airport_Corridor,Clear,0.194,60.0,1.058,63.45,83.0,75.7,51.8,0.6239,0.6239,0.096,3285.74,47.59,False,0.02
2026-01-27 12:00:00,2026-01-27,12,Tuesday,False,Airport_Corridor,Clear,0.11,60.0,1.0,60.0,44.3,82.0,29.7,0.6704,0.6704,-0.46,1781.65,45.0,False,0.02
2026-01-27 13:00:00,2026-01-27,13,Tuesday,False,Airport_Corridor,Clear,0.035,60.0,1.0,60.0,39.3,67.7,26.3,0.6685,0.6685,-0.42,1575.22,45.0,False,0.02
2026-01-27 14:00:00,2026-01-27,14,Tuesday,False,Airport_Corridor,Clear,0.088,60.0,1.0,60.0,40.8,82.1,27.7,0.6783,0.6783,-0.503,1660.46,45.0,False,0.02
2026-01-27 15:00:00,2026-01-27,15,Tuesday,False,Airport_Corridor,Clear,0.102,60.0,1.0,60.0,61.3,80.0,41.6,0.678,0.678,-0.234,2493.3,45.0,False,0.02
2026-01-27 16:00:00,2026-01-27,16,Tuesday,False,Airport_Corridor,Clear,0.216,60.0,1.085,65.09,98.0,85.9,59.7,0.6088,0.6088,0.141,3884.33,48.82,False,0.02
2026-01-27 17:00:00,2026-01-27,17,Tuesday,False,Airport_Corridor,Clear,0.35,60.0,1.736,104.15,191.7,86.1,72.4,0.3775,0.3775,1.227,7536.92,78.11,False,0.0418
2026-01-27 18:00:00,2026-01-27,18,Tuesday,False,Airport_Corridor,Clear,0.461,60.0,1.832,109.92,229.4,96.1,80.0,0.3487,0.3487,1.387,8792.15,82.44,False,0.0466
2026-01-27 19:00:00,2026-01-27,19,Tuesday,False,Airport_Corridor,Clear,0.377,60.0,1.987,119.19,223.0,84.3,75.1,0.3368,0.3368,1.644,8952.54,89.39,False,0.0543
2026-01-27 20:00:00,2026-01-27,20,Tuesday,False,Airport_Corridor,Clear,0.331,60.0,1.725,103.48,178.0,80.6,67.7,0.3806,0.3806,1.208,7009.48,77.61,False,0.0412
2026-01-27 21:00:00,2026-01-27,21,Tuesday,False,Airport_Corridor,Clear,0.199,60.0,1.287,77.22,117.3,79.4,60.2,0.5132,0.5132,0.478,4649.13,57.91,False,0.02
2026-01-27 22:00:00,2026-01-27,22,Tuesday,False,Airport_Corridor,Clear,0.116,60.0,1.0,60.0,72.6,75.1,48.8,0.6717,0.6717,-0.033,2927.86,45.0,False,0.02
2026-01-27 23:00:00,2026-01-27,23,Tuesday,False,Airport_Corridor,Clear,0.058,60.0,1.0,60.0,41.1,67.6,27.8,0.6767,0.6767,-0.392,1667.4,45.0,False,0.02
2026-01-28 00:00:00,2026-01-28,0,Wednesday,False,Airport_Corridor,Clear,0.061,60.0,1.0,60.0,35.5,45.9,24.5,0.6915,0.6915,-0.228,1470.92,45.0,False,0.02
2026-01-28 01:00:00,2026-01-28,1,Wednesday,False,Airport_Corridor,Clear,0.037,60.0,1.0,60.0,35.0,44.8,23.6,0.6728,0.6728,-0.217,1414.13,45.0,False,0.02
2026-01-28 02:00:00,2026-01-28,2,Wednesday,False,Airport_Corridor,Clear,0.051,60.0,1.0,60.0,29.6,48.8,20.0,0.6754,0.6754,-0.394,1197.51,45.0,False,0.02
2026-01-28 03:00:00,2026-01-28,3,Wednesday,False,Airport_Corridor,Clear,0.092,60.0,1.0,60.0,29.7,55.8,20.4,0.6886,0.6886,-0.468,1226.52,45.0,False,0.02
2026-01-28 04:00:00,2026-01-28,4,Wednesday,False,Airport_Corridor,Clear,0.04,60.0,1.0,60.0,36.5,62.4,24.0,0.6578,0.6578,-0.416,1439.6,45.0,False,0.02
2026-01-28 05:00:00,2026-01-28,5,Wednesday,False,Airport_Corridor,Clear,0.097,60.0,1.0,60.0,41.8,65.4,28.2,0.6744,0.6744,-0.361,1691.72,45.0,False,0.02
2026-01-28 06:00:00,2026-01-28,6,Wednesday,False,Airport_Corridor,Clear,0.209,60.0,1.169,70.13,86.3,67.4,48.5,0.5614,0.5614,0.281,3399.04,52.6,False,0.02
2026-01-28 07:00:00,2026-01-28,7,Wednesday,False,Airport_Corridor,Clear,0.298,60.0,1.357,81.41,131.2,82.2,64.8,0.4941,0.4941,0.595,5276.55,61.06,False,0.0228
2026-01-28 08:00:00,2026-01-28,8,Wednesday,False,Airport_Corridor,Clear,0.336,60.0,2.07,124.18,197.5,71.0,63.2,0.3201,0.3201,1.783,7852.21,93.14,False,0.0585
2026-01-28 09:00:00,2026-01-28,9,Wednesday,False,Airport_Corridor,Clear,0.341,60.0,1.947,116.81,214.9,83.4,73.7,0.3431,0.3431,1.578,8612.99,87.61,False,0.0523
2026-01-28 10:00:00,2026-01-28,10,Wednesday,False,Airport_Corridor,Clear,0.275,60.0,1.633,97.95,160.4,78.1,64.3,0.401,0.401,1.054,6300.72,73.46,False,0.0366
2026-01-28 11:00:00,2026-01-28,11,Wednesday,False,Airport_Corridor,Clear,0.155,60.0,1.085,65.07,88.6,77.6,54.6,0.617,0.617,0.141,3555.94,48.8,False,0.02
2026-01-28 12:00:00,2026-01-28,12,Wednesday,False,Airport_Corridor,Clear,0.136,60.0,1.0,60.0,48.8,76.1,33.5,0.6855,0.6855,-0.358,2008.47,45.0,False,0.02
2026-01-28 13:00:00,2026-01-28,13,Wednesday,False,Airport_Corridor,Clear,0.09,60.0,1.0,60.0,32.3,65.4,22.0,0.6808,0.6808,-0.506,1320.16,45.0,False,0.02
2026-01-28 14:00:00,2026-01-28,14,Wednesday,False,Airport_Corridor,Clear,0.097,60.0,1.0,60.0,47.4,83.8,31.5,0.6638,0.6638,-0.435,1887.49,45.0,False,0.02
2026-01-28 15:00:00,2026-01-28,15,Wednesday,False,Airport_Corridor,Clear,0.045,60.0,1.0,60.0,66.0,84.1,45.0,0.6814,0.6814,-0.215,2697.93,45.0,False,0.02
2026-01-28 16:00:00,2026-01-28,16,Wednesday,False,Airport_Corridor,Clear,0.188,60.0,1.169,70.13,103.1,80.5,58.3,0.5653,0.5653,0.281,4087.95,52.6,False,0.02
2026-01-28 17:00:00,2026-01-28,17,Wednesday,False,Airport_Corridor,Clear,0.323,60.0,1.457,87.41,150.2,85.3,66.7,0.4442,0.4442,0.761,5833.59,65.56,False,0.0278
2026-01-28 18:00:00,2026-01-28,18,Wednesday,False,Airport_Corridor,Clear,0.427,60.0,1.961,117.67,220.6,84.8,76.5,0.3469,0.3469,1.602,9004.95,88.25,False,0.0531
2026-01-28 19:00:00,2026-01-28,19,Wednesday,False,Airport_Corridor,Clear,0.413,60.0,1.919,115.11,216.2,85.4,76.6,0.3544,0.3544,1.531,8818.67,86.33,False,0.0509
2026-01-28 20:00:00,2026-01-28,20,Wednesday,False,Airport_Corridor,Clear,0.304,60.0,1.445,86.72,138.6,79.5,65.5,0.4729,0.4729,0.742,5683.55,65.04,False,0.0273
2026-01-28 21:00:00,2026-01-28,21,Wednesday,False,Airport_Corridor,Clear,0.194,60.0,1.125,67.48,89.6,74.2,53.1,0.5923,0.5923,0.208,3580.62,50.61,False,0.02
2026-01-28 22:00:00,2026-01-28,22,Wednesday,False,Airport_Corridor,Clear,0.1,60.0,1.0,60.0,67.5,71.7,45.3,0.6709,0.6709,-0.058,2716.03,45.0,False,0.02
2026-01-28 23:00:00,2026-01-28,23,Wednesday,False,Airport_Corridor,Clear,0.049,60.0,1.0,60.0,39.2,75.1,26.7,0.6801,0.6801,-0.478,1599.95,45.0,False,0.02
2026-01-29 00:00:00,2026-01-29,0,Thursday,False,Airport_Corridor,Clear,0.015,60.0,1.0,60.0,34.3,47.2,22.6,0.6589,0.6589,-0.274,1354.5,45.0,False,0.02
2026-01-29 01:00:00,2026-01-29,1,Thursday,False,Airport_Corridor,Clear,0.084,60.0,1.0,60.0,34.5,44.8,23.2,0.6712,0.6712,-0.231,1389.13,45.0,False,0.02
2026-01-29 02:00:00,2026-01-29,2,Thursday,False,Airport_Corridor,Clear,0.112,60.0,1.0,60.0,31.3,48.4,21.0,0.6731,0.6731,-0.354,1262.9,45.0,False,0.02
2026-01-29 03:00:00,2026-01-29,3,Thursday,False,Airport_Corridor,Clear,0.086,60.0,1.0,60.0,34.7,54.0,23.1,0.6642,0.6642,-0.356,1384.66,45.0,False,0.02
2026-01-29 04:00:00,2026-01-29,4,Thursday,False,Airport_Corridor,Clear,0.108,60.0,1.0,60.0,37.6,57.7,25.4,0.6772,0.6772,-0.349,1526.23,45.0,False,0.02
2026-01-29 05:00:00,2026-01-29,5,Thursday,False,Airport_Corridor,Clear,0.083,60.0,1.0,60.0,53.0,61.4,34.9,0.6581,0.6581,-0.137,2091.46,45.0,False,0.02
2026-01-29 06:00:00,2026-01-29,6,Thursday,False,Airport_Corridor,Clear,0.161,60.0,1.097,65.79,77.0,66.3,45.6,0.5922,0.5922,0.161,2998.01,49.34,False,0.02
2026-01-29 07:00:00,2026-01-29,7,Thursday,False,Airport_Corridor,Clear,0.27,60.0,1.541,92.47,139.9,73.6,61.1,0.4369,0.4369,0.902,5653.22,69.35,False,0.0321
2026-01-29 08:00:00,2026-01-29,8,Thursday,False,Airport_Corridor,Clear,0.381,60.0,1.885,113.09,193.4,78.1,67.5,0.349,0.349,1.475,7633.21,84.82,False,0.0492
2026-01-29 09:00:00,2026-01-29,9,Thursday,False,Airport_Corridor,Clear,0.345,60.0,2.08,124.78,194.6,69.5,64.9,0.3334,0.3334,1.8,8097.0,93.59,False,0.059
2026-01-29 10:00:00,2026-01-29,10,Thursday,False,Airport_Corridor,Clear,0.282,60.0,1.666,99.96,153.9,73.0,61.7,0.4007,0.4007,1.11,6165.57,74.97,False,0.0383
2026-01-29 11:00:00,2026-01-29,11,Thursday,False,Airport_Corridor,Clear,0.146,60.0,1.079,64.73,87.9,77.7,55.5,0.6307,0.6307,0.131,3590.17,48.55,False,0.02
2026-01-29 12:00:00,2026-01-29,12,Thursday,False,Airport_Corridor,Clear,0.107,60.0,1.0,60.0,49.0,78.6,31.9,0.6505,0.6505,-0.377,1911.21,45.0,False,0.02
2026-01-29 13:00:00,2026-01-29,13,Thursday,False,Airport_Corridor,Clear,0.053,60.0,1.0,60.0,40.2,78.5,26.9,0.6692,0.6692,-0.488,1612.29,45.0,False,0.02
2026-01-29 14:00:00,2026-01-29,14,Thursday,False,Airport_Corridor,Clear,0.094,60.0,1.0,60.0,39.9,82.7,27.0,0.6765,0.6765,-0.517,1620.75,45.0,False,0.02
2026-01-29 15:00:00,2026-01-29,15,Thursday,False,Airport_Corridor,Clear,0.089,60.0,1.0,60.0,60.6,70.3,39.1,0.6456,0.6456,-0.138,2348.56,45.0,False,0.02
2026-01-29 16:00:00,2026-01-29,16,Thursday,False,Airport_Corridor,Clear,0.208,60.0,1.252,75.09,115.1,81.1,59.3,0.5149,0.5149,0.419,4451.17,56.32,False,0.02
2026-01-29 17:00:00,2026-01-29,17,Thursday,False,Airport_Corridor,Clear,0.305,60.0,1.794,107.62,176.9,76.2,65.0,0.3676,0.3676,1.323,6997.24,80.72,False,0.0447
2026-01-29 18:00:00,2026-01-29,18,Thursday,False,Airport_Corridor,Clear,0.454,60.0,1.985,119.12,236.7,89.6,76.5,0.3232,0.3232,1.642,9113.2,89.34,False,0.0543
2026-01-29 19:00:00,2026-01-29,19,Thursday,False,Airport_Corridor,Clear,0.442,60.0,2.085,125.1,264.8,94.3,83.9,0.3169,0.3169,1.808,10497.88,93.82,False,0.0592
2026-01-29 20:00:00,2026-01-29,20,Thursday,False,Airport_Corridor,Clear,0.315,60.0,1.681,100.87,172.0,80.5,67.2,0.3906,0.3906,1.135,6775.76,75.65,False,0.0391
2026-01-29 21:00:00,2026-01-29,21,Thursday,False,Airport_Corridor,Clear,0.232,60.0,1.166,69.94,107.6,84.3,61.0,0.5674,0.5674,0.276,4268.03,52.45,False,0.02
2026-01-29 22:00:00,2026-01-29,22,Thursday,False,Airport_Corridor,Clear,0.11,60.0,1.0,60.0,66.0,74.5,43.6,0.6604,0.6604,-0.114,2616.45,45.0,False,0.02
2026-01-29 23:00:00,2026-01-29,23,Thursday,False,Airport_Corridor,Clear,0.088,60.0,1.0,60.0,39.6,63.0,26.7,0.6742,0.6742,-0.371,1600.99,45.0,False,0.02
2026-01-30 00:00:00,2026-01-30,0,Friday,False,Airport_Corridor,Clear,0.099,60.0,1.0,60.0,31.0,45.3,21.6,0.6958,0.6958,-0.316,1293.04,45.0,False,0.02
2026-01-30 01:00:00,2026-01-30,1,Friday,False,Airport_Corridor,Clear,0.066,60.0,1.0,60.0,28.0,41.1,19.1,0.6811,0.6811,-0.317,1145.8,45.0,False,0.02
2026-01-30 02:00:00,2026-01-30,2,Friday,False,Airport_Corridor,Clear,0.05,60.0,1.0,60.0,30.1,47.8,20.4,0.6766,0.6766,-0.37,1223.44,45.0,False,0.02
2026-01-30 03:00:00,2026-01-30,3,Friday,False,Airport_Corridor,Clear,0.139,60.0,1.0,60.0,28.3,55.1,18.7,0.6626,0.6626,-0.487,1125.0,45.0,False,0.02
2026-01-30 04:00:00,2026-01-30,4,Friday,False,Airport_Corridor,Clear,0.09,60.0,1.0,60.0,34.0,56.8,22.6,0.6626,0.6626,-0.4,1353.71,45.0,False,0.02
2026-01-30 05:00:00,2026-01-30,5,Friday,False,Airport_Corridor,Clear,0.096,60.0,1.0,60.0,48.8,63.1,33.3,0.6838,0.6838,-0.227,2000.92,45.0,False,0.02
2026-01-30 06:00:00,2026-01-30,6,Friday,False,Airport_Corridor,Clear,0.194,60.0,1.082,64.94,84.4,74.2,51.9,0.6154,0.6154,0.137,3372.67,48.7,False,0.02
2026-01-30 07:00:00,2026-01-30,7,Friday,False,Airport_Corridor,Clear,0.288,60.0,1.608,96.47,138.4,68.7,56.3,0.4066,0.4066,1.013,5429.27,72.35,False,0.0354
2026-01-30 08:00:00,2026-01-30,8,Friday,False,Airport_Corridor,Clear,0.383,60.0,1.919,115.15,182.4,72.1,61.5,0.3372,0.3372,1.532,7084.55,86.36,False,0.051
2026-01-30 09:00:00,2026-01-30,9,Friday,False,Airport_Corridor,Clear,0.393,60.0,1.6,95.99,179.3,89.7,72.0,0.4014,0.4014,1.0,6909.2,71.99,False,0.035
2026-01-30 10:00:00,2026-01-30,10,Friday,False,Airport_Corridor,Clear,0.302,60.0,1.433,86.0,139.6,81.1,63.6,0.4553,0.4553,0.722,5467.74,64.5,False,0.0267
2026-01-30 11:00:00,2026-01-30,11,Friday,False,Airport_Corridor,Clear,0.077,60.0,1.0,60.0,76.4,87.1,51.5,0.6732,0.6732,-0.123,3087.91,45.0,False,0.02
2026-01-30 12:00:00,2026-01-30,12,Friday,False,Airport_Corridor,Clear,0.096,60.0,1.0,60.0,49.1,80.3,33.7,0.6863,0.6863,-0.389,2021.7,45.0,False,0.02
2026-01-30 13:00:00,2026-01-30,13,Friday,False,Airport_Corridor,Clear,0.062,60.0,1.0,60.0,34.6,81.4,23.4,0.6759,0.6759,-0.575,1403.62,45.0,False,0.02
2026-01-30 14:00:00,2026-01-30,14,Friday,False,Airport_Corridor,Clear,0.073,60.0,1.0,60.0,42.4,80.6,28.9,0.682,0.682,-0.474,1734.25,45.0,False,0.02
2026-01-30 15:00:00,2026-01-30,15,Friday,False,Airport_Corridor,Clear,0.068,60.0,1.0,60.0,58.8,79.0,39.3,0.6692,0.6692,-0.255,2360.76,45.0,False,0.02
2026-01-30 16:00:00,2026-01-30,16,Friday,False,Airport_Corridor,Clear,0.2,60.0,1.114,66.84,94.2,79.2,56.3,0.5978,0.5978,0.19,3765.7,50.13,False,0.02
2026-01-30 17:00:00,2026-01-30,17,Friday,False,Airport_Corridor,Clear,0.343,60.0,1.756,105.34,175.8,77.8,64.7,0.3681,0.3681,1.26,6816.7,79.0,False,0.0428
2026-01-30 18:00:00,2026-01-30,18,Friday,False,Airport_Corridor,Clear,0.448,60.0,1.992,119.55,238.1,89.7,80.2,0.3366,0.3366,1.654,9583.25,89.66,False,0.0546
2026-01-30 19:00:00,2026-01-30,19,Friday,False,Airport_Corridor,Clear,0.431,60.0,2.168,130.07,241.8,82.1,71.7,0.2966,0.2966,1.946,9329.18,97.55,False,0.0634
2026-01-30 20:00:00,2026-01-30,20,Friday,False,Airport_Corridor,Clear,0.332,60.0,1.731,103.86,175.8,79.3,66.0,0.3752,0.3752,1.218,6851.04,77.89,False,0.0416
2026-01-30 21:00:00,2026-01-30,21,Friday,False,Airport_Corridor,Clear,0.192,60.0,1.134,68.02,104.5,85.4,61.3,0.5869,0.5869,0.223,4170.41,51.02,False,0.02
2026-01-30 22:00:00,2026-01-30,22,Friday,False,Airport_Corridor,Clear,0.112,60.0,1.0,60.0,59.7,72.6,39.3,0.6584,0.6584,-0.178,2358.06,45.0,False,0.02
2026-01-30 23:00:00,2026-01-30,23,Friday,False,Airport_Corridor,Clear,0.069,60.0,1.0,60.0,42.6,68.7,27.7,0.6512,0.6512,-0.38,1664.37,45.0,False,0.02
2026-01-31 00:00:00,2026-01-31,0,Saturday,True,Airport_Corridor,Clear,0.092,60.0,1.0,60.0,36.4,50.5,24.4,0.6704,0.6704,-0.28,1463.09,45.0,False,0.02
2026-01-31 01:00:00,2026-01-31,1,Saturday,True,Airport_Corridor,Clear,0.098,60.0,1.0,60.0,34.5,52.2,24.4,0.7063,0.7063,-0.339,1463.02,45.0,False,0.02
2026-01-31 02:00:00,2026-01-31,2,Saturday,True,Airport_Corridor,Clear,0.034,60.0,1.0,60.0,42.0,55.0,28.2,0.672,0.672,-0.236,1693.65,45.0,False,0.02
2026-01-31 03:00:00,2026-01-31,3,Saturday,True,Airport_Corridor,Clear,0.087,60.0,1.0,60.0,32.7,48.1,21.5,0.659,0.659,-0.32,1292.38,45.0,False,0.02
2026-01-31 04:00:00,2026-01-31,4,Saturday,True,Airport_Corridor,Clear,0.062,60.0,1.0,60.0,42.6,51.8,28.7,0.6739,0.6739,-0.179,1720.39,45.0,False,0.02
2026-01-31 05:00:00,2026-01-31,5,Saturday,True,Airport_Corridor,Clear,0.121,60.0,1.0,60.0,39.7,60.0,26.7,0.6718,0.6718,-0.338,1599.75,45.0,False,0.02
2026-01-31 06:00:00,2026-01-31,6,Saturday,True,Airport_Corridor,Clear,0.093,60.0,1.0,60.0,49.1,59.6,32.0,0.6526,0.6526,-0.177,1921.38,45.0,False,0.02
2026-01-31 07:00:00,2026-01-31,7,Saturday,True,Airport_Corridor,Clear,0.095,60.0,1.076,64.59,60.6,53.7,37.3,0.6162,0.6162,0.127,2411.44,48.44,False,0.02
2026-01-31 08:00:00,2026-01-31,8,Saturday,True,Airport_Corridor,Clear,0.134,60.0,1.013,60.78,57.1,55.9,37.2,0.6519,0.6519,0.022,2260.91,45.59,False,0.02
2026-01-31 09:00:00,2026-01-31,9,Saturday,True,Airport_Corridor,Clear,0.167,60.0,1.087,65.21,83.8,73.2,52.6,0.6277,0.6277,0.145,3431.47,48.91,False,0.02
2026-01-31 10:00:00,2026-01-31,10,Saturday,True,Airport_Corridor,Clear,0.206,60.0,1.371,82.27,111.6,69.0,53.9,0.4828,0.4828,0.619,4435.0,61.7,False,0.0236
2026-01-31 11:00:00,2026-01-31,11,Saturday,True,Airport_Corridor,Clear,0.241,60.0,1.583,94.98,144.7,73.4,60.8,0.4205,0.4205,0.972,5779.14,71.23,False,0.0341
2026-01-31 12:00:00,2026-01-31,12,Saturday,True,Airport_Corridor,Clear,0.301,60.0,1.614,96.84,158.7,78.4,63.2,0.3984,0.3984,1.023,6122.29,72.63,False,0.0357
2026-01-31 13:00:00,2026-01-31,13,Saturday,True,Airport_Corridor,Clear,0.356,60.0,1.855,111.33,197.5,81.4,69.6,0.3522,0.3522,1.426,7745.65,83.5,False,0.0478
2026-01-31 14:00:00,2026-01-31,14,Saturday,True,Airport_Corridor,Clear,0.311,60.0,1.602,96.12,159.9,79.8,65.5,0.4099,0.4099,1.003,6298.43,72.09,False,0.0351
2026-01-31 15:00:00,2026-01-31,15,Saturday,True,Airport_Corridor,Clear,0.3,60.0,1.798,107.87,184.8,79.3,67.7,0.3663,0.3663,1.33,7301.78,80.9,False,0.0449
2026-01-31 16:00:00,2026-01-31,16,Saturday,True,Airport_Corridor,Clear,0.275,60.0,1.397,83.8,145.0,87.3,69.3,0.4783,0.4783,0.661,5810.98,62.85,False,0.0248
2026-01-31 17:00:00,2026-01-31,17,Saturday,True,Airport_Corridor,Clear,0.172,60.0,1.313,78.8,126.7,83.2,62.1,0.4904,0.4904,0.522,4895.16,59.1,False,0.0207
2026-01-31 18:00:00,2026-01-31,18,Saturday,True,Airport_Corridor,Clear,0.14,60.0,1.365,81.89,121.4,75.5,57.3,0.4722,0.4722,0.608,4693.4,61.42,False,0.0232
2026-01-31 19:00:00,2026-01-31,19,Saturday,True,Airport_Corridor,Clear,0.23,60.0,1.276,76.53,112.1,76.8,57.2,0.5107,0.5107,0.459,4380.96,57.4,False,0.02
2026-01-31 20:00:00,2026-01-31,20,Saturday,True,Airport_Corridor,Clear,0.222,60.0,1.609,96.55,154.8,76.8,61.2,0.3952,0.3952,1.015,5907.83,72.41,False,0.0355
2026-01-31 21:00:00,2026-01-31,21,Saturday,True,Airport_Corridor,Clear,0.335,60.0,1.923,115.4,172.7,68.0,59.8,0.3461,0.3461,1.539,6896.45,86.55,False,0.0512
2026-01-31 22:00:00,2026-01-31,22,Saturday,True,Airport_Corridor,Clear,0.356,60.0,2.42,145.19,227.3,67.5,62.4,0.2743,0.2743,2.366,9055.05,108.89,False,0.076
2026-01-31 23:00:00,2026-01-31,23,Saturday,True,Airport_Corridor,Clear,0.354,60.0,2.579,154.71,199.6,55.0,53.9,0.2702,0.2702,2.631,8346.52,116.03,False,0.0839
2026-02-01 00:00:00,2026-02-01,0,Sunday,True,Airport_Corridor,Fog,0.264,60.0,1.0,60.0,40.0,50.4,25.2,0.6288,0.6288,-0.206,1510.57,45.0,False,0.02
2026-02-01 01:00:00,2026-02-01,1,Sunday,True,Airport_Corridor,Fog,0.268,60.0,1.0,60.0,42.0,51.7,26.1,0.6211,0.6211,-0.187,1565.22,45.0,False,0.02
2026-02-01 02:00:00,2026-02-01,2,Sunday,True,Airport_Corridor,Fog,0.286,60.0,1.0,60.0,45.8,47.6,28.0,0.6103,0.6103,-0.038,1677.12,45.0,False,0.02
2026-02-01 03:00:00,2026-02-01,3,Sunday,True,Airport_Corridor,Fog,0.26,60.0,1.0,60.0,44.9,53.7,28.1,0.6263,0.6263,-0.164,1688.32,45.0,False,0.02
2026-02-01 04:00:00,2026-02-01,4,Sunday,True,Airport_Corridor,Fog,0.242,60.0,1.0,60.0,43.7,52.4,26.6,0.6088,0.6088,-0.165,1597.65,45.0,False,0.02
2026-02-01 05:00:00,2026-02-01,5,Sunday,True,Airport_Corridor,Fog,0.294,60.0,1.0,60.0,41.6,61.3,25.8,0.6209,0.6209,-0.321,1549.6,45.0,False,0.02
2026-02-01 06:00:00,2026-02-01,6,Sunday,True,Airport_Corridor,Fog,0.304,60.0,1.0,60.0,51.0,58.8,31.5,0.6185,0.6185,-0.133,1891.91,45.0,False,0.02
2026-02-01 07:00:00,2026-02-01,7,Sunday,True,Airport_Corridor,Fog,0.329,60.0,1.044,62.63,59.2,55.1,35.6,0.6012,0.6012,0.073,2227.9,46.97,False,0.02
2026-02-01 08:00:00,2026-02-01,8,Sunday,True,Airport_Corridor,Fog,0.33,60.0,1.123,67.35,76.8,63.8,43.0,0.5603,0.5603,0.204,2898.67,50.51,False,0.02
2026-02-01 09:00:00,2026-02-01,9,Sunday,True,Airport_Corridor,Fog,0.43,60.0,1.34,80.41,101.3,64.6,45.7,0.4513,0.4513,0.567,3675.5,60.31,False,0.022
2026-02-01 10:00:00,2026-02-01,10,Sunday,True,Airport_Corridor,Fog,0.398,60.0,1.405,84.3,120.1,71.7,50.9,0.424,0.424,0.675,4293.77,63.22,False,0.0252
2026-02-01 11:00:00,2026-02-01,11,Sunday,True,Airport_Corridor,Fog,0.451,60.0,1.813,108.79,178.5,75.8,61.3,0.3435,0.3435,1.355,6669.17,81.59,False,0.0457
2026-02-01 12:00:00,2026-02-01,12,Sunday,True,Airport_Corridor,Fog,0.527,60.0,1.727,103.63,184.4,83.4,66.5,0.3605,0.3605,1.212,6889.41,77.72,False,0.0414
2026-02-01 13:00:00,2026-02-01,13,Sunday,True,Airport_Corridor,Fog,0.538,60.0,1.91,114.58,205.1,81.5,63.4,0.309,0.309,1.516,7262.84,85.94,False,0.0505
2026-02-01 14:00:00,2026-02-01,14,Sunday,True,Airport_Corridor,Fog,0.515,60.0,1.908,114.51,211.7,84.2,68.0,0.3211,0.3211,1.514,7786.26,85.88,False,0.0504
2026-02-01 15:00:00,2026-02-01,15,Sunday,True,Airport_Corridor,Fog,0.524,60.0,1.785,107.1,196.3,85.0,64.0,0.3263,0.3263,1.308,6858.5,80.32,False,0.0442
2026-02-01 16:00:00,2026-02-01,16,Sunday,True,Airport_Corridor,Fog,0.487,60.0,1.539,92.32,167.0,88.0,65.8,0.3939,0.3939,0.898,6075.03,69.24,False,0.0319
2026-02-01 17:00:00,2026-02-01,17,Sunday,True,Airport_Corridor,Fog,0.42,60.0,1.271,76.23,115.4,79.6,56.8,0.4921,0.4921,0.451,4330.57,57.17,False,0.02
2026-02-01 18:00:00,2026-02-01,18,Sunday,True,Airport_Corridor,Fog,0.393,60.0,1.209,72.52,106.6,79.1,53.7,0.5034,0.5034,0.348,3892.44,54.39,False,0.02
2026-02-01 19:00:00,2026-02-01,19,Sunday,True,Airport_Corridor,Fog,0.412,60.0,1.195,71.71,103.4,78.0,51.6,0.499,0.499,0.325,3699.56,53.78,False,0.02
2026-02-01 20:00:00,2026-02-01,20,Sunday,True,Airport_Corridor,Fog,0.475,60.0,1.556,93.38,153.1,79.5,59.4,0.3877,0.3877,0.927,5544.44,70.03,False,0.0328
2026-02-01 21:00:00,2026-02-01,21,Sunday,True,Airport_Corridor,Fog,0.516,60.0,2.262,135.74,208.4,67.1,56.0,0.2688,0.2688,2.104,7605.18,101.81,False,0.0681
2026-02-01 22:00:00,2026-02-01,22,Sunday,True,Airport_Corridor,Fog,0.57,60.0,2.35,141.0,199.3,61.3,52.4,0.2627,0.2627,2.25,7381.8,105.75,False,0.0725
2026-02-01 23:00:00,2026-02-01,23,Sunday,True,Airport_Corridor,Fog,0.561,60.0,2.493,149.56,207.2,59.4,51.4,0.2481,0.2481,2.488,7689.04,112.17,False,0.0796
2026-02-02 00:00:00,2026-02-02,0,Monday,False,Airport_Corridor,Clear,0.06,60.0,1.0,60.0,33.9,45.5,23.6,0.6961,0.6961,-0.255,1417.07,45.0,False,0.02
2026-02-02 01:00:00,2026-02-02,1,Monday,False,Airport_Corridor,Clear,0.099,60.0,1.0,60.0,35.4,43.5,24.5,0.6915,0.6915,-0.185,1470.49,45.0,False,0.02
2026-02-02 02:00:00,2026-02-02,2,Monday,False,Airport_Corridor,Clear,0.035,60.0,1.0,60.0,33.2,49.8,22.1,0.6651,0.6651,-0.333,1325.01,45.0,False,0.02
2026-02-02 03:00:00,2026-02-02,3,Monday,False,Airport_Corridor,Clear,0.005,60.0,1.0,60.0,32.3,60.6,21.8,0.6732,0.6732,-0.467,1306.11,45.0,False,0.02
2026-02-02 04:00:00,2026-02-02,4,Monday,False,Airport_Corridor,Clear,0.061,60.0,1.0,60.0,35.8,59.4,23.9,0.6678,0.6678,-0.398,1434.24,45.0,False,0.02
2026-02-02 05:00:00,2026-02-02,5,Monday,False,Airport_Corridor,Clear,0.115,60.0,1.0,60.0,52.0,64.6,35.1,0.6744,0.6744,-0.195,2105.02,45.0,False,0.02
2026-02-02 06:00:00,2026-02-02,6,Monday,False,Airport_Corridor,Clear,0.133,60.0,1.168,70.08,81.1,63.4,46.4,0.5714,0.5714,0.28,3248.49,52.56,False,0.02
2026-02-02 07:00:00,2026-02-02,7,Monday,False,Airport_Corridor,Clear,0.275,60.0,1.572,94.33,134.6,68.9,56.3,0.4181,0.4181,0.954,5306.88,70.75,False,0.0336
2026-02-02 08:00:00,2026-02-02,8,Monday,False,Airport_Corridor,Clear,0.366,60.0,1.89,113.38,198.5,80.0,70.2,0.3534,0.3534,1.483,7954.19,85.03,False,0.0495
2026-02-02 09:00:00,2026-02-02,9,Monday,False,Airport_Corridor,Clear,0.408,60.0,1.917,115.04,209.0,82.6,72.5,0.3468,0.3468,1.529,8336.16,86.28,False,0.0509
2026-02-02 10:00:00,2026-02-02,10,Monday,False,Airport_Corridor,Clear,0.268,60.0,1.416,84.95,135.1,79.8,62.4,0.4622,0.4622,0.693,5302.73,63.71,False,0.0258
2026-02-02 11:00:00,2026-02-02,11,Monday,False,Airport_Corridor,Clear,0.133,60.0,1.006,60.36,79.3,78.5,53.5,0.675,0.675,0.01,3230.36,45.27,False,0.02
2026-02-02 12:00:00,2026-02-02,12,Monday,False,Airport_Corridor,Clear,0.096,60.0,1.0,60.0,49.8,69.7,33.2,0.6668,0.6668,-0.285,1992.4,45.0,False,0.02
2026-02-02 13:00:00,2026-02-02,13,Monday,False,Airport_Corridor,Clear,0.078,60.0,1.0,60.0,36.5,79.1,24.7,0.6768,0.6768,-0.539,1482.19,45.0,False,0.02
2026-02-02 14:00:00,2026-02-02,14,Monday,False,Airport_Corridor,Clear,0.097,60.0,1.0,60.0,42.1,80.5,28.5,0.6766,0.6766,-0.477,1707.21,45.0,False,0.02
2026-02-02 15:00:00,2026-02-02,15,Monday,False,Airport_Corridor,Clear,0.12,60.0,1.0,60.0,61.4,77.3,40.9,0.6673,0.6673,-0.206,2456.78,45.0,False,0.02
2026-02-02 16:00:00,2026-02-02,16,Monday,False,Airport_Corridor,Clear,0.168,60.0,1.246,74.78,119.1,84.4,62.9,0.5279,0.5279,0.41,4701.72,56.09,False,0.02
2026-02-02 17:00:00,2026-02-02,17,Monday,False,Airport_Corridor,Clear,0.296,60.0,1.518,91.07,162.3,87.1,70.4,0.434,0.434,0.863,6413.75,68.3,False,0.0309
2026-02-02 18:00:00,2026-02-02,18,Monday,False,Airport_Corridor,Clear,0.421,60.0,2.161,129.68,224.7,76.5,69.6,0.3099,0.3099,1.936,9028.02,97.26,False,0.0631
2026-02-02 19:00:00,2026-02-02,19,Monday,False,Airport_Corridor,Clear,0.48,60.0,1.949,116.97,212.1,82.1,71.4,0.3367,0.3367,1.582,8354.01,87.73,False,0.0525
2026-02-02 20:00:00,2026-02-02,20,Monday,False,Airport_Corridor,Clear,0.347,60.0,1.893,113.55,181.3,72.9,62.2,0.3432,0.3432,1.488,7065.99,85.16,False,0.0496
2026-02-02 21:00:00,2026-02-02,21,Monday,False,Airport_Corridor,Clear,0.164,60.0,1.179,70.75,114.1,87.9,62.4,0.5472,0.5472,0.299,4416.6,53.06,False,0.02
2026-02-02 22:00:00,2026-02-02,22,Monday,False,Airport_Corridor,Clear,0.11,60.0,1.0,60.0,57.2,75.4,37.8,0.66,0.66,-0.241,2266.2,45.0,False,0.02
2026-02-02 23:00:00,2026-02-02,23,Monday,False,Airport_Corridor,Clear,0.015,60.0,1.0,60.0,38.4,66.9,25.5,0.664,0.664,-0.426,1531.24,45.0,False,0.02
2026-02-03 00:00:00,2026-02-03,0,Tuesday,False,Airport_Corridor,Clear,0.072,60.0,1.0,60.0,32.0,47.0,20.9,0.6535,0.6535,-0.319,1254.87,45.0,False,0.02
2026-02-03 01:00:00,2026-02-03,1,Tuesday,False,Airport_Corridor,Clear,0.041,60.0,1.0,60.0,26.3,45.2,18.1,0.6859,0.6859,-0.418,1083.66,45.0,False,0.02
2026-02-03 02:00:00,2026-02-03,2,Tuesday,False,Airport_Corridor,Clear,0.062,60.0,1.0,60.0,35.2,46.4,23.7,0.6729,0.6729,-0.242,1421.2,45.0,False,0.02
2026-02-03 03:00:00,2026-02-03,3,Tuesday,False,Airport_Corridor,Clear,0.039,60.0,1.0,60.0,33.4,52.0,22.0,0.6591,0.6591,-0.358,1319.98,45.0,False,0.02
2026-02-03 04:00:00,2026-02-03,4,Tuesday,False,Airport_Corridor,Clear,0.071,60.0,1.0,60.0,39.0,57.1,26.7,0.6851,0.6851,-0.316,1602.84,45.0,False,0.02
2026-02-03 05:00:00,2026-02-03,5,Tuesday,False,Airport_Corridor,Clear,0.092,60.0,1.0,60.0,41.2,60.2,27.2,0.6604,0.6604,-0.315,1634.16,45.0,False,0.02
2026-02-03 06:00:00,2026-02-03,6,Tuesday,False,Airport_Corridor,Clear,0.2,60.0,1.073,64.4,71.6,63.9,43.8,0.6114,0.6114,0.122,2821.09,48.3,False,0.02
2026-02-03 07:00:00,2026-02-03,7,Tuesday,False,Airport_Corridor,Clear,0.21,60.0,1.449,86.95,138.7,79.3,63.6,0.4583,0.4583,0.749,5527.54,65.21,False,0.0275
2026-02-03 08:00:00,2026-02-03,8,Tuesday,False,Airport_Corridor,Clear,0.335,60.0,1.86,111.58,204.2,83.9,73.1,0.3578,0.3578,1.433,8152.01,83.69,False,0.048
2026-02-03 09:00:00,2026-02-03,9,Tuesday,False,Airport_Corridor,Clear,0.36,60.0,2.083,124.97,215.8,77.0,66.6,0.3085,0.3085,1.805,8320.46,93.73,False,0.0591
2026-02-03 10:00:00,2026-02-03,10,Tuesday,False,Airport_Corridor,Clear,0.208,60.0,1.46,87.62,144.3,81.7,65.3,0.4524,0.4524,0.767,5720.26,65.72,False,0.028
2026-02-03 11:00:00,2026-02-03,11,Tuesday,False,Airport_Corridor,Clear,0.181,60.0,1.094,65.64,85.4,73.8,51.3,0.6012,0.6012,0.157,3369.64,49.23,False,0.02
2026-02-03 12:00:00,2026-02-03,12,Tuesday,False,Airport_Corridor,Clear,0.071,60.0,1.0,60.0,52.3,75.6,34.5,0.6588,0.6588,-0.308,2068.68,45.0,False,0.02
2026-02-03 13:00:00,2026-02-03,13,Tuesday,False,Airport_Corridor,Clear,0.078,60.0,1.0,60.0,37.7,83.8,25.2,0.6681,0.6681,-0.55,1511.31,45.0,False,0.02
2026-02-03 14:00:00,2026-02-03,14,Tuesday,False,Airport_Corridor,Clear,0.017,60.0,1.0,60.0,40.9,82.9,28.1,0.6863,0.6863,-0.507,1683.52,45.0,False,0.02
2026-02-03 15:00:00,2026-02-03,15,Tuesday,False,Airport_Corridor,Clear,0.085,60.0,1.0,60.0,69.7,73.2,46.2,0.6628,0.6628,-0.047,2771.93,45.0,False,0.02
2026-02-03 16:00:00,2026-02-03,16,Tuesday,False,Airport_Corridor,Clear,0.211,60.0,1.162,69.71,114.2,89.9,65.0,0.5692,0.5692,0.27,4532.12,52.28,False,0.02
2026-02-03 17:00:00,2026-02-03,17,Tuesday,False,Airport_Corridor,Clear,0.304,60.0,1.761,105.63,190.8,84.1,69.1,0.3621,0.3621,1.268,7296.13,79.22,False,0.043
2026-02-03 18:00:00,2026-02-03,18,Tuesday,False,Airport_Corridor,Clear,0.382,60.0,2.381,142.89,262.9,79.6,74.4,0.2829,0.2829,2.302,10625.44,107.17,False,0.0741
2026-02-03 19:00:00,2026-02-03,19,Tuesday,False,Airport_Corridor,Clear,0.426,60.0,2.169,130.12,261.0,88.5,81.4,0.3121,0.3121,1.948,10597.74,97.59,False,0.0634
2026-02-03 20:00:00,2026-02-03,20,Tuesday,False,Airport_Corridor,Clear,0.361,60.0,1.7,102.0,190.6,88.0,72.6,0.3807,0.3807,1.167,7400.71,76.5,False,0.04
2026-02-03 21:00:00,2026-02-03,21,Tuesday,False,Airport_Corridor,Clear,0.18,60.0,1.156,69.35,102.3,81.2,58.8,0.5751,0.5751,0.26,4079.94,52.01,False,0.02
2026-02-03 22:00:00,2026-02-03,22,Tuesday,False,Airport_Corridor,Clear,0.084,60.0,1.0,60.0,57.3,72.9,38.2,0.6673,0.6673,-0.214,2293.8,45.0,False,0.02
2026-02-03 23:00:00,2026-02-03,23,Tuesday,False,Airport_Corridor,Clear,0.029,60.0,1.0,60.0,47.2,68.7,32.4,0.6862,0.6862,-0.314,1941.92,45.0,False,0.02
2026-02-04 00:00:00,2026-02-04,0,Wednesday,False,Airport_Corridor,Clear,0.108,60.0,1.0,60.0,28.8,44.4,18.6,0.6466,0.6466,-0.351,1116.25,45.0,False,0.02
2026-02-04 01:00:00,2026-02-04,1,Wednesday,False,Airport_Corridor,Clear,0.115,60.0,1.0,60.0,31.1,52.3,22.3,0.7178,0.7178,-0.406,1337.89,45.0,False,0.02
2026-02-04 02:00:00,2026-02-04,2,Wednesday,False,Airport_Corridor,Clear,0.129,60.0,1.0,60.0,32.4,50.3,21.8,0.6722,0.6722,-0.356,1305.31,45.0,False,0.02
2026-02-04 03:00:00,2026-02-04,3,Wednesday,False,Airport_Corridor,Clear,0.082,60.0,1.0,60.0,30.8,49.0,20.4,0.6627,0.6627,-0.372,1223.58,45.0,False,0.02
2026-02-04 04:00:00,2026-02-04,4,Wednesday,False,Airport_Corridor,Clear,0.06,60.0,1.0,60.0,33.7,61.9,22.9,0.6791,0.6791,-0.455,1374.86,45.0,False,0.02
2026-02-04 05:00:00,2026-02-04,5,Wednesday,False,Airport_Corridor,Clear,0.085,60.0,1.0,60.0,47.7,58.4,32.7,0.6842,0.6842,-0.183,1959.29,45.0,False,0.02
2026-02-04 06:00:00,2026-02-04,6,Wednesday,False,Airport_Corridor,Clear,0.111,60.0,1.05,63.02,72.0,66.4,46.1,0.64,0.64,0.084,2903.47,47.27,False,0.02
2026-02-04 07:00:00,2026-02-04,7,Wednesday,False,Airport_Corridor,Clear,0.219,60.0,1.547,92.84,133.9,70.0,57.6,0.4297,0.4297,0.912,5343.33,69.63,False,0.0324
2026-02-04 08:00:00,2026-02-04,8,Wednesday,False,Airport_Corridor,Clear,0.383,60.0,2.117,127.04,204.5,71.4,64.3,0.3146,0.3146,1.862,8171.75,95.28,False,0.0609
2026-02-04 09:00:00,2026-02-04,9,Wednesday,False,Airport_Corridor,Clear,0.309,60.0,1.84,110.37,196.4,81.9,70.9,0.3608,0.3608,1.399,7821.63,82.78,False,0.047
2026-02-04 10:00:00,2026-02-04,10,Wednesday,False,Airport_Corridor,Clear,0.256,60.0,1.491,89.47,145.0,79.7,63.3,0.4367,0.4367,0.819,5665.44,67.1,False,0.0296
2026-02-04 11:00:00,2026-02-04,11,Wednesday,False,Airport_Corridor,Clear,0.13,60.0,1.0,60.0,81.0,86.6,52.8,0.6513,0.6513,-0.064,3166.84,45.0,False,0.02
2026-02-04 12:00:00,2026-02-04,12,Wednesday,False,Airport_Corridor,Clear,0.092,60.0,1.0,60.0,51.4,78.3,35.0,0.6815,0.6815,-0.343,2102.29,45.0,False,0.02
2026-02-04 13:00:00,2026-02-04,13,Wednesday,False,Airport_Corridor,Clear,0.093,60.0,1.0,60.0,38.8,63.6,25.4,0.6554,0.6554,-0.39,1526.68,45.0,False,0.02
2026-02-04 14:00:00,2026-02-04,14,Wednesday,False,Airport_Corridor,Clear,0.12,60.0,1.0,60.0,39.8,86.0,26.1,0.6564,0.6564,-0.537,1568.61,45.0,False,0.02
2026-02-04 15:00:00,2026-02-04,15,Wednesday,False,Airport_Corridor,Clear,0.106,60.0,1.0,60.0,64.3,78.3,42.9,0.6672,0.6672,-0.178,2575.85,45.0,False,0.02
2026-02-04 16:00:00,2026-02-04,16,Wednesday,False,Airport_Corridor,Clear,0.224,60.0,1.332,79.9,124.7,80.3,61.3,0.4918,0.4918,0.553,4898.4,59.93,False,0.0216
2026-02-04 17:00:00,2026-02-04,17,Wednesday,False,Airport_Corridor,Clear,0.35,60.0,1.622,97.32,150.8,74.0,60.4,0.4003,0.4003,1.037,5873.37,72.99,False,0.0361
2026-02-04 18:00:00,2026-02-04,18,Wednesday,False,Airport_Corridor,Clear,0.443,60.0,1.873,112.36,227.4,92.7,81.3,0.3573,0.3573,1.454,9129.71,84.27,False,0.0486
2026-02-04 19:00:00,2026-02-04,19,Wednesday,False,Airport_Corridor,Clear,0.378,60.0,1.994,119.63,229.1,86.2,74.9,0.327,0.327,1.656,8963.36,89.72,False,0.0547
2026-02-04 20:00:00,2026-02-04,20,Wednesday,False,Airport_Corridor,Clear,0.341,60.0,1.638,98.28,184.6,89.4,74.7,0.4045,0.4045,1.063,7337.56,73.71,False,0.0369
2026-02-04 21:00:00,2026-02-04,21,Wednesday,False,Airport_Corridor,Clear,0.198,60.0,1.205,72.31,111.7,83.2,61.7,0.5524,0.5524,0.342,4461.85,54.23,False,0.02
2026-02-04 22:00:00,2026-02-04,22,Wednesday,False,Airport_Corridor,Clear,0.138,60.0,1.0,60.0,69.0,84.2,46.4,0.673,0.673,-0.181,2784.31,45.0,False,0.02
2026-02-04 23:00:00,2026-02-04,23,Wednesday,False,Airport_Corridor,Clear,0.089,60.0,1.0,60.0,42.6,73.6,29.1,0.6822,0.6822,-0.421,1743.14,45.0,False,0.02
2026-02-05 00:00:00,2026-02-05,0,Thursday,False,Airport_Corridor,Clear,0.075,60.0,1.0,60.0,33.0,44.1,22.4,0.6789,0.6789,-0.252,1343.89,45.0,False,0.02
2026-02-05 01:00:00,2026-02-05,1,Thursday,False,Airport_Corridor,Clear,0.08,60.0,1.0,60.0,33.1,49.3,22.2,0.6708,0.6708,-0.328,1331.47,45.0,False,0.02
2026-02-05 02:00:00,2026-02-05,2,Thursday,False,Airport_Corridor,Clear,0.114,60.0,1.0,60.0,31.5,54.0,20.8,0.6599,0.6599,-0.417,1246.34,45.0,False,0.02
2026-02-05 03:00:00,2026-02-05,3,Thursday,False,Airport_Corridor,Clear,0.101,60.0,1.0,60.0,36.2,53.1,24.9,0.69,0.69,-0.319,1496.97,45.0,False,0.02
2026-02-05 04:00:00,2026-02-05,4,Thursday,False,Airport_Corridor,Clear,0.068,60.0,1.0,60.0,36.8,55.1,25.2,0.6848,0.6848,-0.332,1512.67,45.0,False,0.02
2026-02-05 05:00:00,2026-02-05,5,Thursday,False,Airport_Corridor,Clear,0.113,60.0,1.0,60.0,49.1,62.7,33.8,0.6884,0.6884,-0.217,2028.05,45.0,False,0.02
2026-02-05 06:00:00,2026-02-05,6,Thursday,False,Airport_Corridor,Clear,0.173,60.0,1.222,73.35,92.4,67.4,50.3,0.5444,0.5444,0.371,3691.14,55.01,False,0.02
2026-02-05 07:00:00,2026-02-05,7,Thursday,False,Airport_Corridor,Clear,0.289,60.0,1.463,87.81,133.0,75.1,58.5,0.4396,0.4396,0.772,5135.84,65.86,False,0.0282
2026-02-05 08:00:00,2026-02-05,8,Thursday,False,Airport_Corridor,Clear,0.334,60.0,2.116,126.97,189.6,66.3,59.1,0.3119,0.3119,1.86,7509.33,95.23,False,0.0608
2026-02-05 09:00:00,2026-02-05,9,Thursday,False,Airport_Corridor,Clear,0.328,60.0,2.03,121.78,202.9,74.7,66.6,0.3282,0.3282,1.716,8107.89,91.34,False,0.0565
2026-02-05 10:00:00,2026-02-05,10,Thursday,False,Airport_Corridor,Clear,0.26,60.0,1.754,105.23,170.7,75.7,64.3,0.3765,0.3765,1.256,6762.6,78.92,False,0.0427
2026-02-05 11:00:00,2026-02-05,11,Thursday,False,Airport_Corridor,Clear,0.104,60.0,1.0,60.0,78.0,82.2,52.3,0.6708,0.6708,-0.05,3140.88,45.0,False,0.02
2026-02-05 12:00:00,2026-02-05,12,Thursday,False,Airport_Corridor,Clear,0.064,60.0,1.0,60.0,47.1,70.5,31.9,0.6779,0.6779,-0.332,1915.72,45.0,False,0.02
2026-02-05 13:00:00,2026-02-05,13,Thursday,False,Airport_Corridor,Clear,0.034,60.0,1.0,60.0,36.2,71.0,24.5,0.6782,0.6782,-0.491,1471.3,45.0,False,0.02
2026-02-05 14:00:00,2026-02-05,14,Thursday,False,Airport_Corridor,Clear,0.035,60.0,1.0,60.0,38.8,69.8,25.6,0.6587,0.6587,-0.444,1534.39,45.0,False,0.02
2026-02-05 15:00:00,2026-02-05,15,Thursday,False,Airport_Corridor,Clear,0.126,60.0,1.0,60.0,62.9,76.3,42.0,0.6681,0.6681,-0.175,2522.71,45.0,False,0.02
2026-02-05 16:00:00,2026-02-05,16,Thursday,False,Airport_Corridor,Clear,0.184,60.0,1.215,72.87,107.0,78.8,57.6,0.5387,0.5387,0.358,4200.16,54.65,False,0.02
2026-02-05 17:00:00,2026-02-05,17,Thursday,False,Airport_Corridor,Clear,0.337,60.0,1.518,91.09,153.0,82.1,65.7,0.4296,0.4296,0.863,5986.33,68.32,False,0.0309
2026-02-05 18:00:00,2026-02-05,18,Thursday,False,Airport_Corridor,Clear,0.449,60.0,1.996,119.77,216.4,81.3,70.1,0.3241,0.3241,1.66,8400.29,89.83,False,0.0548
2026-02-05 19:00:00,2026-02-05,19,Thursday,False,Airport_Corridor,Clear,0.468,60.0,1.853,111.16,202.9,83.8,72.9,0.3594,0.3594,1.421,8105.57,83.37,False,0.0476
2026-02-05 20:00:00,2026-02-05,20,Thursday,False,Airport_Corridor,Clear,0.315,60.0,1.571,94.28,163.1,83.6,67.8,0.4156,0.4156,0.952,6391.16,70.71,False,0.0336
2026-02-05 21:00:00,2026-02-05,21,Thursday,False,Airport_Corridor,Clear,0.213,60.0,1.308,78.5,117.9,77.9,59.7,0.5062,0.5062,0.514,4686.35,58.88,False,0.0204
2026-02-05 22:00:00,2026-02-05,22,Thursday,False,Airport_Corridor,Clear,0.12,60.0,1.0,60.0,62.8,71.8,42.3,0.673,0.673,-0.126,2535.96,45.0,False,0.02
2026-02-05 23:00:00,2026-02-05,23,Thursday,False,Airport_Corridor,Clear,0.055,60.0,1.0,60.0,41.0,68.3,26.8,0.6524,0.6524,-0.4,1605.21,45.0,False,0.02
2026-02-06 00:00:00,2026-02-06,0,Friday,False,Airport_Corridor,Clear,0.017,60.0,1.0,60.0,31.6,42.4,20.7,0.6544,0.6544,-0.254,1240.03,45.0,False,0.02
2026-02-06 01:00:00,2026-02-06,1,Friday,False,Airport_Corridor,Clear,0.025,60.0,1.0,60.0,33.4,48.1,21.9,0.6562,0.6562,-0.305,1315.52,45.0,False,0.02
2026-02-06 02:00:00,2026-02-06,2,Friday,False,Airport_Corridor,Clear,0.045,60.0,1.0,60.0,29.6,50.3,20.2,0.6833,0.6833,-0.411,1214.4,45.0,False,0.02
2026-02-06 03:00:00,2026-02-06,3,Friday,False,Airport_Corridor,Clear,0.042,60.0,1.0,60.0,30.4,56.7,20.7,0.6792,0.6792,-0.464,1239.02,45.0,False,0.02
2026-02-06 04:00:00,2026-02-06,4,Friday,False,Airport_Corridor,Clear,0.082,60.0,1.0,60.0,34.2,55.7,23.3,0.6795,0.6795,-0.385,1396.18,45.0,False,0.02
2026-02-06 05:00:00,2026-02-06,5,Friday,False,Airport_Corridor,Clear,0.108,60.0,1.0,60.0,50.4,65.4,34.4,0.6818,0.6818,-0.229,2063.74,45.0,False,0.02
2026-02-06 06:00:00,2026-02-06,6,Friday,False,Airport_Corridor,Clear,0.13,60.0,1.286,77.14,93.8,63.6,47.2,0.5034,0.5034,0.476,3642.95,57.86,False,0.02
2026-02-06 07:00:00,2026-02-06,7,Friday,False,Airport_Corridor,Clear,0.245,60.0,1.548,92.88,143.2,74.9,60.3,0.421,0.421,0.913,5600.38,69.66,False,0.0324
2026-02-06 08:00:00,2026-02-06,8,Friday,False,Airport_Corridor,Clear,0.321,60.0,1.744,104.62,181.1,80.9,68.7,0.3791,0.3791,1.24,7182.25,78.47,False,0.0422
2026-02-06 09:00:00,2026-02-06,9,Friday,False,Airport_Corridor,Clear,0.336,60.0,1.874,112.46,186.3,75.8,65.5,0.3518,0.3518,1.457,7369.48,84.34,False,0.0487
2026-02-06 10:00:00,2026-02-06,10,Friday,False,Airport_Corridor,Clear,0.227,60.0,1.281,76.88,126.2,85.9,63.2,0.5009,0.5009,0.469,4859.94,57.66,False,0.02
2026-02-06 11:00:00,2026-02-06,11,Friday,False,Airport_Corridor,Clear,0.144,60.0,1.059,63.57,87.7,79.8,53.8,0.6137,0.6137,0.099,3419.95,47.68,False,0.02
2026-02-06 12:00:00,2026-02-06,12,Friday,False,Airport_Corridor,Clear,0.092,60.0,1.0,60.0,43.7,80.5,29.5,0.6748,0.6748,-0.458,1768.15,45.0,False,0.02
2026-02-06 13:00:00,2026-02-06,13,Friday,False,Airport_Corridor,Clear,0.065,60.0,1.0,60.0,40.1,86.2,27.1,0.6766,0.6766,-0.535,1627.43,45.0,False,0.02
2026-02-06 14:00:00,2026-02-06,14,Friday,False,Airport_Corridor,Clear,0.047,60.0,1.0,60.0,39.2,74.5,26.0,0.6646,0.6646,-0.474,1562.03,45.0,False,0.02
2026-02-06 15:00:00,2026-02-06,15,Friday,False,Airport_Corridor,Clear,0.141,60.0,1.0,60.0,53.3,74.2,35.8,0.672,0.672,-0.282,2148.22,45.0,False,0.02
2026-02-06 16:00:00,2026-02-06,16,Friday,False,Airport_Corridor,Clear,0.221,60.0,1.304,78.26,122.1,81.0,62.1,0.5087,0.5087,0.507,4861.57,58.7,False,0.0202
2026-02-06 17:00:00,2026-02-06,17,Friday,False,Airport_Corridor,Clear,0.303,60.0,1.598,95.91,178.3,89.3,71.7,0.4023,0.4023,0.997,6881.54,71.93,False,0.0349
2026-02-06 18:00:00,2026-02-06,18,Friday,False,Airport_Corridor,Clear,0.398,60.0,2.022,121.35,207.2,76.6,68.3,0.3297,0.3297,1.704,8290.06,91.01,False,0.0561
2026-02-06 19:00:00,2026-02-06,19,Friday,False,Airport_Corridor,Clear,0.445,60.0,2.01,120.62,233.7,87.1,77.1,0.3298,0.3298,1.684,9295.44,90.47,False,0.0555
2026-02-06 20:00:00,2026-02-06,20,Friday,False,Airport_Corridor,Clear,0.304,60.0,1.676,100.58,176.3,82.9,70.3,0.3985,0.3985,1.127,7066.51,75.44,False,0.0388
2026-02-06 21:00:00,2026-02-06,21,Friday,False,Airport_Corridor,Clear,0.18,60.0,1.122,67.29,91.1,75.8,52.7,0.5782,0.5782,0.203,3545.76,50.47,False,0.02
2026-02-06 22:00:00,2026-02-06,22,Friday,False,Airport_Corridor,Clear,0.119,60.0,1.0,60.0,72.1,76.0,50.0,0.6933,0.6933,-0.052,2998.9,45.0,False,0.02
2026-02-06 23:00:00,2026-02-06,23,Friday,False,Airport_Corridor,Clear,0.064,60.0,1.0,60.0,37.1,65.7,24.4,0.6585,0.6585,-0.435,1466.08,45.0,False,0.02
2026-02-07 00:00:00,2026-02-07,0,Saturday,True,Airport_Corridor,Clear,0.088,60.0,1.0,60.0,37.2,44.8,24.4,0.655,0.655,-0.169,1463.76,45.0,False,0.02
2026-02-07 01:00:00,2026-02-07,1,Saturday,True,Airport_Corridor,Clear,0.068,60.0,1.0,60.0,42.5,51.4,27.7,0.6515,0.6515,-0.174,1660.12,45.0,False,0.02
2026-02-07 02:00:00,2026-02-07,2,Saturday,True,Airport_Corridor,Clear,0.095,60.0,1.0,60.0,43.5,51.3,29.9,0.6882,0.6882,-0.152,1795.41,45.0,False,0.02
2026-02-07 03:00:00,2026-02-07,3,Saturday,True,Airport_Corridor,Clear,0.12,60.0,1.0,60.0,40.0,54.1,26.1,0.6521,0.6521,-0.261,1563.75,45.0,False,0.02
2026-02-07 04:00:00,2026-02-07,4,Saturday,True,Airport_Corridor,Clear,0.04,60.0,1.0,60.0,35.5,54.9,24.4,0.6851,0.6851,-0.352,1461.08,45.0,False,0.02
2026-02-07 05:00:00,2026-02-07,5,Saturday,True,Airport_Corridor,Clear,0.124,60.0,1.0,60.0,43.8,53.7,29.7,0.6774,0.6774,-0.183,1781.07,45.0,False,0.02
2026-02-07 06:00:00,2026-02-07,6,Saturday,True,Airport_Corridor,Clear,0.101,60.0,1.0,60.0,48.4,55.8,31.9,0.6596,0.6596,-0.131,1916.63,45.0,False,0.02
2026-02-07 07:00:00,2026-02-07,7,Saturday,True,Airport_Corridor,Clear,0.119,60.0,1.031,61.87,57.6,54.7,38.0,0.6597,0.6597,0.052,2348.92,46.4,False,0.02
2026-02-07 08:00:00,2026-02-07,8,Saturday,True,Airport_Corridor,Clear,0.088,60.0,1.125,67.52,71.6,59.3,41.3,0.5762,0.5762,0.209,2787.19,50.64,False,0.02
2026-02-07 09:00:00,2026-02-07,9,Saturday,True,Airport_Corridor,Clear,0.171,60.0,1.111,66.66,81.6,68.8,47.3,0.5803,0.5803,0.185,3155.48,49.99,False,0.02
2026-02-07 10:00:00,2026-02-07,10,Saturday,True,Airport_Corridor,Clear,0.201,60.0,1.454,87.23,126.3,71.9,56.5,0.4476,0.4476,0.756,4930.03,65.42,False,0.0277
2026-02-07 11:00:00,2026-02-07,11,Saturday,True,Airport_Corridor,Clear,0.263,60.0,1.431,85.87,138.2,80.4,61.8,0.447,0.447,0.719,5302.92,64.4,False,0.0266
2026-02-07 12:00:00,2026-02-07,12,Saturday,True,Airport_Corridor,Clear,0.339,60.0,1.685,101.1,165.3,77.2,63.6,0.3847,0.3847,1.142,6429.93,75.82,False,0.0393
2026-02-07 13:00:00,2026-02-07,13,Saturday,True,Airport_Corridor,Clear,0.312,60.0,1.794,107.63,186.1,80.1,67.6,0.3632,0.3632,1.323,7273.83,80.72,False,0.0447
2026-02-07 14:00:00,2026-02-07,14,Saturday,True,Airport_Corridor,Clear,0.35,60.0,1.874,112.45,188.7,76.8,67.6,0.3582,0.3582,1.457,7602.37,84.34,False,0.0487
2026-02-07 15:00:00,2026-02-07,15,Saturday,True,Airport_Corridor,Clear,0.333,60.0,1.795,107.71,175.0,75.2,63.7,0.364,0.364,1.325,6859.71,80.78,False,0.0448
2026-02-07 16:00:00,2026-02-07,16,Saturday,True,Airport_Corridor,Clear,0.301,60.0,1.363,81.78,133.3,83.1,64.2,0.4814,0.4814,0.605,5250.05,61.34,False,0.0232
2026-02-07 17:00:00,2026-02-07,17,Saturday,True,Airport_Corridor,Clear,0.157,60.0,1.452,87.11,120.9,69.0,55.4,0.458,0.458,0.753,4823.38,65.33,False,0.0276
2026-02-07 18:00:00,2026-02-07,18,Saturday,True,Airport_Corridor,Clear,0.18,60.0,1.202,72.11,108.6,81.3,59.6,0.5485,0.5485,0.336,4296.77,54.08,False,0.02
2026-02-07 19:00:00,2026-02-07,19,Saturday,True,Airport_Corridor,Clear,0.191,60.0,1.329,79.76,114.3,73.8,56.7,0.4957,0.4957,0.549,4519.5,59.82,False,0.0215
2026-02-07 20:00:00,2026-02-07,20,Saturday,True,Airport_Corridor,Clear,0.239,60.0,1.489,89.33,128.8,71.0,56.7,0.4404,0.4404,0.815,5065.28,67.0,False,0.0294
2026-02-07 21:00:00,2026-02-07,21,Saturday,True,Airport_Corridor,Clear,0.302,60.0,2.098,125.86,178.2,63.0,54.7,0.3069,0.3069,1.83,6883.55,94.39,False,0.0599
2026-02-07 22:00:00,2026-02-07,22,Saturday,True,Airport_Corridor,Clear,0.388,60.0,2.262,135.74,203.4,65.5,59.4,0.2919,0.2919,2.104,8059.44,101.81,False,0.0681
2026-02-07 23:00:00,2026-02-07,23,Saturday,True,Airport_Corridor,Clear,0.311,60.0,2.498,149.85,192.1,55.0,51.7,0.2691,0.2691,2.496,7747.82,112.39,False,0.0799
2026-02-08 00:00:00,2026-02-08,0,Sunday,True,Airport_Corridor,Clear,0.083,60.0,1.0,60.0,36.3,47.6,25.0,0.6896,0.6896,-0.239,1500.88,45.0,False,0.02
2026-02-08 01:00:00,2026-02-08,1,Sunday,True,Airport_Corridor,Clear,0.096,60.0,1.0,60.0,37.2,49.4,24.9,0.6691,0.6691,-0.246,1495.1,45.0,False,0.02
2026-02-08 02:00:00,2026-02-08,2,Sunday,True,Airport_Corridor,Clear,0.007,60.0,1.0,60.0,42.4,48.8,28.5,0.6735,0.6735,-0.131,1712.94,45.0,False,0.02
2026-02-08 03:00:00,2026-02-08,3,Sunday,True,Airport_Corridor,Clear,0.084,60.0,1.0,60.0,43.4,51.5,29.1,0.6694,0.6694,-0.157,1743.34,45.0,False,0.02
2026-02-08 04:00:00,2026-02-08,4,Sunday,True,Airport_Corridor,Clear,0.061,60.0,1.0,60.0,40.4,50.9,26.7,0.6601,0.6601,-0.206,1601.1,45.0,False,0.02
2026-02-08 05:00:00,2026-02-08,5,Sunday,True,Airport_Corridor,Clear,0.1,60.0,1.0,60.0,44.9,59.0,29.3,0.6532,0.6532,-0.239,1759.05,45.0,False,0.02
2026-02-08 06:00:00,2026-02-08,6,Sunday,True,Airport_Corridor,Clear,0.153,60.0,1.0,60.0,49.3,53.6,33.7,0.6832,0.6832,-0.08,2021.13,45.0,False,0.02
2026-02-08 07:00:00,2026-02-08,7,Sunday,True,Airport_Corridor,Clear,0.078,60.0,1.0,60.0,53.7,55.0,35.8,0.6668,0.6668,-0.023,2148.26,45.0,False,0.02
2026-02-08 08:00:00,2026-02-08,8,Sunday,True,Airport_Corridor,Clear,0.133,60.0,1.094,65.65,73.6,63.6,44.5,0.6049,0.6049,0.157,2923.28,49.24,False,0.02
2026-02-08 09:00:00,2026-02-08,9,Sunday,True,Airport_Corridor,Clear,0.126,60.0,1.207,72.41,88.9,66.1,48.6,0.5459,0.5459,0.345,3516.09,54.31,False,0.02
2026-02-08 10:00:00,2026-02-08,10,Sunday,True,Airport_Corridor,Clear,0.173,60.0,1.429,85.74,117.4,68.4,52.9,0.4506,0.4506,0.715,4534.51,64.3,False,0.0265
2026-02-08 11:00:00,2026-02-08,11,Sunday,True,Airport_Corridor,Clear,0.23,60.0,1.4,84.01,130.7,78.4,61.5,0.4707,0.4707,0.667,5168.87,63.01,False,0.025
2026-02-08 12:00:00,2026-02-08,12,Sunday,True,Airport_Corridor,Clear,0.31,60.0,1.601,96.08,169.7,84.7,71.1,0.4191,0.4191,1.002,6831.75,72.06,False,0.0351
2026-02-08 13:00:00,2026-02-08,13,Sunday,True,Airport_Corridor,Clear,0.308,60.0,1.72,103.19,193.6,88.0,75.2,0.3882,0.3882,1.2,7757.07,77.39,False,0.041
2026-02-08 14:00:00,2026-02-08,14,Sunday,True,Airport_Corridor,Clear,0.361,60.0,1.716,102.94,184.8,84.3,69.7,0.3774,0.3774,1.193,7178.22,77.2,False,0.0408
2026-02-08 15:00:00,2026-02-08,15,Sunday,True,Airport_Corridor,Clear,0.29,60.0,1.438,86.28,146.6,84.7,67.8,0.4625,0.4625,0.73,5848.22,64.71,False,0.0269
2026-02-08 16:00:00,2026-02-08,16,Sunday,True,Airport_Corridor,Clear,0.307,60.0,1.612,96.75,160.7,79.5,65.3,0.4064,0.4064,1.021,6318.18,72.56,False,0.0356
2026-02-08 17:00:00,2026-02-08,17,Sunday,True,Airport_Corridor,Clear,0.27,60.0,1.45,86.98,125.2,71.6,57.5,0.4596,0.4596,0.749,5005.66,65.23,False,0.0275
2026-02-08 18:00:00,2026-02-08,18,Sunday,True,Airport_Corridor,Clear,0.241,60.0,1.315,78.88,115.1,75.5,56.8,0.4935,0.4935,0.524,4478.77,59.16,False,0.0207
2026-02-08 19:00:00,2026-02-08,19,Sunday,True,Airport_Corridor,Clear,0.254,60.0,1.161,69.67,97.6,76.9,55.1,0.5648,0.5648,0.269,3841.08,52.25,False,0.02
2026-02-08 20:00:00,2026-02-08,20,Sunday,True,Airport_Corridor,Clear,0.196,60.0,1.575,94.5,133.3,68.1,55.7,0.418,0.418,0.958,5265.48,70.88,False,0.0338
2026-02-08 21:00:00,2026-02-08,21,Sunday,True,Airport_Corridor,Clear,0.286,60.0,2.31,138.58,182.0,57.2,53.6,0.2948,0.2948,2.183,7434.46,103.94,False,0.0705
2026-02-08 22:00:00,2026-02-08,22,Sunday,True,Airport_Corridor,Clear,0.351,60.0,2.279,136.72,186.9,59.7,53.9,0.2886,0.2886,2.131,7375.3,102.54,False,0.0689
2026-02-08 23:00:00,2026-02-08,23,Sunday,True,Airport_Corridor,Clear,0.334,60.0,2.424,145.46,212.4,63.0,58.5,0.2753,0.2753,2.374,8508.3,109.09,False,0.0762
2026-02-09 00:00:00,2026-02-09,0,Monday,False,Airport_Corridor,Clear,0.06,60.0,1.0,60.0,32.1,44.2,21.4,0.6684,0.6684,-0.274,1286.46,45.0,False,0.02
2026-02-09 01:00:00,2026-02-09,1,Monday,False,Airport_Corridor,Clear,0.094,60.0,1.0,60.0,31.0,51.4,21.5,0.695,0.695,-0.398,1291.77,45.0,False,0.02
2026-02-09 02:00:00,2026-02-09,2,Monday,False,Airport_Corridor,Clear,0.065,60.0,1.0,60.0,29.7,47.5,19.9,0.6705,0.6705,-0.374,1195.71,45.0,False,0.02
2026-02-09 03:00:00,2026-02-09,3,Monday,False,Airport_Corridor,Clear,0.084,60.0,1.0,60.0,32.1,56.1,21.6,0.6745,0.6745,-0.428,1297.72,45.0,False,0.02
2026-02-09 04:00:00,2026-02-09,4,Monday,False,Airport_Corridor,Clear,0.1,60.0,1.0,60.0,37.5,57.8,25.5,0.6814,0.6814,-0.351,1532.85,45.0,False,0.02
2026-02-09 05:00:00,2026-02-09,5,Monday,False,Airport_Corridor,Clear,0.11,60.0,1.0,60.0,45.7,56.2,30.6,0.6693,0.6693,-0.188,1834.87,45.0,False,0.02
2026-02-09 06:00:00,2026-02-09,6,Monday,False,Airport_Corridor,Clear,0.164,60.0,1.164,69.85,89.5,70.2,50.7,0.5673,0.5673,0.274,3544.85,52.39,False,0.02
2026-02-09 07:00:00,2026-02-09,7,Monday,False,Airport_Corridor,Clear,0.245,60.0,1.597,95.82,147.0,73.7,60.2,0.4091,0.4091,0.995,5764.13,71.86,False,0.0349
2026-02-09 08:00:00,2026-02-09,8,Monday,False,Airport_Corridor,Clear,0.401,60.0,1.934,116.06,197.3,77.1,67.6,0.3428,0.3428,1.557,7848.38,87.05,False,0.0517
2026-02-09 09:00:00,2026-02-09,9,Monday,False,Airport_Corridor,Clear,0.382,60.0,1.607,96.41,159.0,79.0,65.0,0.4087,0.4087,1.011,6264.0,72.31,False,0.0353
2026-02-09 10:00:00,2026-02-09,10,Monday,False,Airport_Corridor,Clear,0.255,60.0,1.581,94.83,148.7,75.6,61.7,0.4152,0.4152,0.968,5854.98,71.12,False,0.034
2026-02-09 11:00:00,2026-02-09,11,Monday,False,Airport_Corridor,Clear,0.176,60.0,1.077,64.64,89.0,78.9,55.4,0.6225,0.6225,0.129,3582.89,48.48,False,0.02
2026-02-09 12:00:00,2026-02-09,12,Monday,False,Airport_Corridor,Clear,0.152,60.0,1.0,60.0,49.2,81.4,32.6,0.664,0.664,-0.396,1958.86,45.0,False,0.02
2026-02-09 13:00:00,2026-02-09,13,Monday,False,Airport_Corridor,Clear,0.067,60.0,1.0,60.0,38.4,78.8,25.8,0.6739,0.6739,-0.513,1550.83,45.0,False,0.02
2026-02-09 14:00:00,2026-02-09,14,Monday,False,Airport_Corridor,Clear,0.125,60.0,1.0,60.0,37.0,74.7,24.7,0.6662,0.6662,-0.504,1480.99,45.0,False,0.02
2026-02-09 15:00:00,2026-02-09,15,Monday,False,Airport_Corridor,Clear,0.094,60.0,1.0,60.0,55.4,81.8,37.2,0.6726,0.6726,-0.323,2234.09,45.0,False,0.02
2026-02-09 16:00:00,2026-02-09,16,Monday,False,Airport_Corridor,Clear,0.232,60.0,1.276,76.58,104.6,71.6,53.4,0.5103,0.5103,0.461,4086.84,57.44,False,0.02
2026-02-09 17:00:00,2026-02-09,17,Monday,False,Airport_Corridor,Clear,0.326,60.0,1.56,93.6,163.5,84.5,67.5,0.4127,0.4127,0.933,6314.43,70.2,False,0.033
2026-02-09 18:00:00,2026-02-09,18,Monday,False,Airport_Corridor,Clear,0.402,60.0,1.909,114.54,237.6,94.5,83.1,0.3499,0.3499,1.515,9522.34,85.91,False,0.0505
2026-02-09 19:00:00,2026-02-09,19,Monday,False,Airport_Corridor,Clear,0.443,60.0,2.433,146.0,252.2,74.4,69.0,0.2735,0.2735,2.389,10073.32,109.5,False,0.0767
2026-02-09 20:00:00,2026-02-09,20,Monday,False,Airport_Corridor,Clear,0.289,60.0,1.615,96.9,169.7,83.8,70.3,0.414,0.414,1.025,6808.14,72.68,False,0.0358
2026-02-09 21:00:00,2026-02-09,21,Monday,False,Airport_Corridor,Clear,0.205,60.0,1.195,71.73,104.2,78.6,58.5,0.5613,0.5613,0.326,4194.23,53.8,False,0.02
2026-02-09 22:00:00,2026-02-09,22,Monday,False,Airport_Corridor,Clear,0.088,60.0,1.0,60.0,64.4,76.0,43.0,0.6677,0.6677,-0.152,2581.68,45.0,False,0.02
2026-02-09 23:00:00,2026-02-09,23,Monday,False,Airport_Corridor,Clear,0.098,60.0,1.0,60.0,39.3,65.7,26.6,0.6779,0.6779,-0.403,1597.34,45.0,False,0.02
2026-02-10 00:00:00,2026-02-10,0,Tuesday,False,Airport_Corridor,Clear,0.04,60.0,1.0,60.0,33.7,44.5,22.7,0.674,0.674,-0.243,1362.13,45.0,False,0.02
2026-02-10 01:00:00,2026-02-10,1,Tuesday,False,Airport_Corridor,Clear,0.048,60.0,1.0,60.0,30.1,51.8,19.7,0.6556,0.6556,-0.42,1182.33,45.0,False,0.02
2026-02-10 02:00:00,2026-02-10,2,Tuesday,False,Airport_Corridor,Clear,0.114,60.0,1.0,60.0,30.2,55.7,20.3,0.6741,0.6741,-0.459,1219.52,45.0,False,0.02
2026-02-10 03:00:00,2026-02-10,3,Tuesday,False,Airport_Corridor,Clear,0.126,60.0,1.0,60.0,26.4,54.1,17.6,0.667,0.667,-0.512,1054.86,45.0,False,0.02
2026-02-10 04:00:00,2026-02-10,4,Tuesday,False,Airport_Corridor,Clear,0.056,60.0,1.0,60.0,35.3,58.0,23.6,0.6687,0.6687,-0.391,1416.21,45.0,False,0.02
2026-02-10 05:00:00,2026-02-10,5,Tuesday,False,Airport_Corridor,Clear,0.071,60.0,1.0,60.0,54.2,68.4,36.9,0.6817,0.6817,-0.208,2215.54,45.0,False,0.02
2026-02-10 06:00:00,2026-02-10,6,Tuesday,False,Airport_Corridor,Clear,0.186,60.0,1.169,70.15,92.2,72.0,52.0,0.5632,0.5632,0.282,3644.72,52.61,False,0.02
2026-02-10 07:00:00,2026-02-10,7,Tuesday,False,Airport_Corridor,Clear,0.288,60.0,1.592,95.54,140.8,70.9,57.9,0.4111,0.4111,0.987,5530.64,71.66,False,0.0346
2026-02-10 08:00:00,2026-02-10,8,Tuesday,False,Airport_Corridor,Clear,0.32,60.0,1.705,102.28,179.7,82.6,70.3,0.3912,0.3912,1.174,7189.86,76.71,False,0.0402
2026-02-10 09:00:00,2026-02-10,9,Tuesday,False,Airport_Corridor,Clear,0.36,60.0,1.581,94.85,175.8,89.3,73.9,0.4202,0.4202,0.968,7007.52,71.14,False,0.034
2026-02-10 10:00:00,2026-02-10,10,Tuesday,False,Airport_Corridor,Clear,0.256,60.0,1.407,84.43,133.8,79.7,61.6,0.4602,0.4602,0.679,5199.98,63.32,False,0.0254
2026-02-10 11:00:00,2026-02-10,11,Tuesday,False,Airport_Corridor,Clear,0.216,60.0,1.021,61.26,83.5,80.7,53.4,0.6387,0.6387,0.035,3268.86,45.95,False,0.02
2026-02-10 12:00:00,2026-02-10,12,Tuesday,False,Airport_Corridor,Clear,0.078,60.0,1.0,60.0,50.1,81.7,34.7,0.6927,0.6927,-0.387,2083.29,45.0,False,0.02
2026-02-10 13:00:00,2026-02-10,13,Tuesday,False,Airport_Corridor,Clear,0.08,60.0,1.0,60.0,39.9,79.1,26.0,0.6515,0.6515,-0.495,1561.69,45.0,False,0.02
2026-02-10 14:00:00,2026-02-10,14,Tuesday,False,Airport_Corridor,Clear,0.083,60.0,1.0,60.0,38.5,80.1,26.7,0.6947,0.6947,-0.52,1603.16,45.0,False,0.02
2026-02-10 15:00:00,2026-02-10,15,Tuesday,False,Airport_Corridor,Clear,0.066,60.0,1.0,60.0,56.8,92.7,38.5,0.6777,0.6777,-0.387,2308.83,45.0,False,0.02
2026-02-10 16:00:00,2026-02-10,16,Tuesday,False,Airport_Corridor,Clear,0.203,60.0,1.122,67.35,93.3,77.5,54.2,0.5811,0.5811,0.204,3652.42,50.51,False,0.02
2026-02-10 17:00:00,2026-02-10,17,Tuesday,False,Airport_Corridor,Clear,0.406,60.0,1.627,97.6,174.2,85.2,70.6,0.4051,0.4051,1.045,6887.33,73.2,False,0.0363
2026-02-10 18:00:00,2026-02-10,18,Tuesday,False,Airport_Corridor,Clear,0.465,60.0,2.217,133.0,238.9,78.9,71.5,0.2994,0.2994,2.028,9511.64,99.75,False,0.0658
2026-02-10 19:00:00,2026-02-10,19,Tuesday,False,Airport_Corridor,Clear,0.442,60.0,2.049,122.94,242.4,88.2,77.9,0.3216,0.3216,1.748,9582.7,92.2,False,0.0575
2026-02-10 20:00:00,2026-02-10,20,Tuesday,False,Airport_Corridor,Clear,0.353,60.0,1.811,108.64,184.7,78.6,68.2,0.369,0.369,1.351,7405.65,81.48,False,0.0455
2026-02-10 21:00:00,2026-02-10,21,Tuesday,False,Airport_Corridor,Clear,0.22,60.0,1.209,72.55,113.2,84.0,61.5,0.5428,0.5428,0.349,4459.93,54.41,False,0.02
2026-02-10 22:00:00,2026-02-10,22,Tuesday,False,Airport_Corridor,Clear,0.15,60.0,1.0,60.0,54.7,77.5,36.8,0.673,0.673,-0.295,2207.77,45.0,False,0.02
2026-02-10 23:00:00,2026-02-10,23,Tuesday,False,Airport_Corridor,Clear,0.078,60.0,1.0,60.0,40.8,69.3,26.8,0.6576,0.6576,-0.411,1609.46,45.0,False,0.02
2026-02-11 00:00:00,2026-02-11,0,Wednesday,False,Airport_Corridor,Rain,0.188,60.0,1.0,60.0,30.3,47.0,19.7,0.65,0.65,-0.355,1182.38,45.0,False,0.02
2026-02-11 01:00:00,2026-02-11,1,Wednesday,False,Airport_Corridor,Rain,0.199,60.0,1.0,60.0,36.3,46.9,23.9,0.6571,0.6571,-0.225,1432.8,45.0,False,0.02
2026-02-11 02:00:00,2026-02-11,2,Wednesday,False,Airport_Corridor,Rain,0.195,60.0,1.0,60.0,37.0,50.5,23.6,0.638,0.638,-0.267,1416.98,45.0,False,0.02
2026-02-11 03:00:00,2026-02-11,3,Wednesday,False,Airport_Corridor,Rain,0.102,60.0,1.0,60.0,39.5,51.2,24.8,0.6286,0.6286,-0.228,1488.98,45.0,False,0.02
2026-02-11 04:00:00,2026-02-11,4,Wednesday,False,Airport_Corridor,Rain,0.222,60.0,1.0,60.0,38.1,55.6,24.5,0.6417,0.6417,-0.314,1467.69,45.0,False,0.02
2026-02-11 05:00:00,2026-02-11,5,Wednesday,False,Airport_Corridor,Rain,0.197,60.0,1.0,60.0,48.5,66.1,30.2,0.622,0.622,-0.266,1810.19,45.0,False,0.02
2026-02-11 06:00:00,2026-02-11,6,Wednesday,False,Airport_Corridor,Rain,0.299,60.0,1.192,71.51,89.4,67.8,47.4,0.5298,0.5298,0.32,3388.58,53.63,False,0.02
2026-02-11 07:00:00,2026-02-11,7,Wednesday,False,Airport_Corridor,Rain,0.355,60.0,1.453,87.18,136.5,77.8,58.2,0.4266,0.4266,0.755,5075.89,65.39,False,0.0277
2026-02-11 08:00:00,2026-02-11,8,Wednesday,False,Airport_Corridor,Rain,0.559,60.0,1.819,109.13,199.0,84.2,68.1,0.3422,0.3422,1.365,7433.67,81.85,False,0.0459
2026-02-11 09:00:00,2026-02-11,9,Wednesday,False,Airport_Corridor,Rain,0.54,60.0,1.973,118.36,228.1,87.0,75.0,0.3289,0.3289,1.621,8877.48,88.77,False,0.0536
2026-02-11 10:00:00,2026-02-11,10,Wednesday,False,Airport_Corridor,Rain,0.453,60.0,1.709,102.55,162.6,74.5,56.8,0.349,0.349,1.182,5819.79,76.91,False,0.0405
2026-02-11 11:00:00,2026-02-11,11,Wednesday,False,Airport_Corridor,Rain,0.343,60.0,1.143,68.57,93.7,75.7,51.6,0.5503,0.5503,0.238,3535.59,51.43,False,0.02
2026-02-11 12:00:00,2026-02-11,12,Wednesday,False,Airport_Corridor,Rain,0.211,60.0,1.0,60.0,53.6,78.9,34.4,0.6418,0.6418,-0.32,2065.28,45.0,False,0.02
2026-02-11 13:00:00,2026-02-11,13,Wednesday,False,Airport_Corridor,Rain,0.188,60.0,1.0,60.0,43.1,77.1,27.3,0.6337,0.6337,-0.44,1640.51,45.0,False,0.02
2026-02-11 14:00:00,2026-02-11,14,Wednesday,False,Airport_Corridor,Rain,0.291,60.0,1.0,60.0,40.6,78.9,26.8,0.6591,0.6591,-0.485,1605.64,45.0,False,0.02
2026-02-11 15:00:00,2026-02-11,15,Wednesday,False,Airport_Corridor,Rain,0.275,60.0,1.0,60.0,62.3,74.2,38.8,0.6225,0.6225,-0.16,2326.88,45.0,False,0.02
2026-02-11 16:00:00,2026-02-11,16,Wednesday,False,Airport_Corridor,Rain,0.355,60.0,1.286,77.16,122.7,83.1,59.5,0.4848,0.4848,0.477,4591.88,57.87,False,0.02
2026-02-11 17:00:00,2026-02-11,17,Wednesday,False,Airport_Corridor,Rain,0.498,60.0,1.775,106.47,198.9,86.8,70.3,0.3534,0.3534,1.291,7484.8,79.85,False,0.0437
2026-02-11 18:00:00,2026-02-11,18,Wednesday,False,Airport_Corridor,Rain,0.527,60.0,1.909,114.54,212.7,84.6,68.4,0.3217,0.3217,1.515,7839.4,85.91,False,0.0505
2026-02-11 19:00:00,2026-02-11,19,Wednesday,False,Airport_Corridor,Rain,0.623,60.0,2.46,147.63,271.5,79.1,70.4,0.2592,0.2592,2.434,10390.47,110.72,False,0.078
2026-02-11 20:00:00,2026-02-11,20,Wednesday,False,Airport_Corridor,Rain,0.455,60.0,1.683,100.99,190.3,89.0,70.9,0.3728,0.3728,1.138,7163.59,75.74,False,0.0392
2026-02-11 21:00:00,2026-02-11,21,Wednesday,False,Airport_Corridor,Rain,0.354,60.0,1.258,75.5,111.6,78.0,56.0,0.5017,0.5017,0.431,4229.22,56.62,False,0.02
2026-02-11 22:00:00,2026-02-11,22,Wednesday,False,Airport_Corridor,Rain,0.254,60.0,1.0,60.0,65.4,78.6,41.5,0.6337,0.6337,-0.167,2488.44,45.0,False,0.02
2026-02-11 23:00:00,2026-02-11,23,Wednesday,False,Airport_Corridor,Rain,0.223,60.0,1.0,60.0,41.9,69.1,26.3,0.6272,0.6272,-0.394,1576.8,45.0,False,0.02
2026-02-12 00:00:00,2026-02-12,0,Thursday,False,Airport_Corridor,Clear,0.014,60.0,1.0,60.0,26.3,47.3,18.3,0.6938,0.6938,-0.443,1095.49,45.0,False,0.02
2026-02-12 01:00:00,2026-02-12,1,Thursday,False,Airport_Corridor,Clear,0.043,60.0,1.0,60.0,37.4,49.4,24.3,0.6484,0.6484,-0.242,1455.01,45.0,False,0.02
2026-02-12 02:00:00,2026-02-12,2,Thursday,False,Airport_Corridor,Clear,0.059,60.0,1.0,60.0,32.6,48.9,21.6,0.6631,0.6631,-0.333,1298.27,45.0,False,0.02
2026-02-12 03:00:00,2026-02-12,3,Thursday,False,Airport_Corridor,Clear,0.049,60.0,1.0,60.0,31.0,48.5,20.7,0.6663,0.6663,-0.36,1241.02,45.0,False,0.02
2026-02-12 04:00:00,2026-02-12,4,Thursday,False,Airport_Corridor,Clear,0.042,60.0,1.0,60.0,34.0,65.6,22.7,0.6674,0.6674,-0.482,1359.63,45.0,False,0.02
2026-02-12 05:00:00,2026-02-12,5,Thursday,False,Airport_Corridor,Clear,0.034,60.0,1.0,60.0,51.8,67.1,33.4,0.6437,0.6437,-0.227,2002.23,45.0,False,0.02
2026-02-12 06:00:00,2026-02-12,6,Thursday,False,Airport_Corridor,Clear,0.114,60.0,1.134,68.07,89.3,73.0,52.1,0.5834,0.5834,0.224,3547.13,51.05,False,0.02
2026-02-12 07:00:00,2026-02-12,7,Thursday,False,Airport_Corridor,Clear,0.255,60.0,1.706,102.33,162.2,74.5,62.8,0.3875,0.3875,1.176,6429.71,76.75,False,0.0403
2026-02-12 08:00:00,2026-02-12,8,Thursday,False,Airport_Corridor,Clear,0.378,60.0,2.074,124.44,216.8,77.7,70.2,0.3236,0.3236,1.79,8729.9,93.33,False,0.0587
2026-02-12 09:00:00,2026-02-12,9,Thursday,False,Airport_Corridor,Clear,0.39,60.0,2.083,124.97,196.5,70.1,62.2,0.3166,0.3166,1.805,7775.48,93.73,False,0.0591
2026-02-12 10:00:00,2026-02-12,10,Thursday,False,Airport_Corridor,Clear,0.259,60.0,1.33,79.81,125.6,81.0,63.4,0.505,0.505,0.55,5063.14,59.86,False,0.0215
2026-02-12 11:00:00,2026-02-12,11,Thursday,False,Airport_Corridor,Clear,0.222,60.0,1.096,65.77,87.6,75.5,54.1,0.6169,0.6169,0.16,3555.99,49.33,False,0.02
2026-02-12 12:00:00,2026-02-12,12,Thursday,False,Airport_Corridor,Clear,0.124,60.0,1.0,60.0,36.9,73.5,23.6,0.6394,0.6394,-0.498,1416.53,45.0,False,0.02
2026-02-12 13:00:00,2026-02-12,13,Thursday,False,Airport_Corridor,Clear,0.046,60.0,1.0,60.0,36.7,74.4,24.4,0.6657,0.6657,-0.507,1466.2,45.0,False,0.02
2026-02-12 14:00:00,2026-02-12,14,Thursday,False,Airport_Corridor,Clear,0.062,60.0,1.0,60.0,45.6,77.5,29.8,0.6537,0.6537,-0.412,1787.26,45.0,False,0.02
2026-02-12 15:00:00,2026-02-12,15,Thursday,False,Airport_Corridor,Clear,0.15,60.0,1.0,60.0,58.7,81.7,40.4,0.6886,0.6886,-0.282,2423.78,45.0,False,0.02
2026-02-12 16:00:00,2026-02-12,16,Thursday,False,Airport_Corridor,Clear,0.184,60.0,1.225,73.5,116.9,85.0,61.9,0.5292,0.5292,0.375,4547.71,55.12,False,0.02
2026-02-12 17:00:00,2026-02-12,17,Thursday,False,Airport_Corridor,Clear,0.331,60.0,1.502,90.1,156.2,85.1,66.1,0.4233,0.4233,0.836,5957.2,67.57,False,0.0301
2026-02-12 18:00:00,2026-02-12,18,Thursday,False,Airport_Corridor,Clear,0.466,60.0,2.08,124.79,253.0,90.3,81.5,0.3222,0.3222,1.8,10169.71,93.59,False,0.059
2026-02-12 19:00:00,2026-02-12,19,Thursday,False,Airport_Corridor,Clear,0.394,60.0,1.958,117.45,214.0,82.4,74.0,0.3458,0.3458,1.596,8689.11,88.09,False,0.0529
2026-02-12 20:00:00,2026-02-12,20,Thursday,False,Airport_Corridor,Clear,0.331,60.0,1.648,98.87,172.1,82.7,69.0,0.4011,0.4011,1.08,6823.23,74.15,False,0.0374
2026-02-12 21:00:00,2026-02-12,21,Thursday,False,Airport_Corridor,Clear,0.211,60.0,1.304,78.27,112.4,74.6,57.9,0.5149,0.5149,0.507,4529.51,58.7,False,0.0202
2026-02-12 22:00:00,2026-02-12,22,Thursday,False,Airport_Corridor,Clear,0.082,60.0,1.0,60.0,55.1,74.2,37.7,0.6832,0.6832,-0.257,2260.0,45.0,False,0.02
2026-02-12 23:00:00,2026-02-12,23,Thursday,False,Airport_Corridor,Clear,0.034,60.0,1.0,60.0,38.7,58.6,25.5,0.6587,0.6587,-0.34,1530.88,45.0,False,0.02
2026-02-13 00:00:00,2026-02-13,0,Friday,False,Airport_Corridor,Clear,0.105,60.0,1.0,60.0,31.9,40.7,22.0,0.6897,0.6897,-0.218,1318.26,45.0,False,0.02
2026-02-13 01:00:00,2026-02-13,1,Friday,False,Airport_Corridor,Clear,0.094,60.0,1.0,60.0,30.3,44.3,20.2,0.6664,0.6664,-0.316,1210.75,45.0,False,0.02
2026-02-13 02:00:00,2026-02-13,2,Friday,False,Airport_Corridor,Clear,0.063,60.0,1.0,60.0,33.7,48.2,22.4,0.6652,0.6652,-0.3,1346.21,45.0,False,0.02
2026-02-13 03:00:00,2026-02-13,3,Friday,False,Airport_Corridor,Clear,0.07,60.0,1.0,60.0,33.1,53.6,21.8,0.658,0.658,-0.383,1306.63,45.0,False,0.02
2026-02-13 04:00:00,2026-02-13,4,Friday,False,Airport_Corridor,Clear,0.089,60.0,1.0,60.0,36.4,58.0,24.6,0.6757,0.6757,-0.373,1474.31,45.0,False,0.02
2026-02-13 05:00:00,2026-02-13,5,Friday,False,Airport_Corridor,Clear,0.041,60.0,1.0,60.0,46.8,62.3,31.9,0.6817,0.6817,-0.249,1914.98,45.0,False,0.02
2026-02-13 06:00:00,2026-02-13,6,Friday,False,Airport_Corridor,Clear,0.167,60.0,1.061,63.64,85.1,77.3,53.2,0.6245,0.6245,0.101,3382.77,47.73,False,0.02
2026-02-13 07:00:00,2026-02-13,7,Friday,False,Airport_Corridor,Clear,0.184,60.0,1.485,89.09,141.3,78.2,63.1,0.4468,0.4468,0.808,5625.54,66.82,False,0.0292
2026-02-13 08:00:00,2026-02-13,8,Friday,False,Airport_Corridor,Clear,0.393,60.0,2.046,122.73,216.5,78.9,68.2,0.3151,0.3151,1.743,8372.06,92.05,False,0.0573
2026-02-13 09:00:00,2026-02-13,9,Friday,False,Airport_Corridor,Clear,0.375,60.0,1.962,117.69,196.7,75.6,66.8,0.3397,0.3397,1.603,7864.91,88.27,False,0.0531
2026-02-13 10:00:00,2026-02-13,10,Friday,False,Airport_Corridor,Clear,0.261,60.0,1.593,95.6,146.8,73.8,59.9,0.4081,0.4081,0.989,5726.72,71.7,False,0.0347
2026-02-13 11:00:00,2026-02-13,11,Friday,False,Airport_Corridor,Clear,0.178,60.0,1.0,60.0,75.5,82.7,50.1,0.6646,0.6646,-0.088,3008.75,45.0,False,0.02
2026-02-13 12:00:00,2026-02-13,12,Friday,False,Airport_Corridor,Clear,0.097,60.0,1.0,60.0,48.9,82.2,33.5,0.6839,0.6839,-0.405,2007.82,45.0,False,0.02
2026-02-13 13:00:00,2026-02-13,13,Friday,False,Airport_Corridor,Clear,0.079,60.0,1.0,60.0,35.7,69.6,24.5,0.6854,0.6854,-0.487,1468.72,45.0,False,0.02
2026-02-13 14:00:00,2026-02-13,14,Friday,False,Airport_Corridor,Clear,0.044,60.0,1.0,60.0,44.7,75.8,29.5,0.6595,0.6595,-0.411,1767.33,45.0,False,0.02
2026-02-13 15:00:00,2026-02-13,15,Friday,False,Airport_Corridor,Clear,0.17,60.0,1.0,60.0,68.6,77.8,47.9,0.6979,0.6979,-0.118,2871.2,45.0,False,0.02
2026-02-13 16:00:00,2026-02-13,16,Friday,False,Airport_Corridor,Clear,0.212,60.0,1.396,83.79,135.9,81.8,62.7,0.4611,0.4611,0.661,5251.98,62.84,False,0.0248
2026-02-13 17:00:00,2026-02-13,17,Friday,False,Airport_Corridor,Clear,0.321,60.0,1.652,99.12,178.3,85.5,69.6,0.3904,0.3904,1.087,6900.97,74.34,False,0.0376
2026-02-13 18:00:00,2026-02-13,18,Friday,False,Airport_Corridor,Clear,0.445,60.0,2.182,130.93,247.9,83.5,76.2,0.3074,0.3074,1.97,9977.56,98.2,False,0.0641
2026-02-13 19:00:00,2026-02-13,19,Friday,False,Airport_Corridor,Clear,0.432,60.0,2.199,131.94,257.8,86.0,76.5,0.2967,0.2967,1.998,10089.01,98.95,False,0.065
2026-02-13 20:00:00,2026-02-13,20,Friday,False,Airport_Corridor,Clear,0.352,60.0,1.817,109.04,197.5,83.6,72.0,0.3647,0.3647,1.362,7855.9,81.78,False,0.0459
2026-02-13 21:00:00,2026-02-13,21,Friday,False,Airport_Corridor,Clear,0.165,60.0,1.266,75.95,105.9,73.4,56.4,0.5322,0.5322,0.443,4281.92,56.96,False,0.02
2026-02-13 22:00:00,2026-02-13,22,Friday,False,Airport_Corridor,Clear,0.168,60.0,1.0,60.0,56.2,73.3,39.1,0.6948,0.6948,-0.233,2343.54,45.0,False,0.02
2026-02-13 23:00:00,2026-02-13,23,Friday,False,Airport_Corridor,Clear,0.099,60.0,1.0,60.0,44.8,73.0,29.8,0.6649,0.6649,-0.385,1788.58,45.0,False,0.02
2026-02-14 00:00:00,2026-02-14,0,Saturday,True,Airport_Corridor,Rain,0.195,60.0,1.0,60.0,44.3,49.4,29.4,0.6635,0.6635,-0.102,1764.31,45.0,False,0.02
2026-02-14 01:00:00,2026-02-14,1,Saturday,True,Airport_Corridor,Rain,0.16,60.0,1.0,60.0,40.2,48.6,25.6,0.6358,0.6358,-0.173,1535.05,45.0,False,0.02
2026-02-14 02:00:00,2026-02-14,2,Saturday,True,Airport_Corridor,Rain,0.218,60.0,1.0,60.0,40.4,46.0,26.1,0.6459,0.6459,-0.122,1564.72,45.0,False,0.02
2026-02-14 03:00:00,2026-02-14,3,Saturday,True,Airport_Corridor,Rain,0.223,60.0,1.0,60.0,44.0,48.4,28.4,0.6446,0.6446,-0.091,1701.5,45.0,False,0.02
2026-02-14 04:00:00,2026-02-14,4,Saturday,True,Airport_Corridor,Rain,0.255,60.0,1.0,60.0,41.2,55.2,26.1,0.635,0.635,-0.254,1567.91,45.0,False,0.02
2026-02-14 05:00:00,2026-02-14,5,Saturday,True,Airport_Corridor,Rain,0.247,60.0,1.0,60.0,47.6,55.3,30.3,0.6358,0.6358,-0.139,1815.58,45.0,False,0.02
2026-02-14 06:00:00,2026-02-14,6,Saturday,True,Airport_Corridor,Rain,0.254,60.0,1.0,60.0,53.0,58.1,34.0,0.6404,0.6404,-0.087,2037.14,45.0,False,0.02
2026-02-14 07:00:00,2026-02-14,7,Saturday,True,Airport_Corridor,Rain,0.215,60.0,1.0,60.0,54.5,59.2,35.2,0.6464,0.6464,-0.079,2112.59,45.0,False,0.02
2026-02-14 08:00:00,2026-02-14,8,Saturday,True,Airport_Corridor,Rain,0.329,60.0,1.231,73.87,84.3,60.8,40.8,0.4847,0.4847,0.385,3016.98,55.4,False,0.02
2026-02-14 09:00:00,2026-02-14,9,Saturday,True,Airport_Corridor,Rain,0.365,60.0,1.225,73.48,89.6,65.2,46.1,0.5145,0.5145,0.374,3387.79,55.11,False,0.02
2026-02-14 10:00:00,2026-02-14,10,Saturday,True,Airport_Corridor,Rain,0.314,60.0,1.273,76.38,111.3,76.5,55.4,0.4981,0.4981,0.455,4234.77,57.28,False,0.02
2026-02-14 11:00:00,2026-02-14,11,Saturday,True,Airport_Corridor,Rain,0.372,60.0,1.761,105.68,168.1,74.1,58.2,0.3461,0.3461,1.269,6149.7,79.26,False,0.0431
2026-02-14 12:00:00,2026-02-14,12,Saturday,True,Airport_Corridor,Rain,0.482,60.0,1.708,102.48,183.4,84.1,67.4,0.3675,0.3675,1.18,6908.1,76.86,False,0.0404
2026-02-14 13:00:00,2026-02-14,13,Saturday,True,Airport_Corridor,Rain,0.458,60.0,1.832,109.9,201.6,84.5,68.4,0.3393,0.3393,1.386,7519.54,82.43,False,0.0466
2026-02-14 14:00:00,2026-02-14,14,Saturday,True,Airport_Corridor,Rain,0.471,60.0,2.009,120.55,212.2,79.1,66.3,0.3126,0.3126,1.682,7998.31,90.41,False,0.0555
2026-02-14 15:00:00,2026-02-14,15,Saturday,True,Airport_Corridor,Rain,0.418,60.0,1.846,110.77,197.5,82.0,63.9,0.3237,0.3237,1.41,7083.16,83.08,False,0.0473
2026-02-14 16:00:00,2026-02-14,16,Saturday,True,Airport_Corridor,Rain,0.391,60.0,1.392,83.49,143.0,86.5,64.2,0.4493,0.4493,0.653,5362.12,62.62,False,0.0246
2026-02-14 17:00:00,2026-02-14,17,Saturday,True,Airport_Corridor,Rain,0.435,60.0,1.411,84.69,146.9,87.1,64.5,0.4394,0.4394,0.686,5464.79,63.52,False,0.0256
2026-02-14 18:00:00,2026-02-14,18,Saturday,True,Airport_Corridor,Rain,0.362,60.0,1.253,75.19,106.1,74.6,52.2,0.4922,0.4922,0.422,3926.79,56.39,False,0.02
2026-02-14 19:00:00,2026-02-14,19,Saturday,True,Airport_Corridor,Rain,0.34,60.0,1.54,92.38,132.5,69.8,53.8,0.4062,0.4062,0.899,4971.03,69.28,False,0.032
2026-02-14 20:00:00,2026-02-14,20,Saturday,True,Airport_Corridor,Rain,0.384,60.0,1.798,107.87,156.0,66.9,54.2,0.3476,0.3476,1.33,5848.66,80.9,False,0.0449
2026-02-14 21:00:00,2026-02-14,21,Saturday,True,Airport_Corridor,Rain,0.484,60.0,2.313,138.8,197.0,61.8,55.0,0.279,0.279,2.189,7628.58,104.1,False,0.0707
2026-02-14 22:00:00,2026-02-14,22,Saturday,True,Airport_Corridor,Rain,0.501,60.0,2.888,173.26,237.3,57.2,53.1,0.2238,0.2238,3.146,9201.49,129.94,False,0.0994
2026-02-14 23:00:00,2026-02-14,23,Saturday,True,Airport_Corridor,Rain,0.51,60.0,2.96,177.61,223.1,52.3,48.7,0.2184,0.2184,3.267,8654.39,133.21,False,0.103
2026-02-15 00:00:00,2026-02-15,0,Sunday,True,Airport_Corridor,Rain,0.231,60.0,1.0,60.0,45.0,50.1,28.7,0.6386,0.6386,-0.101,1724.3,45.0,False,0.02
2026-02-15 01:00:00,2026-02-15,1,Sunday,True,Airport_Corridor,Rain,0.264,60.0,1.0,60.0,49.0,49.5,29.6,0.6045,0.6045,-0.01,1777.81,45.0,False,0.02
2026-02-15 02:00:00,2026-02-15,2,Sunday,True,Airport_Corridor,Rain,0.241,60.0,1.0,60.0,48.9,52.4,32.1,0.656,0.656,-0.066,1926.39,45.0,False,0.02
2026-02-15 03:00:00,2026-02-15,3,Sunday,True,Airport_Corridor,Rain,0.214,60.0,1.065,63.87,52.7,47.6,30.5,0.5783,0.5783,0.108,1947.94,47.9,False,0.02
2026-02-15 04:00:00,2026-02-15,4,Sunday,True,Airport_Corridor,Rain,0.216,60.0,1.0,60.0,48.5,52.0,30.3,0.6237,0.6237,-0.067,1815.63,45.0,False,0.02
2026-02-15 05:00:00,2026-02-15,5,Sunday,True,Airport_Corridor,Rain,0.184,60.0,1.0,60.0,45.9,51.0,29.6,0.6451,0.6451,-0.099,1778.66,45.0,False,0.02
2026-02-15 06:00:00,2026-02-15,6,Sunday,True,Airport_Corridor,Rain,0.197,60.0,1.0,60.0,48.2,61.7,30.9,0.641,0.641,-0.218,1855.44,45.0,False,0.02
2026-02-15 07:00:00,2026-02-15,7,Sunday,True,Airport_Corridor,Rain,0.26,60.0,1.028,61.66,61.5,58.8,37.4,0.6077,0.6077,0.046,2305.48,46.24,False,0.02
2026-02-15 08:00:00,2026-02-15,8,Sunday,True,Airport_Corridor,Rain,0.24,60.0,1.153,69.2,82.1,65.4,44.9,0.5464,0.5464,0.256,3105.91,51.9,False,0.02
2026-02-15 09:00:00,2026-02-15,9,Sunday,True,Airport_Corridor,Rain,0.382,60.0,1.288,77.3,102.7,69.3,49.9,0.4861,0.4861,0.481,3858.34,57.97,False,0.02
2026-02-15 10:00:00,2026-02-15,10,Sunday,True,Airport_Corridor,Rain,0.38,60.0,1.369,82.12,116.5,72.1,51.7,0.4443,0.4443,0.615,4249.56,61.59,False,0.0234
2026-02-15 11:00:00,2026-02-15,11,Sunday,True,Airport_Corridor,Rain,0.424,60.0,1.594,95.64,132.4,66.5,51.9,0.3921,0.3921,0.99,4964.15,71.73,False,0.0347
2026-02-15 12:00:00,2026-02-15,12,Sunday,True,Airport_Corridor,Rain,0.508,60.0,1.856,111.34,185.6,76.5,61.3,0.3306,0.3306,1.426,6829.52,83.5,False,0.0478
2026-02-15 13:00:00,2026-02-15,13,Sunday,True,Airport_Corridor,Rain,0.511,60.0,1.865,111.89,205.0,84.0,70.4,0.3433,0.3433,1.441,7876.66,83.92,False,0.0482
2026-02-15 14:00:00,2026-02-15,14,Sunday,True,Airport_Corridor,Rain,0.466,60.0,1.881,112.86,199.7,80.9,66.2,0.3314,0.3314,1.468,7467.93,84.64,False,0.049
2026-02-15 15:00:00,2026-02-15,15,Sunday,True,Airport_Corridor,Rain,0.405,60.0,1.687,101.22,193.7,90.3,73.3,0.3783,0.3783,1.145,7415.14,75.91,False,0.0394
2026-02-15 16:00:00,2026-02-15,16,Sunday,True,Airport_Corridor,Rain,0.438,60.0,1.553,93.16,166.6,86.7,66.0,0.3961,0.3961,0.921,6146.65,69.87,False,0.0326
2026-02-15 17:00:00,2026-02-15,17,Sunday,True,Airport_Corridor,Rain,0.363,60.0,1.324,79.46,116.0,75.3,55.3,0.4765,0.4765,0.54,4390.85,59.59,False,0.0212
2026-02-15 18:00:00,2026-02-15,18,Sunday,True,Airport_Corridor,Rain,0.432,60.0,1.216,72.98,109.3,80.3,57.9,0.53,0.53,0.361,4227.19,54.73,False,0.02
2026-02-15 19:00:00,2026-02-15,19,Sunday,True,Airport_Corridor,Rain,0.391,60.0,1.316,78.93,124.9,81.8,59.5,0.4762,0.4762,0.526,4693.31,59.2,False,0.0208
2026-02-15 20:00:00,2026-02-15,20,Sunday,True,Airport_Corridor,Rain,0.361,60.0,1.848,110.88,171.8,71.2,58.4,0.3402,0.3402,1.413,6479.66,83.16,False,0.0474
2026-02-15 21:00:00,2026-02-15,21,Sunday,True,Airport_Corridor,Rain,0.554,60.0,2.283,136.96,194.8,62.1,56.3,0.289,0.289,2.138,7710.15,102.72,False,0.0691
2026-02-15 22:00:00,2026-02-15,22,Sunday,True,Airport_Corridor,Rain,0.519,60.0,2.731,163.84,225.3,58.0,54.0,0.2399,0.2399,2.885,8855.14,122.88,False,0.0915
2026-02-15 23:00:00,2026-02-15,23,Sunday,True,Airport_Corridor,Rain,0.494,60.0,2.428,145.7,211.3,62.5,54.7,0.2591,0.2591,2.381,7976.62,109.27,False,0.0764
2026-02-16 00:00:00,2026-02-16,0,Monday,False,Airport_Corridor,Clear,0.119,60.0,1.0,60.0,32.9,48.3,22.5,0.6819,0.6819,-0.318,1347.8,45.0,False,0.02
2026-02-16 01:00:00,2026-02-16,1,Monday,False,Airport_Corridor,Clear,0.112,60.0,1.0,60.0,28.3,48.4,19.0,0.6726,0.6726,-0.414,1142.88,45.0,False,0.02
2026-02-16 02:00:00,2026-02-16,2,Monday,False,Airport_Corridor,Clear,0.065,60.0,1.0,60.0,32.3,52.9,21.5,0.6661,0.6661,-0.389,1292.59,45.0,False,0.02
2026-02-16 03:00:00,2026-02-16,3,Monday,False,Airport_Corridor,Clear,0.045,60.0,1.0,60.0,32.6,51.1,22.4,0.6854,0.6854,-0.362,1342.04,45.0,False,0.02
2026-02-16 04:00:00,2026-02-16,4,Monday,False,Airport_Corridor,Clear,0.045,60.0,1.0,60.0,32.5,62.0,21.8,0.6727,0.6727,-0.477,1310.27,45.0,False,0.02
2026-02-16 05:00:00,2026-02-16,5,Monday,False,Airport_Corridor,Clear,0.107,60.0,1.0,60.0,42.4,68.6,28.5,0.6731,0.6731,-0.382,1712.23,45.0,False,0.02
2026-02-16 06:00:00,2026-02-16,6,Monday,False,Airport_Corridor,Clear,0.161,60.0,1.201,72.04,80.7,60.5,43.4,0.5382,0.5382,0.334,3130.01,54.03,False,0.02
2026-02-16 07:00:00,2026-02-16,7,Monday,False,Airport_Corridor,Clear,0.296,60.0,1.573,94.41,135.7,69.4,56.6,0.4174,0.4174,0.956,5346.47,70.81,False,0.0337
2026-02-16 08:00:00,2026-02-16,8,Monday,False,Airport_Corridor,Clear,0.398,60.0,1.814,108.85,176.2,74.8,64.2,0.3643,0.3643,1.357,6986.85,81.64,False,0.0457
2026-02-16 09:00:00,2026-02-16,9,Monday,False,Airport_Corridor,Clear,0.353,60.0,1.904,114.22,207.9,83.0,71.4,0.3432,0.3432,1.506,8151.73,85.66,False,0.0502
2026-02-16 10:00:00,2026-02-16,10,Monday,False,Airport_Corridor,Clear,0.284,60.0,1.465,87.89,130.5,73.5,58.9,0.4511,0.4511,0.775,5174.92,65.92,False,0.0282
2026-02-16 11:00:00,2026-02-16,11,Monday,False,Airport_Corridor,Clear,0.146,60.0,1.0,60.0,80.9,85.3,53.8,0.6645,0.6645,-0.051,3227.46,45.0,False,0.02
2026-02-16 12:00:00,2026-02-16,12,Monday,False,Airport_Corridor,Clear,0.073,60.0,1.0,60.0,44.9,75.2,30.7,0.6835,0.6835,-0.403,1841.07,45.0,False,0.02
2026-02-16 13:00:00,2026-02-16,13,Monday,False,Airport_Corridor,Clear,0.097,60.0,1.0,60.0,32.1,83.2,22.5,0.7016,0.7016,-0.615,1349.38,45.0,False,0.02
2026-02-16 14:00:00,2026-02-16,14,Monday,False,Airport_Corridor,Clear,0.089,60.0,1.0,60.0,45.3,74.4,30.6,0.6744,0.6744,-0.391,1833.18,45.0,False,0.02
2026-02-16 15:00:00,2026-02-16,15,Monday,False,Airport_Corridor,Clear,0.091,60.0,1.0,60.0,58.0,80.0,39.0,0.672,0.672,-0.275,2337.49,45.0,False,0.02
2026-02-16 16:00:00,2026-02-16,16,Monday,False,Airport_Corridor,Clear,0.246,60.0,1.275,76.49,121.0,83.0,63.6,0.5253,0.5253,0.458,4861.91,57.37,False,0.02
2026-02-16 17:00:00,2026-02-16,17,Monday,False,Airport_Corridor,Clear,0.357,60.0,1.802,108.12,205.6,88.0,72.7,0.3538,0.3538,1.337,7865.28,81.09,False,0.0451
2026-02-16 18:00:00,2026-02-16,18,Monday,False,Airport_Corridor,Clear,0.448,60.0,1.88,112.82,238.9,96.8,83.3,0.3486,0.3486,1.467,9394.2,84.61,False,0.049
2026-02-16 19:00:00,2026-02-16,19,Monday,False,Airport_Corridor,Clear,0.463,60.0,2.178,130.67,230.6,77.8,69.5,0.3016,0.3016,1.963,9087.3,98.0,False,0.0639
2026-02-16 20:00:00,2026-02-16,20,Monday,False,Airport_Corridor,Clear,0.329,60.0,1.621,97.23,164.9,81.1,65.0,0.3942,0.3942,1.034,6320.39,72.92,False,0.036
2026-02-16 21:00:00,2026-02-16,21,Monday,False,Airport_Corridor,Clear,0.19,60.0,1.148,68.86,102.5,82.3,60.8,0.5936,0.5936,0.246,4189.69,51.64,False,0.02
2026-02-16 22:00:00,2026-02-16,22,Monday,False,Airport_Corridor,Clear,0.137,60.0,1.0,60.0,65.0,77.2,43.7,0.6726,0.6726,-0.157,2623.81,45.0,False,0.02
2026-02-16 23:00:00,2026-02-16,23,Monday,False,Airport_Corridor,Clear,0.045,60.0,1.0,60.0,43.3,67.4,29.6,0.6823,0.6823,-0.358,1773.32,45.0,False,0.02
2026-02-17 00:00:00,2026-02-17,0,Tuesday,False,Airport_Corridor,Clear,0.096,60.0,1.0,60.0,25.0,50.0,16.7,0.6678,0.6678,-0.499,1003.55,45.0,False,0.02
2026-02-17 01:00:00,2026-02-17,1,Tuesday,False,Airport_Corridor,Clear,0.092,60.0,1.0,60.0,30.7,40.7,20.1,0.6539,0.6539,-0.247,1203.42,45.0,False,0.02
2026-02-17 02:00:00,2026-02-17,2,Tuesday,False,Airport_Corridor,Clear,0.06,60.0,1.0,60.0,28.8,51.5,19.7,0.6825,0.6825,-0.44,1180.59,45.0,False,0.02
2026-02-17 03:00:00,2026-02-17,3,Tuesday,False,Airport_Corridor,Clear,0.072,60.0,1.0,60.0,31.4,48.2,21.3,0.6779,0.6779,-0.348,1277.9,45.0,False,0.02
2026-02-17 04:00:00,2026-02-17,4,Tuesday,False,Airport_Corridor,Clear,0.056,60.0,1.0,60.0,30.7,60.3,20.8,0.6774,0.6774,-0.491,1248.67,45.0,False,0.02
2026-02-17 05:00:00,2026-02-17,5,Tuesday,False,Airport_Corridor,Clear,0.037,60.0,1.0,60.0,49.1,63.3,33.3,0.678,0.678,-0.224,1999.14,45.0,False,0.02
2026-02-17 06:00:00,2026-02-17,6,Tuesday,False,Airport_Corridor,Clear,0.164,60.0,1.11,66.58,78.0,66.0,45.9,0.5886,0.5886,0.183,3058.28,49.94,False,0.02
2026-02-17 07:00:00,2026-02-17,7,Tuesday,False,Airport_Corridor,Clear,0.321,60.0,1.633,97.97,153.5,74.7,63.0,0.4103,0.4103,1.055,6170.09,73.48,False,0.0366
2026-02-17 08:00:00,2026-02-17,8,Tuesday,False,Airport_Corridor,Clear,0.346,60.0,1.971,118.28,225.5,86.1,74.9,0.3321,0.3321,1.619,8857.12,88.71,False,0.0536
2026-02-17 09:00:00,2026-02-17,9,Tuesday,False,Airport_Corridor,Clear,0.343,60.0,2.04,122.41,202.5,74.1,65.5,0.3233,0.3233,1.734,8015.44,91.81,False,0.057
2026-02-17 10:00:00,2026-02-17,10,Tuesday,False,Airport_Corridor,Clear,0.302,60.0,1.53,91.81,146.1,77.6,61.4,0.4206,0.4206,0.884,5641.29,68.86,False,0.0315
2026-02-17 11:00:00,2026-02-17,11,Tuesday,False,Airport_Corridor,Clear,0.139,60.0,1.05,62.98,87.1,80.5,55.2,0.6333,0.6333,0.083,3475.79,47.23,False,0.02
2026-02-17 12:00:00,2026-02-17,12,Tuesday,False,Airport_Corridor,Clear,0.132,60.0,1.0,60.0,44.8,79.5,30.0,0.6699,0.6699,-0.436,1800.13,45.0,False,0.02
2026-02-17 13:00:00,2026-02-17,13,Tuesday,False,Airport_Corridor,Clear,0.1,60.0,1.0,60.0,40.8,81.4,27.9,0.6832,0.6832,-0.499,1671.21,45.0,False,0.02
2026-02-17 14:00:00,2026-02-17,14,Tuesday,False,Airport_Corridor,Clear,0.046,60.0,1.0,60.0,44.0,78.8,29.3,0.6677,0.6677,-0.442,1760.84,45.0,False,0.02
2026-02-17 15:00:00,2026-02-17,15,Tuesday,False,Airport_Corridor,Clear,0.129,60.0,1.0,60.0,64.4,91.5,44.0,0.6836,0.6836,-0.296,2641.29,45.0,False,0.02
2026-02-17 16:00:00,2026-02-17,16,Tuesday,False,Airport_Corridor,Clear,0.26,60.0,1.16,69.61,101.8,80.4,57.6,0.5656,0.5656,0.267,4009.48,52.21,False,0.02
2026-02-17 17:00:00,2026-02-17,17,Tuesday,False,Airport_Corridor,Clear,0.299,60.0,1.883,112.98,198.2,80.2,69.6,0.3513,0.3513,1.472,7864.97,84.73,False,0.0491
2026-02-17 18:00:00,2026-02-17,18,Tuesday,False,Airport_Corridor,Clear,0.401,60.0,1.983,118.98,236.0,89.5,80.0,0.3391,0.3391,1.638,9523.94,89.23,False,0.0541
2026-02-17 19:00:00,2026-02-17,19,Tuesday,False,Airport_Corridor,Clear,0.411,60.0,2.249,134.93,261.8,85.0,78.4,0.2995,0.2995,2.081,10581.45,101.2,False,0.0674
2026-02-17 20:00:00,2026-02-17,20,Tuesday,False,Airport_Corridor,Clear,0.339,60.0,1.445,86.73,167.5,96.1,77.9,0.4654,0.4654,0.742,6760.34,65.05,False,0.0273
2026-02-17 21:00:00,2026-02-17,21,Tuesday,False,Airport_Corridor,Clear,0.205,60.0,1.205,72.28,107.3,80.0,57.7,0.5373,0.5373,0.341,4167.85,54.21,False,0.02
2026-02-17 22:00:00,2026-02-17,22,Tuesday,False,Airport_Corridor,Clear,0.115,60.0,1.0,60.0,64.3,73.5,43.6,0.6775,0.6775,-0.125,2614.85,45.0,False,0.02
2026-02-17 23:00:00,2026-02-17,23,Tuesday,False,Airport_Corridor,Clear,0.117,60.0,1.0,60.0,42.2,66.7,28.2,0.6693,0.6693,-0.368,1694.68,45.0,False,0.02
2026-02-18 00:00:00,2026-02-18,0,Wednesday,False,Airport_Corridor,Clear,0.067,60.0,1.0,60.0,37.0,42.4,24.7,0.6677,0.6677,-0.128,1482.51,45.0,False,0.02
2026-02-18 01:00:00,2026-02-18,1,Wednesday,False,Airport_Corridor,Clear,0.068,60.0,1.0,60.0,32.0,45.0,20.9,0.6553,0.6553,-0.289,1256.98,45.0,False,0.02
2026-02-18 02:00:00,2026-02-18,2,Wednesday,False,Airport_Corridor,Clear,0.017,60.0,1.0,60.0,30.6,50.9,21.3,0.698,0.698,-0.399,1280.85,45.0,False,0.02
2026-02-18 03:00:00,2026-02-18,3,Wednesday,False,Airport_Corridor,Clear,0.079,60.0,1.0,60.0,32.9,61.4,21.6,0.6561,0.6561,-0.464,1295.16,45.0,False,0.02
2026-02-18 04:00:00,2026-02-18,4,Wednesday,False,Airport_Corridor,Clear,0.091,60.0,1.0,60.0,32.1,60.7,21.9,0.6843,0.6843,-0.472,1316.01,45.0,False,0.02
2026-02-18 05:00:00,2026-02-18,5,Wednesday,False,Airport_Corridor,Clear,0.133,60.0,1.0,60.0,46.9,65.3,31.3,0.6673,0.6673,-0.282,1879.47,45.0,False,0.02
2026-02-18 06:00:00,2026-02-18,6,Wednesday,False,Airport_Corridor,Clear,0.127,60.0,1.13,67.79,86.2,70.8,50.4,0.5845,0.5845,0.217,3413.82,50.84,False,0.02
2026-02-18 07:00:00,2026-02-18,7,Wednesday,False,Airport_Corridor,Clear,0.261,60.0,1.52,91.21,134.9,72.3,59.2,0.4388,0.4388,0.867,5398.38,68.41,False,0.031
2026-02-18 08:00:00,2026-02-18,8,Wednesday,False,Airport_Corridor,Clear,0.326,60.0,1.727,103.63,177.7,80.4,67.3,0.3784,0.3784,1.212,6970.1,77.72,False,0.0414
2026-02-18 09:00:00,2026-02-18,9,Wednesday,False,Airport_Corridor,Clear,0.374,60.0,2.073,124.4,205.9,73.8,65.2,0.3166,0.3166,1.789,8109.83,93.3,False,0.0587
2026-02-18 10:00:00,2026-02-18,10,Wednesday,False,Airport_Corridor,Clear,0.298,60.0,1.294,77.64,143.3,96.2,72.2,0.5038,0.5038,0.49,5606.15,58.23,False,0.02
2026-02-18 11:00:00,2026-02-18,11,Wednesday,False,Airport_Corridor,Clear,0.186,60.0,1.089,65.32,85.5,74.5,53.5,0.6258,0.6258,0.148,3496.41,48.99,False,0.02
2026-02-18 12:00:00,2026-02-18,12,Wednesday,False,Airport_Corridor,Clear,0.048,60.0,1.0,60.0,46.0,86.4,31.2,0.6779,0.6779,-0.467,1872.84,45.0,False,0.02
2026-02-18 13:00:00,2026-02-18,13,Wednesday,False,Airport_Corridor,Clear,0.031,60.0,1.0,60.0,34.3,75.8,23.7,0.6914,0.6914,-0.548,1420.93,45.0,False,0.02
2026-02-18 14:00:00,2026-02-18,14,Wednesday,False,Airport_Corridor,Clear,0.075,60.0,1.0,60.0,45.1,77.0,31.2,0.6923,0.6923,-0.414,1873.31,45.0,False,0.02
2026-02-18 15:00:00,2026-02-18,15,Wednesday,False,Airport_Corridor,Clear,0.118,60.0,1.0,60.0,61.5,85.4,41.1,0.6691,0.6691,-0.28,2468.43,45.0,False,0.02
2026-02-18 16:00:00,2026-02-18,16,Wednesday,False,Airport_Corridor,Clear,0.244,60.0,1.19,71.4,96.8,73.5,53.1,0.549,0.549,0.317,3793.94,53.55,False,0.02
2026-02-18 17:00:00,2026-02-18,17,Wednesday,False,Airport_Corridor,Clear,0.336,60.0,1.739,104.31,181.6,81.4,71.0,0.3911,0.3911,1.231,7406.47,78.23,False,0.0419
2026-02-18 18:00:00,2026-02-18,18,Wednesday,False,Airport_Corridor,Clear,0.383,60.0,1.791,107.45,203.6,87.9,75.6,0.3712,0.3712,1.318,8123.0,80.59,False,0.0445
2026-02-18 19:00:00,2026-02-18,19,Wednesday,False,Airport_Corridor,Clear,0.39,60.0,1.908,114.45,217.4,86.5,72.9,0.3354,0.3354,1.513,8346.44,85.84,False,0.0504
2026-02-18 20:00:00,2026-02-18,20,Wednesday,False,Airport_Corridor,Clear,0.273,60.0,1.68,100.81,184.6,86.5,72.1,0.3906,0.3906,1.134,7267.9,75.61,False,0.039
2026-02-18 21:00:00,2026-02-18,21,Wednesday,False,Airport_Corridor,Clear,0.226,60.0,1.242,74.53,110.5,78.7,58.9,0.533,0.533,0.404,4388.13,55.9,False,0.02
2026-02-18 22:00:00,2026-02-18,22,Wednesday,False,Airport_Corridor,Clear,0.15,60.0,1.0,60.0,61.5,76.3,40.8,0.6639,0.6639,-0.194,2448.62,45.0,False,0.02
2026-02-18 23:00:00,2026-02-18,23,Wednesday,False,Airport_Corridor,Clear,0.096,60.0,1.0,60.0,50.2,65.2,34.5,0.6871,0.6871,-0.23,2071.23,45.0,False,0.02
2026-02-19 00:00:00,2026-02-19,0,Thursday,False,Airport_Corridor,Clear,0.034,60.0,1.0,60.0,37.5,46.1,25.0,0.6668,0.6668,-0.188,1498.8,45.0,False,0.02
2026-02-19 01:00:00,2026-02-19,1,Thursday,False,Airport_Corridor,Clear,0.058,60.0,1.0,60.0,32.4,51.7,21.6,0.6674,0.6674,-0.374,1296.41,45.0,False,0.02
2026-02-19 02:00:00,2026-02-19,2,Thursday,False,Airport_Corridor,Clear,0.043,60.0,1.0,60.0,34.3,45.2,22.5,0.656,0.656,-0.243,1348.05,45.0,False,0.02
2026-02-19 03:00:00,2026-02-19,3,Thursday,False,Airport_Corridor,Clear,0.019,60.0,1.0,60.0,27.6,59.6,18.9,0.6852,0.6852,-0.537,1134.27,45.0,False,0.02
2026-02-19 04:00:00,2026-02-19,4,Thursday,False,Airport_Corridor,Clear,0.095,60.0,1.0,60.0,39.7,54.0,26.6,0.6694,0.6694,-0.264,1594.54,45.0,False,0.02
2026-02-19 05:00:00,2026-02-19,5,Thursday,False,Airport_Corridor,Clear,0.125,60.0,1.0,60.0,41.0,66.0,27.9,0.6809,0.6809,-0.379,1674.13,45.0,False,0.02
2026-02-19 06:00:00,2026-02-19,6,Thursday,False,Airport_Corridor,Clear,0.167,60.0,1.084,65.04,76.9,67.4,46.1,0.5994,0.5994,0.14,2996.43,48.78,False,0.02
2026-02-19 07:00:00,2026-02-19,7,Thursday,False,Airport_Corridor,Clear,0.248,60.0,1.581,94.84,133.1,67.6,56.1,0.4219,0.4219,0.968,5325.24,71.13,False,0.034
2026-02-19 08:00:00,2026-02-19,8,Thursday,False,Airport_Corridor,Clear,0.307,60.0,2.065,123.89,215.5,77.7,68.6,0.3185,0.3185,1.775,8502.62,92.92,False,0.0582
2026-02-19 09:00:00,2026-02-19,9,Thursday,False,Airport_Corridor,Clear,0.271,60.0,1.791,107.48,181.5,78.3,68.2,0.3759,0.3759,1.319,7334.07,80.61,False,0.0446
2026-02-19 10:00:00,2026-02-19,10,Thursday,False,Airport_Corridor,Clear,0.292,60.0,1.581,94.83,162.2,82.5,65.9,0.4059,0.4059,0.968,6244.63,71.12,False,0.034
2026-02-19 11:00:00,2026-02-19,11,Thursday,False,Airport_Corridor,Clear,0.201,60.0,1.008,60.5,85.6,84.4,58.2,0.6797,0.6797,0.014,3518.53,45.38,False,0.02
2026-02-19 12:00:00,2026-02-19,12,Thursday,False,Airport_Corridor,Clear,0.089,60.0,1.0,60.0,52.6,76.3,35.8,0.6801,0.6801,-0.311,2147.88,45.0,False,0.02
2026-02-19 13:00:00,2026-02-19,13,Thursday,False,Airport_Corridor,Clear,0.057,60.0,1.0,60.0,37.2,77.8,24.1,0.6489,0.6489,-0.522,1447.84,45.0,False,0.02
2026-02-19 14:00:00,2026-02-19,14,Thursday,False,Airport_Corridor,Clear,0.064,60.0,1.0,60.0,38.4,81.9,25.9,0.673,0.673,-0.531,1552.62,45.0,False,0.02
2026-02-19 15:00:00,2026-02-19,15,Thursday,False,Airport_Corridor,Clear,0.113,60.0,1.0,60.0,56.0,78.1,38.3,0.6843,0.6843,-0.283,2300.68,45.0,False,0.02
2026-02-19 16:00:00,2026-02-19,16,Thursday,False,Airport_Corridor,Clear,0.242,60.0,1.244,74.63,112.7,80.1,60.5,0.537,0.537,0.406,4516.72,55.97,False,0.02
2026-02-19 17:00:00,2026-02-19,17,Thursday,False,Airport_Corridor,Clear,0.341,60.0,1.813,108.79,173.6,73.7,62.4,0.3594,0.3594,1.355,6787.57,81.59,False,0.0457
2026-02-19 18:00:00,2026-02-19,18,Thursday,False,Airport_Corridor,Clear,0.381,60.0,1.966,117.98,217.4,83.3,73.3,0.3372,0.3372,1.611,8648.24,88.48,False,0.0533
2026-02-19 19:00:00,2026-02-19,19,Thursday,False,Airport_Corridor,Clear,0.438,60.0,1.918,115.07,226.7,89.6,78.0,0.344,0.344,1.53,8971.74,86.3,False,0.0509
2026-02-19 20:00:00,2026-02-19,20,Thursday,False,Airport_Corridor,Clear,0.322,60.0,1.84,110.4,180.4,75.2,64.0,0.3545,0.3545,1.4,7061.89,82.8,False,0.047
2026-02-19 21:00:00,2026-02-19,21,Thursday,False,Airport_Corridor,Clear,0.223,60.0,1.336,80.16,114.2,73.2,55.5,0.4859,0.4859,0.56,4445.94,60.12,False,0.0218
2026-02-19 22:00:00,2026-02-19,22,Thursday,False,Airport_Corridor,Clear,0.123,60.0,1.01,60.62,70.6,69.4,47.2,0.6678,0.6678,0.017,2858.92,45.46,False,0.02
2026-02-19 23:00:00,2026-02-19,23,Thursday,False,Airport_Corridor,Clear,0.111,60.0,1.0,60.0,39.3,71.7,27.3,0.6951,0.6951,-0.452,1638.41,45.0,False,0.02
2026-02-20 00:00:00,2026-02-20,0,Friday,False,Airport_Corridor,Clear,0.063,60.0,1.0,60.0,30.3,40.9,20.2,0.6681,0.6681,-0.258,1214.73,45.0,False,0.02
2026-02-20 01:00:00,2026-02-20,1,Friday,False,Airport_Corridor,Clear,0.076,60.0,1.0,60.0,27.8,46.2,19.3,0.6935,0.6935,-0.398,1158.26,45.0,False,0.02
2026-02-20 02:00:00,2026-02-20,2,Friday,False,Airport_Corridor,Clear,0.07,60.0,1.0,60.0,30.6,44.4,19.9,0.6505,0.6505,-0.31,1195.1,45.0,False,0.02
2026-02-20 03:00:00,2026-02-20,3,Friday,False,Airport_Corridor,Clear,0.059,60.0,1.0,60.0,30.8,60.3,21.1,0.6838,0.6838,-0.489,1264.53,45.0,False,0.02
2026-02-20 04:00:00,2026-02-20,4,Friday,False,Airport_Corridor,Clear,0.122,60.0,1.0,60.0,36.5,54.8,24.6,0.6741,0.6741,-0.334,1476.12,45.0,False,0.02
2026-02-20 05:00:00,2026-02-20,5,Friday,False,Airport_Corridor,Clear,0.091,60.0,1.0,60.0,48.3,59.1,32.1,0.6645,0.6645,-0.183,1926.54,45.0,False,0.02
2026-02-20 06:00:00,2026-02-20,6,Friday,False,Airport_Corridor,Clear,0.125,60.0,1.2,71.99,83.9,62.9,44.7,0.5334,0.5334,0.333,3220.11,53.99,False,0.02
2026-02-20 07:00:00,2026-02-20,7,Friday,False,Airport_Corridor,Clear,0.268,60.0,1.735,104.08,145.8,65.6,54.7,0.3748,0.3748,1.225,5689.01,78.06,False,0.0417
2026-02-20 08:00:00,2026-02-20,8,Friday,False,Airport_Corridor,Clear,0.352,60.0,1.977,118.65,193.1,73.4,64.9,0.3361,0.3361,1.629,7699.12,88.99,False,0.0539
2026-02-20 09:00:00,2026-02-20,9,Friday,False,Airport_Corridor,Clear,0.363,60.0,1.919,115.13,190.4,75.2,63.0,0.3306,0.3306,1.531,7249.19,86.35,False,0.0509
2026-02-20 10:00:00,2026-02-20,10,Friday,False,Airport_Corridor,Clear,0.313,60.0,1.671,100.25,167.4,79.0,64.6,0.3862,0.3862,1.118,6480.32,75.19,False,0.0385
2026-02-20 11:00:00,2026-02-20,11,Friday,False,Airport_Corridor,Clear,0.135,60.0,1.013,60.78,77.9,76.2,50.1,0.6433,0.6433,0.022,3044.08,45.59,False,0.02
2026-02-20 12:00:00,2026-02-20,12,Friday,False,Airport_Corridor,Clear,0.118,60.0,1.0,60.0,47.3,78.1,31.2,0.6595,0.6595,-0.394,1872.03,45.0,False,0.02
2026-02-20 13:00:00,2026-02-20,13,Friday,False,Airport_Corridor,Clear,0.102,60.0,1.0,60.0,37.2,74.3,25.3,0.6816,0.6816,-0.5,1520.14,45.0,False,0.02
2026-02-20 14:00:00,2026-02-20,14,Friday,False,Airport_Corridor,Clear,0.102,60.0,1.0,60.0,47.0,78.3,31.9,0.6782,0.6782,-0.399,1913.83,45.0,False,0.02
2026-02-20 15:00:00,2026-02-20,15,Friday,False,Airport_Corridor,Clear,0.097,60.0,1.0,60.0,60.3,79.3,39.9,0.6626,0.6626,-0.24,2396.12,45.0,False,0.02
2026-02-20 16:00:00,2026-02-20,16,Friday,False,Airport_Corridor,Clear,0.145,60.0,1.202,72.11,106.4,79.6,59.6,0.5606,0.5606,0.336,4299.71,54.08,False,0.02
2026-02-20 17:00:00,2026-02-20,17,Friday,False,Airport_Corridor,Clear,0.345,60.0,1.621,97.24,169.9,83.5,68.7,0.4044,0.4044,1.035,6681.56,72.93,False,0.036
2026-02-20 18:00:00,2026-02-20,18,Friday,False,Airport_Corridor,Clear,0.408,60.0,1.976,118.58,230.8,87.9,75.7,0.3281,0.3281,1.627,8980.67,88.94,False,0.0538
2026-02-20 19:00:00,2026-02-20,19,Friday,False,Airport_Corridor,Clear,0.46,60.0,1.936,116.16,240.4,93.9,82.1,0.3415,0.3415,1.56,9534.89,87.12,False,0.0518
2026-02-20 20:00:00,2026-02-20,20,Friday,False,Airport_Corridor,Clear,0.324,60.0,1.725,103.51,172.4,78.1,63.3,0.3674,0.3674,1.209,6557.1,77.63,False,0.0413
2026-02-20 21:00:00,2026-02-20,21,Friday,False,Airport_Corridor,Clear,0.252,60.0,1.127,67.62,97.1,80.2,57.7,0.5942,0.5942,0.212,3902.8,50.72,False,0.02
2026-02-20 22:00:00,2026-02-20,22,Friday,False,Airport_Corridor,Clear,0.145,60.0,1.0,60.0,60.5,74.3,41.8,0.6904,0.6904,-0.185,2507.14,45.0,False,0.02
2026-02-20 23:00:00,2026-02-20,23,Friday,False,Airport_Corridor,Clear,0.039,60.0,1.0,60.0,34.0,69.9,23.7,0.6963,0.6963,-0.513,1420.43,45.0,False,0.02
2026-02-21 00:00:00,2026-02-21,0,Saturday,True,Airport_Corridor,Clear,0.117,60.0,1.0,60.0,45.9,53.7,30.5,0.6644,0.6644,-0.146,1829.19,45.0,False,0.02
2026-02-21 01:00:00,2026-02-21,1,Saturday,True,Airport_Corridor,Clear,0.084,60.0,1.0,60.0,40.2,49.6,27.2,0.6776,0.6776,-0.189,1634.35,45.0,False,0.02
2026-02-21 02:00:00,2026-02-21,2,Saturday,True,Airport_Corridor,Clear,0.085,60.0,1.0,60.0,37.8,46.9,25.1,0.6626,0.6626,-0.195,1503.17,45.0,False,0.02
2026-02-21 03:00:00,2026-02-21,3,Saturday,True,Airport_Corridor,Clear,0.051,60.0,1.0,60.0,34.7,52.3,22.8,0.657,0.657,-0.337,1367.53,45.0,False,0.02
2026-02-21 04:00:00,2026-02-21,4,Saturday,True,Airport_Corridor,Clear,0.07,60.0,1.0,60.0,43.0,51.1,28.7,0.6678,0.6678,-0.158,1723.43,45.0,False,0.02
2026-02-21 05:00:00,2026-02-21,5,Saturday,True,Airport_Corridor,Clear,0.081,60.0,1.0,60.0,43.3,52.7,28.0,0.6469,0.6469,-0.177,1682.08,45.0,False,0.02
2026-02-21 06:00:00,2026-02-21,6,Saturday,True,Airport_Corridor,Clear,0.122,60.0,1.0,60.0,48.6,56.2,32.5,0.6698,0.6698,-0.136,1951.64,45.0,False,0.02
2026-02-21 07:00:00,2026-02-21,7,Saturday,True,Airport_Corridor,Clear,0.091,60.0,1.0,60.0,52.2,67.6,35.8,0.685,0.685,-0.227,2146.04,45.0,False,0.02
2026-02-21 08:00:00,2026-02-21,8,Saturday,True,Airport_Corridor,Clear,0.162,60.0,1.0,60.0,59.9,61.3,40.3,0.6731,0.6731,-0.023,2418.61,45.0,False,0.02
2026-02-21 09:00:00,2026-02-21,9,Saturday,True,Airport_Corridor,Clear,0.159,60.0,1.118,67.1,84.0,70.2,48.0,0.5718,0.5718,0.197,3224.15,50.32,False,0.02
2026-02-21 10:00:00,2026-02-21,10,Saturday,True,Airport_Corridor,Clear,0.179,60.0,1.374,82.43,116.3,71.6,56.5,0.4856,0.4856,0.623,4654.73,61.82,False,0.0237
2026-02-21 11:00:00,2026-02-21,11,Saturday,True,Airport_Corridor,Clear,0.261,60.0,1.603,96.16,145.1,72.4,59.5,0.4098,0.4098,1.004,5718.07,72.12,False,0.0351
2026-02-21 12:00:00,2026-02-21,12,Saturday,True,Airport_Corridor,Clear,0.345,60.0,1.62,97.18,151.5,74.5,61.5,0.4057,0.4057,1.033,5972.88,72.89,False,0.036
2026-02-21 13:00:00,2026-02-21,13,Saturday,True,Airport_Corridor,Clear,0.327,60.0,1.91,114.63,204.8,81.3,72.9,0.3559,0.3559,1.517,8356.02,85.97,False,0.0505
2026-02-21 14:00:00,2026-02-21,14,Saturday,True,Airport_Corridor,Clear,0.401,60.0,1.799,107.93,198.7,85.2,71.4,0.3594,0.3594,1.331,7705.86,80.95,False,0.0449
2026-02-21 15:00:00,2026-02-21,15,Saturday,True,Airport_Corridor,Clear,0.31,60.0,1.702,102.12,186.6,86.0,74.5,0.3992,0.3992,1.17,7607.26,76.59,False,0.0401
2026-02-21 16:00:00,2026-02-21,16,Saturday,True,Airport_Corridor,Clear,0.303,60.0,1.572,94.3,161.9,82.9,66.3,0.4097,0.4097,0.953,6254.29,70.72,False,0.0336
2026-02-21 17:00:00,2026-02-21,17,Saturday,True,Airport_Corridor,Clear,0.232,60.0,1.333,79.96,127.5,82.0,62.0,0.4865,0.4865,0.554,4958.75,59.97,False,0.0216
2026-02-21 18:00:00,2026-02-21,18,Saturday,True,Airport_Corridor,Clear,0.248,60.0,1.229,73.74,104.1,75.3,57.3,0.5501,0.5501,0.382,4222.59,55.3,False,0.02
2026-02-21 19:00:00,2026-02-21,19,Saturday,True,Airport_Corridor,Clear,0.232,60.0,1.231,73.87,102.6,74.1,54.7,0.533,0.533,0.385,4039.16,55.4,False,0.02
2026-02-21 20:00:00,2026-02-21,20,Saturday,True,Airport_Corridor,Clear,0.26,60.0,1.554,93.25,140.3,73.0,56.6,0.4033,0.4033,0.924,5278.09,69.94,False,0.0327
2026-02-21 21:00:00,2026-02-21,21,Saturday,True,Airport_Corridor,Clear,0.292,60.0,2.143,128.56,166.7,57.4,52.7,0.3163,0.3163,1.904,6776.8,96.42,False,0.0621
2026-02-21 22:00:00,2026-02-21,22,Saturday,True,Airport_Corridor,Clear,0.381,60.0,2.123,127.36,167.8,58.5,51.7,0.3078,0.3078,1.871,6578.83,95.52,False,0.0611
2026-02-21 23:00:00,2026-02-21,23,Saturday,True,Airport_Corridor,Clear,0.377,60.0,2.815,168.88,215.4,53.5,52.8,0.2452,0.2452,3.025,8919.62,126.66,False,0.0957
2026-02-22 00:00:00,2026-02-22,0,Sunday,True,Airport_Corridor,Rain,0.219,60.0,1.0,60.0,46.2,49.4,29.5,0.639,0.639,-0.065,1772.02,45.0,False,0.02
2026-02-22 01:00:00,2026-02-22,1,Sunday,True,Airport_Corridor,Rain,0.19,60.0,1.0,60.0,45.5,50.0,29.2,0.6417,0.6417,-0.091,1750.22,45.0,False,0.02
2026-02-22 02:00:00,2026-02-22,2,Sunday,True,Airport_Corridor,Rain,0.205,60.0,1.0,60.0,42.1,47.9,26.9,0.6393,0.6393,-0.122,1613.05,45.0,False,0.02
2026-02-22 03:00:00,2026-02-22,3,Sunday,True,Airport_Corridor,Rain,0.2,60.0,1.0,60.0,40.8,49.8,26.0,0.6363,0.6363,-0.179,1559.45,45.0,False,0.02
2026-02-22 04:00:00,2026-02-22,4,Sunday,True,Airport_Corridor,Rain,0.181,60.0,1.0,60.0,47.6,51.8,30.5,0.6398,0.6398,-0.08,1827.9,45.0,False,0.02
2026-02-22 05:00:00,2026-02-22,5,Sunday,True,Airport_Corridor,Rain,0.228,60.0,1.0,60.0,42.1,48.4,26.3,0.625,0.625,-0.13,1578.0,45.0,False,0.02
2026-02-22 06:00:00,2026-02-22,6,Sunday,True,Airport_Corridor,Rain,0.183,60.0,1.0,60.0,49.7,55.3,31.6,0.6371,0.6371,-0.103,1898.55,45.0,False,0.02
2026-02-22 07:00:00,2026-02-22,7,Sunday,True,Airport_Corridor,Rain,0.23,60.0,1.084,65.02,65.6,57.6,38.6,0.5876,0.5876,0.14,2507.76,48.77,False,0.02
2026-02-22 08:00:00,2026-02-22,8,Sunday,True,Airport_Corridor,Rain,0.271,60.0,1.147,68.83,75.4,60.6,42.4,0.5623,0.5623,0.245,2919.3,51.62,False,0.02
2026-02-22 09:00:00,2026-02-22,9,Sunday,True,Airport_Corridor,Rain,0.343,60.0,1.238,74.26,85.7,61.4,43.6,0.5085,0.5085,0.396,3235.12,55.7,False,0.02
2026-02-22 10:00:00,2026-02-22,10,Sunday,True,Airport_Corridor,Rain,0.339,60.0,1.538,92.27,138.7,73.1,56.2,0.4056,0.4056,0.896,5189.01,69.2,False,0.0319
2026-02-22 11:00:00,2026-02-22,11,Sunday,True,Airport_Corridor,Rain,0.442,60.0,1.682,100.93,153.2,71.7,55.9,0.3652,0.3652,1.137,5646.41,75.7,False,0.0391
2026-02-22 12:00:00,2026-02-22,12,Sunday,True,Airport_Corridor,Rain,0.415,60.0,1.951,117.05,193.6,74.9,61.8,0.3194,0.3194,1.585,7238.16,87.79,False,0.0525
2026-02-22 13:00:00,2026-02-22,13,Sunday,True,Airport_Corridor,Rain,0.479,60.0,1.88,112.78,193.6,78.5,65.5,0.3382,0.3382,1.466,7387.08,84.59,False,0.049
2026-02-22 14:00:00,2026-02-22,14,Sunday,True,Airport_Corridor,Rain,0.469,60.0,1.855,111.33,194.3,80.1,64.7,0.3332,0.3332,1.426,7206.99,83.5,False,0.0478
2026-02-22 15:00:00,2026-02-22,15,Sunday,True,Airport_Corridor,Rain,0.463,60.0,1.738,104.28,180.7,81.0,64.0,0.354,0.354,1.23,6672.82,78.21,False,0.0419
2026-02-22 16:00:00,2026-02-22,16,Sunday,True,Airport_Corridor,Rain,0.449,60.0,1.516,90.97,150.8,81.1,62.3,0.4131,0.4131,0.86,5666.1,68.23,False,0.0308
2026-02-22 17:00:00,2026-02-22,17,Sunday,True,Airport_Corridor,Rain,0.325,60.0,1.482,88.9,155.0,86.0,65.5,0.4225,0.4225,0.803,5821.69,66.68,False,0.0291
2026-02-22 18:00:00,2026-02-22,18,Sunday,True,Airport_Corridor,Rain,0.371,60.0,1.17,70.2,98.3,76.6,52.6,0.5353,0.5353,0.283,3693.32,52.65,False,0.02
2026-02-22 19:00:00,2026-02-22,19,Sunday,True,Airport_Corridor,Rain,0.306,60.0,1.332,79.94,110.9,71.4,53.0,0.4779,0.4779,0.554,4237.19,59.95,False,0.0216
2026-02-22 20:00:00,2026-02-22,20,Sunday,True,Airport_Corridor,Rain,0.399,60.0,1.738,104.29,163.3,73.2,58.8,0.3599,0.3599,1.23,6128.84,78.22,False,0.0419
2026-02-22 21:00:00,2026-02-22,21,Sunday,True,Airport_Corridor,Rain,0.443,60.0,1.96,117.62,175.3,67.4,55.9,0.319,0.319,1.6,6577.87,88.22,False,0.053
2026-02-22 22:00:00,2026-02-22,22,Sunday,True,Airport_Corridor,Rain,0.516,60.0,2.411,144.65,204.9,61.1,54.4,0.2656,0.2656,2.351,7871.58,108.49,False,0.0755
2026-02-22 23:00:00,2026-02-22,23,Sunday,True,Airport_Corridor,Rain,0.517,60.0,2.541,152.48,205.9,57.7,50.7,0.2461,0.2461,2.569,7727.85,114.36,False,0.0821
2026-02-23 00:00:00,2026-02-23,0,Monday,False,Airport_Corridor,Clear,0.091,60.0,1.0,60.0,31.3,43.2,20.8,0.6639,0.6639,-0.277,1245.54,45.0,False,0.02
2026-02-23 01:00:00,2026-02-23,1,Monday,False,Airport_Corridor,Clear,0.003,60.0,1.0,60.0,34.8,52.0,22.7,0.653,0.653,-0.331,1363.49,45.0,False,0.02
2026-02-23 02:00:00,2026-02-23,2,Monday,False,Airport_Corridor,Clear,0.043,60.0,1.0,60.0,31.5,49.2,20.9,0.6653,0.6653,-0.361,1256.0,45.0,False,0.02
2026-02-23 03:00:00,2026-02-23,3,Monday,False,Airport_Corridor,Clear,0.026,60.0,1.0,60.0,30.9,47.8,20.6,0.6678,0.6678,-0.354,1238.54,45.0,False,0.02
2026-02-23 04:00:00,2026-02-23,4,Monday,False,Airport_Corridor,Clear,0.063,60.0,1.0,60.0,35.1,58.0,22.4,0.6383,0.6383,-0.394,1344.84,45.0,False,0.02
2026-02-23 05:00:00,2026-02-23,5,Monday,False,Airport_Corridor,Clear,0.096,60.0,1.0,60.0,46.2,60.0,31.0,0.6699,0.6699,-0.23,1858.55,45.0,False,0.02
2026-02-23 06:00:00,2026-02-23,6,Monday,False,Airport_Corridor,Clear,0.173,60.0,1.087,65.2,78.3,68.4,48.8,0.6237,0.6237,0.145,3184.95,48.9,False,0.02
2026-02-23 07:00:00,2026-02-23,7,Monday,False,Airport_Corridor,Clear,0.262,60.0,1.762,105.73,154.9,68.2,55.8,0.3601,0.3601,1.27,5899.67,79.3,False,0.0431
2026-02-23 08:00:00,2026-02-23,8,Monday,False,Airport_Corridor,Clear,0.379,60.0,1.593,95.59,154.6,77.7,63.9,0.4133,0.4133,0.989,6108.42,71.69,False,0.0347
2026-02-23 09:00:00,2026-02-23,9,Monday,False,Airport_Corridor,Clear,0.383,60.0,1.829,109.76,194.5,81.6,70.5,0.3623,0.3623,1.382,7733.51,82.32,False,0.0465
2026-02-23 10:00:00,2026-02-23,10,Monday,False,Airport_Corridor,Clear,0.256,60.0,1.42,85.23,144.9,85.2,66.0,0.4556,0.4556,0.701,5627.2,63.92,False,0.026
2026-02-23 11:00:00,2026-02-23,11,Monday,False,Airport_Corridor,Clear,0.195,60.0,1.062,63.73,90.4,81.9,54.7,0.6043,0.6043,0.104,3482.92,47.8,False,0.02
2026-02-23 12:00:00,2026-02-23,12,Monday,False,Airport_Corridor,Clear,0.089,60.0,1.0,60.0,53.8,72.5,36.4,0.6757,0.6757,-0.257,2182.9,45.0,False,0.02
2026-02-23 13:00:00,2026-02-23,13,Monday,False,Airport_Corridor,Clear,0.093,60.0,1.0,60.0,39.4,79.9,26.1,0.6629,0.6629,-0.506,1568.46,45.0,False,0.02
2026-02-23 14:00:00,2026-02-23,14,Monday,False,Airport_Corridor,Clear,0.052,60.0,1.0,60.0,40.7,73.5,27.3,0.67,0.67,-0.445,1638.03,45.0,False,0.02
2026-02-23 15:00:00,2026-02-23,15,Monday,False,Airport_Corridor,Clear,0.09,60.0,1.0,60.0,68.0,75.7,46.4,0.6827,0.6827,-0.101,2785.94,45.0,False,0.02
2026-02-23 16:00:00,2026-02-23,16,Monday,False,Airport_Corridor,Clear,0.205,60.0,1.159,69.56,106.2,83.9,60.1,0.5656,0.5656,0.266,4179.14,52.17,False,0.02
2026-02-23 17:00:00,2026-02-23,17,Monday,False,Airport_Corridor,Clear,0.282,60.0,1.618,97.06,176.7,87.1,72.2,0.4088,0.4088,1.029,7010.73,72.8,False,0.0359
2026-02-23 18:00:00,2026-02-23,18,Monday,False,Airport_Corridor,Clear,0.413,60.0,1.911,114.66,210.0,83.4,74.3,0.3538,0.3538,1.518,8520.94,86.0,False,0.0505
2026-02-23 19:00:00,2026-02-23,19,Monday,False,Airport_Corridor,Clear,0.397,60.0,1.885,113.1,201.2,81.3,70.2,0.3492,0.3492,1.475,7944.71,84.82,False,0.0493
2026-02-23 20:00:00,2026-02-23,20,Monday,False,Airport_Corridor,Clear,0.304,60.0,1.75,105.02,187.0,83.1,70.1,0.3748,0.3748,1.251,7361.04,78.77,False,0.0425
2026-02-23 21:00:00,2026-02-23,21,Monday,False,Airport_Corridor,Clear,0.241,60.0,1.441,86.47,123.4,71.1,55.7,0.4511,0.4511,0.735,4812.27,64.85,False,0.0271
2026-02-23 22:00:00,2026-02-23,22,Monday,False,Airport_Corridor,Clear,0.148,60.0,1.0,60.0,64.4,70.0,43.4,0.6747,0.6747,-0.08,2606.76,45.0,False,0.02
2026-02-23 23:00:00,2026-02-23,23,Monday,False,Airport_Corridor,Clear,0.079,60.0,1.0,60.0,41.0,67.8,27.9,0.6806,0.6806,-0.395,1675.04,45.0,False,0.02
2026-02-24 00:00:00,2026-02-24,0,Tuesday,False,Airport_Corridor,Clear,0.059,60.0,1.0,60.0,31.4,44.6,20.8,0.6614,0.6614,-0.296,1245.09,45.0,False,0.02
2026-02-24 01:00:00,2026-02-24,1,Tuesday,False,Airport_Corridor,Clear,0.037,60.0,1.0,60.0,33.6,46.6,23.0,0.6846,0.6846,-0.28,1378.28,45.0,False,0.02
2026-02-24 02:00:00,2026-02-24,2,Tuesday,False,Airport_Corridor,Clear,0.044,60.0,1.0,60.0,32.6,51.8,22.4,0.6869,0.6869,-0.371,1342.67,45.0,False,0.02
2026-02-24 03:00:00,2026-02-24,3,Tuesday,False,Airport_Corridor,Clear,0.088,60.0,1.0,60.0,34.0,55.3,22.9,0.6722,0.6722,-0.384,1372.27,45.0,False,0.02
2026-02-24 04:00:00,2026-02-24,4,Tuesday,False,Airport_Corridor,Clear,0.035,60.0,1.0,60.0,31.8,56.7,21.2,0.6652,0.6652,-0.438,1270.13,45.0,False,0.02
2026-02-24 05:00:00,2026-02-24,5,Tuesday,False,Airport_Corridor,Clear,0.084,60.0,1.0,60.0,43.3,54.1,28.9,0.6681,0.6681,-0.199,1736.32,45.0,False,0.02
2026-02-24 06:00:00,2026-02-24,6,Tuesday,False,Airport_Corridor,Clear,0.167,60.0,1.181,70.84,85.9,66.1,47.7,0.5552,0.5552,0.301,3380.51,53.13,False,0.02
2026-02-24 07:00:00,2026-02-24,7,Tuesday,False,Airport_Corridor,Clear,0.29,60.0,1.509,90.53,146.0,79.0,64.5,0.4419,0.4419,0.848,5841.76,67.9,False,0.0304
2026-02-24 08:00:00,2026-02-24,8,Tuesday,False,Airport_Corridor,Clear,0.362,60.0,2.071,124.24,202.1,72.6,66.2,0.3273,0.3273,1.784,8219.12,93.18,False,0.0585
2026-02-24 09:00:00,2026-02-24,9,Tuesday,False,Airport_Corridor,Clear,0.377,60.0,1.878,112.65,198.7,80.7,70.8,0.3561,0.3561,1.463,7970.67,84.49,False,0.0489
2026-02-24 10:00:00,2026-02-24,10,Tuesday,False,Airport_Corridor,Clear,0.287,60.0,1.608,96.49,154.3,76.6,61.7,0.3996,0.3996,1.014,5949.31,72.37,False,0.0354
2026-02-24 11:00:00,2026-02-24,11,Tuesday,False,Airport_Corridor,Clear,0.189,60.0,1.008,60.5,80.3,79.2,53.0,0.6602,0.6602,0.014,3207.31,45.38,False,0.02
2026-02-24 12:00:00,2026-02-24,12,Tuesday,False,Airport_Corridor,Clear,0.064,60.0,1.0,60.0,46.5,73.3,31.3,0.6726,0.6726,-0.365,1878.15,45.0,False,0.02
2026-02-24 13:00:00,2026-02-24,13,Tuesday,False,Airport_Corridor,Clear,0.069,60.0,1.0,60.0,36.1,82.1,24.1,0.6679,0.6679,-0.561,1445.5,45.0,False,0.02
2026-02-24 14:00:00,2026-02-24,14,Tuesday,False,Airport_Corridor,Clear,0.1,60.0,1.0,60.0,44.5,82.3,30.6,0.6881,0.6881,-0.46,1835.81,45.0,False,0.02
2026-02-24 15:00:00,2026-02-24,15,Tuesday,False,Airport_Corridor,Clear,0.165,60.0,1.0,60.0,57.2,76.0,37.7,0.6602,0.6602,-0.248,2264.61,45.0,False,0.02
2026-02-24 16:00:00,2026-02-24,16,Tuesday,False,Airport_Corridor,Clear,0.151,60.0,1.23,73.81,100.7,72.8,52.6,0.5224,0.5224,0.383,3883.34,55.36,False,0.02
2026-02-24 17:00:00,2026-02-24,17,Tuesday,False,Airport_Corridor,Clear,0.328,60.0,1.836,110.14,178.0,74.4,63.0,0.3537,0.3537,1.393,6934.53,82.61,False,0.0468
2026-02-24 18:00:00,2026-02-24,18,Tuesday,False,Airport_Corridor,Clear,0.417,60.0,1.969,118.17,252.4,96.5,82.8,0.3282,0.3282,1.616,9789.62,88.63,False,0.0535
2026-02-24 19:00:00,2026-02-24,19,Tuesday,False,Airport_Corridor,Clear,0.433,60.0,1.954,117.25,229.7,88.7,78.1,0.3401,0.3401,1.59,9158.41,87.94,False,0.0527
2026-02-24 20:00:00,2026-02-24,20,Tuesday,False,Airport_Corridor,Clear,0.375,60.0,1.569,94.12,170.4,87.5,73.4,0.431,0.431,0.948,6910.28,70.59,False,0.0334
2026-02-24 21:00:00,2026-02-24,21,Tuesday,False,Airport_Corridor,Clear,0.214,60.0,1.149,68.92,95.0,76.1,55.1,0.58,0.58,0.248,3796.87,51.69,False,0.02
2026-02-24 22:00:00,2026-02-24,22,Tuesday,False,Airport_Corridor,Clear,0.041,60.0,1.0,60.0,56.0,77.8,37.1,0.6619,0.6619,-0.281,2223.12,45.0,False,0.02
2026-02-24 23:00:00,2026-02-24,23,Tuesday,False,Airport_Corridor,Clear,0.015,60.0,1.0,60.0,42.8,66.4,28.4,0.6637,0.6637,-0.355,1706.36,45.0,False,0.02
2026-02-25 00:00:00,2026-02-25,0,Wednesday,False,Airport_Corridor,Rain,0.202,60.0,1.0,60.0,35.0,44.9,22.3,0.6363,0.6363,-0.221,1335.25,45.0,False,0.02
2026-02-25 01:00:00,2026-02-25,1,Wednesday,False,Airport_Corridor,Rain,0.239,60.0,1.0,60.0,36.8,44.8,23.6,0.6395,0.6395,-0.178,1413.66,45.0,False,0.02
2026-02-25 02:00:00,2026-02-25,2,Wednesday,False,Airport_Corridor,Rain,0.194,60.0,1.0,60.0,36.6,53.7,23.6,0.6445,0.6445,-0.318,1414.86,45.0,False,0.02
2026-02-25 03:00:00,2026-02-25,3,Wednesday,False,Airport_Corridor,Rain,0.215,60.0,1.0,60.0,34.5,54.6,21.5,0.6228,0.6228,-0.369,1288.62,45.0,False,0.02
2026-02-25 04:00:00,2026-02-25,4,Wednesday,False,Airport_Corridor,Rain,0.162,60.0,1.0,60.0,45.4,58.3,28.7,0.6324,0.6324,-0.221,1722.41,45.0,False,0.02
2026-02-25 05:00:00,2026-02-25,5,Wednesday,False,Airport_Corridor,Rain,0.228,60.0,1.0,60.0,52.2,62.6,33.2,0.6364,0.6364,-0.165,1993.88,45.0,False,0.02
2026-02-25 06:00:00,2026-02-25,6,Wednesday,False,Airport_Corridor,Rain,0.314,60.0,1.241,74.47,95.2,67.9,48.4,0.5078,0.5078,0.402,3601.07,55.85,False,0.02
2026-02-25 07:00:00,2026-02-25,7,Wednesday,False,Airport_Corridor,Rain,0.356,60.0,1.784,107.03,162.8,70.6,56.7,0.348,0.348,1.306,6063.37,80.27,False,0.0442
2026-02-25 08:00:00,2026-02-25,8,Wednesday,False,Airport_Corridor,Rain,0.472,60.0,2.533,151.97,246.9,69.5,61.4,0.2486,0.2486,2.555,9326.64,113.98,False,0.0816
2026-02-25 09:00:00,2026-02-25,9,Wednesday,False,Airport_Corridor,Rain,0.491,60.0,2.135,128.12,227.8,78.8,67.8,0.2975,0.2975,1.892,8683.84,96.09,False,0.0618
2026-02-25 10:00:00,2026-02-25,10,Wednesday,False,Airport_Corridor,Rain,0.42,60.0,1.698,101.86,152.7,70.6,55.2,0.3617,0.3617,1.163,5626.37,76.39,False,0.0399
2026-02-25 11:00:00,2026-02-25,11,Wednesday,False,Airport_Corridor,Rain,0.323,60.0,1.051,63.07,87.7,80.8,51.6,0.588,0.588,0.085,3251.48,47.3,False,0.02
2026-02-25 12:00:00,2026-02-25,12,Wednesday,False,Airport_Corridor,Rain,0.243,60.0,1.0,60.0,49.9,77.3,32.1,0.6427,0.6427,-0.354,1925.08,45.0,False,0.02
2026-02-25 13:00:00,2026-02-25,13,Wednesday,False,Airport_Corridor,Rain,0.228,60.0,1.0,60.0,42.0,84.8,27.4,0.6507,0.6507,-0.504,1641.38,45.0,False,0.02
2026-02-25 14:00:00,2026-02-25,14,Wednesday,False,Airport_Corridor,Rain,0.178,60.0,1.0,60.0,44.7,76.2,28.4,0.6354,0.6354,-0.414,1702.46,45.0,False,0.02
2026-02-25 15:00:00,2026-02-25,15,Wednesday,False,Airport_Corridor,Rain,0.278,60.0,1.0,60.0,69.6,78.0,45.6,0.6549,0.6549,-0.108,2736.34,45.0,False,0.02
2026-02-25 16:00:00,2026-02-25,16,Wednesday,False,Airport_Corridor,Rain,0.355,60.0,1.167,70.04,113.5,88.8,62.2,0.5483,0.5483,0.279,4359.51,52.53,False,0.02
2026-02-25 17:00:00,2026-02-25,17,Wednesday,False,Airport_Corridor,Rain,0.524,60.0,2.091,125.48,206.3,73.2,61.3,0.297,0.297,1.819,7686.61,94.11,False,0.0596
2026-02-25 18:00:00,2026-02-25,18,Wednesday,False,Airport_Corridor,Rain,0.568,60.0,2.287,137.24,266.2,84.6,73.5,0.2763,0.2763,2.145,10091.31,102.93,False,0.0694
2026-02-25 19:00:00,2026-02-25,19,Wednesday,False,Airport_Corridor,Rain,0.57,60.0,2.27,136.22,268.2,86.0,77.0,0.2871,0.2871,2.117,10487.02,102.16,False,0.0685
2026-02-25 20:00:00,2026-02-25,20,Wednesday,False,Airport_Corridor,Rain,0.423,60.0,1.892,113.54,202.7,81.5,67.4,0.3327,0.3327,1.487,7657.36,85.16,False,0.0496
2026-02-25 21:00:00,2026-02-25,21,Wednesday,False,Airport_Corridor,Rain,0.294,60.0,1.336,80.17,128.4,82.3,58.1,0.4523,0.4523,0.56,4655.2,60.13,False,0.0218
2026-02-25 22:00:00,2026-02-25,22,Wednesday,False,Airport_Corridor,Rain,0.256,60.0,1.0,60.0,68.1,77.4,42.9,0.6307,0.6307,-0.121,2575.27,45.0,False,0.02
2026-02-25 23:00:00,2026-02-25,23,Wednesday,False,Airport_Corridor,Rain,0.218,60.0,1.0,60.0,41.3,61.1,26.7,0.6462,0.6462,-0.324,1601.84,45.0,False,0.02
2026-02-26 00:00:00,2026-02-26,0,Thursday,False,Airport_Corridor,Clear,0.036,60.0,1.0,60.0,31.9,41.1,21.2,0.6652,0.6652,-0.223,1274.48,45.0,False,0.02
2026-02-26 01:00:00,2026-02-26,1,Thursday,False,Airport_Corridor,Clear,0.009,60.0,1.0,60.0,28.8,45.7,19.3,0.6696,0.6696,-0.369,1158.53,45.0,False,0.02
2026-02-26 02:00:00,2026-02-26,2,Thursday,False,Airport_Corridor,Clear,0.066,60.0,1.0,60.0,30.9,50.4,20.5,0.6642,0.6642,-0.386,1231.93,45.0,False,0.02
2026-02-26 03:00:00,2026-02-26,3,Thursday,False,Airport_Corridor,Clear,0.104,60.0,1.0,60.0,34.1,56.9,22.1,0.6487,0.6487,-0.4,1328.09,45.0,False,0.02
2026-02-26 04:00:00,2026-02-26,4,Thursday,False,Airport_Corridor,Clear,0.137,60.0,1.0,60.0,33.9,60.7,22.9,0.6746,0.6746,-0.441,1372.33,45.0,False,0.02
2026-02-26 05:00:00,2026-02-26,5,Thursday,False,Airport_Corridor,Clear,0.051,60.0,1.0,60.0,36.9,68.2,24.1,0.653,0.653,-0.458,1447.48,45.0,False,0.02
2026-02-26 06:00:00,2026-02-26,6,Thursday,False,Airport_Corridor,Clear,0.164,60.0,1.113,66.76,87.0,73.2,50.6,0.582,0.582,0.188,3379.53,50.07,False,0.02
2026-02-26 07:00:00,2026-02-26,7,Thursday,False,Airport_Corridor,Clear,0.287,60.0,1.357,81.4,117.9,73.9,58.4,0.4952,0.4952,0.594,4750.6,61.05,False,0.0228
2026-02-26 08:00:00,2026-02-26,8,Thursday,False,Airport_Corridor,Clear,0.392,60.0,1.479,88.74,151.6,84.3,67.9,0.4476,0.4476,0.798,6022.69,66.55,False,0.0289
2026-02-26 09:00:00,2026-02-26,9,Thursday,False,Airport_Corridor,Clear,0.307,60.0,2.19,131.39,222.1,74.5,67.9,0.3056,0.3056,1.983,8918.56,98.54,False,0.0645
2026-02-26 10:00:00,2026-02-26,10,Thursday,False,Airport_Corridor,Clear,0.295,60.0,1.565,93.93,144.2,74.3,60.6,0.4203,0.4203,0.942,5693.67,70.45,False,0.0333
2026-02-26 11:00:00,2026-02-26,11,Thursday,False,Airport_Corridor,Clear,0.194,60.0,1.0,60.0,65.7,83.4,44.3,0.6743,0.6743,-0.213,2656.97,45.0,False,0.02
2026-02-26 12:00:00,2026-02-26,12,Thursday,False,Airport_Corridor,Clear,0.087,60.0,1.0,60.0,49.1,77.1,33.6,0.684,0.684,-0.363,2016.85,45.0,False,0.02
2026-02-26 13:00:00,2026-02-26,13,Thursday,False,Airport_Corridor,Clear,0.0,60.0,1.0,60.0,35.5,74.6,23.6,0.6647,0.6647,-0.524,1415.65,45.0,False,0.02
2026-02-26 14:00:00,2026-02-26,14,Thursday,False,Airport_Corridor,Clear,0.035,60.0,1.0,60.0,42.5,80.2,29.0,0.6809,0.6809,-0.47,1737.95,45.0,False,0.02
2026-02-26 15:00:00,2026-02-26,15,Thursday,False,Airport_Corridor,Clear,0.118,60.0,1.0,60.0,61.1,81.1,40.9,0.6706,0.6706,-0.247,2456.76,45.0,False,0.02
2026-02-26 16:00:00,2026-02-26,16,Thursday,False,Airport_Corridor,Clear,0.199,60.0,1.121,67.28,101.0,84.0,59.5,0.5891,0.5891,0.202,4003.08,50.46,False,0.02
2026-02-26 17:00:00,2026-02-26,17,Thursday,False,Airport_Corridor,Clear,0.347,60.0,1.56,93.6,175.9,91.0,76.3,0.4337,0.4337,0.933,7139.46,70.2,False,0.033
2026-02-26 18:00:00,2026-02-26,18,Thursday,False,Airport_Corridor,Clear,0.482,60.0,2.099,125.93,235.1,83.0,73.0,0.3105,0.3105,1.831,9192.78,94.45,False,0.0599
2026-02-26 19:00:00,2026-02-26,19,Thursday,False,Airport_Corridor,Clear,0.441,60.0,1.875,112.47,204.6,83.2,72.5,0.3545,0.3545,1.458,8156.58,84.35,False,0.0487
2026-02-26 20:00:00,2026-02-26,20,Thursday,False,Airport_Corridor,Clear,0.337,60.0,1.617,97.04,160.2,78.9,65.2,0.4072,0.4072,1.029,6328.53,72.78,False,0.0359
2026-02-26 21:00:00,2026-02-26,21,Thursday,False,Airport_Corridor,Clear,0.179,60.0,1.15,68.99,108.3,86.7,61.9,0.5719,0.5719,0.25,4273.27,51.74,False,0.02
2026-02-26 22:00:00,2026-02-26,22,Thursday,False,Airport_Corridor,Clear,0.095,60.0,1.0,60.0,62.8,75.1,42.3,0.674,0.674,-0.164,2539.31,45.0,False,0.02
2026-02-26 23:00:00,2026-02-26,23,Thursday,False,Airport_Corridor,Clear,0.06,60.0,1.0,60.0,47.2,65.3,30.5,0.6461,0.6461,-0.276,1831.54,45.0,False,0.02
2026-02-27 00:00:00,2026-02-27,0,Friday,False,Airport_Corridor,Clear,0.087,60.0,1.0,60.0,30.0,48.8,20.3,0.6741,0.6741,-0.384,1215.41,45.0,False,0.02
2026-02-27 01:00:00,2026-02-27,1,Friday,False,Airport_Corridor,Clear,0.036,60.0,1.0,60.0,31.7,48.1,21.4,0.6742,0.6742,-0.34,1283.61,45.0,False,0.02
2026-02-27 02:00:00,2026-02-27,2,Friday,False,Airport_Corridor,Clear,0.016,60.0,1.0,60.0,30.7,48.0,20.5,0.667,0.667,-0.361,1228.01,45.0,False,0.02
2026-02-27 03:00:00,2026-02-27,3,Friday,False,Airport_Corridor,Clear,0.0,60.0,1.0,60.0,31.4,50.0,20.9,0.6666,0.6666,-0.372,1254.21,45.0,False,0.02
2026-02-27 04:00:00,2026-02-27,4,Friday,False,Airport_Corridor,Clear,0.041,60.0,1.0,60.0,35.8,53.2,24.4,0.6819,0.6819,-0.327,1463.13,45.0,False,0.02
2026-02-27 05:00:00,2026-02-27,5,Friday,False,Airport_Corridor,Clear,0.064,60.0,1.0,60.0,38.4,66.4,26.7,0.6953,0.6953,-0.422,1602.77,45.0,False,0.02
2026-02-27 06:00:00,2026-02-27,6,Friday,False,Airport_Corridor,Clear,0.119,60.0,1.17,70.22,87.4,68.1,49.7,0.5689,0.5689,0.284,3493.22,52.66,False,0.02
2026-02-27 07:00:00,2026-02-27,7,Friday,False,Airport_Corridor,Clear,0.293,60.0,1.698,101.91,153.8,71.1,56.7,0.369,0.369,1.164,5783.05,76.43,False,0.0399
2026-02-27 08:00:00,2026-02-27,8,Friday,False,Airport_Corridor,Clear,0.327,60.0,2.0,119.99,200.9,75.3,66.9,0.3331,0.3331,1.666,8027.99,89.99,False,0.055
2026-02-27 09:00:00,2026-02-27,9,Friday,False,Airport_Corridor,Clear,0.356,60.0,2.007,120.44,220.6,82.3,72.2,0.3272,0.3272,1.679,8692.84,90.33,False,0.0554
2026-02-27 10:00:00,2026-02-27,10,Friday,False,Airport_Corridor,Clear,0.268,60.0,1.327,79.6,129.0,83.5,66.2,0.5131,0.5131,0.544,5268.17,59.7,False,0.0213
2026-02-27 11:00:00,2026-02-27,11,Friday,False,Airport_Corridor,Clear,0.214,60.0,1.098,65.91,93.3,80.2,55.0,0.589,0.589,0.164,3623.18,49.43,False,0.02
2026-02-27 12:00:00,2026-02-27,12,Friday,False,Airport_Corridor,Clear,0.103,60.0,1.0,60.0,47.6,68.7,31.8,0.6671,0.6671,-0.307,1905.12,45.0,False,0.02
2026-02-27 13:00:00,2026-02-27,13,Friday,False,Airport_Corridor,Clear,0.073,60.0,1.0,60.0,38.0,82.0,25.8,0.678,0.678,-0.537,1545.35,45.0,False,0.02
2026-02-27 14:00:00,2026-02-27,14,Friday,False,Airport_Corridor,Clear,0.082,60.0,1.0,60.0,43.2,79.7,28.6,0.6617,0.6617,-0.458,1714.71,45.0,False,0.02
2026-02-27 15:00:00,2026-02-27,15,Friday,False,Airport_Corridor,Clear,0.131,60.0,1.0,60.0,61.6,68.1,41.5,0.673,0.673,-0.096,2488.32,45.0,False,0.02
2026-02-27 16:00:00,2026-02-27,16,Friday,False,Airport_Corridor,Clear,0.216,60.0,1.27,76.22,103.4,71.3,54.1,0.5236,0.5236,0.451,4125.52,57.16,False,0.02
2026-02-27 17:00:00,2026-02-27,17,Friday,False,Airport_Corridor,Clear,0.347,60.0,1.563,93.77,172.8,89.2,71.1,0.4117,0.4117,0.938,6671.28,70.33,False,0.0331
2026-02-27 18:00:00,2026-02-27,18,Friday,False,Airport_Corridor,Clear,0.488,60.0,2.282,136.93,247.9,79.0,70.8,0.2856,0.2856,2.137,9692.84,102.7,False,0.0691
2026-02-27 19:00:00,2026-02-27,19,Friday,False,Airport_Corridor,Clear,0.418,60.0,2.021,121.24,229.8,85.1,77.8,0.3384,0.3384,1.701,9428.86,90.93,False,0.056
2026-02-27 20:00:00,2026-02-27,20,Friday,False,Airport_Corridor,Clear,0.295,60.0,1.6,95.98,183.3,91.7,75.0,0.409,0.409,0.999,7195.76,71.98,False,0.035
2026-02-27 21:00:00,2026-02-27,21,Friday,False,Airport_Corridor,Clear,0.205,60.0,1.156,69.34,100.1,79.5,58.4,0.5827,0.5827,0.26,4046.4,52.01,False,0.02
2026-02-27 22:00:00,2026-02-27,22,Friday,False,Airport_Corridor,Clear,0.105,60.0,1.0,60.0,52.7,73.0,35.4,0.6721,0.6721,-0.278,2125.86,45.0,False,0.02
2026-02-27 23:00:00,2026-02-27,23,Friday,False,Airport_Corridor,Clear,0.12,60.0,1.0,60.0,41.0,67.1,26.8,0.6524,0.6524,-0.389,1606.28,45.0,False,0.02
2026-02-28 00:00:00,2026-02-28,0,Saturday,True,Airport_Corridor,Clear,0.082,60.0,1.0,60.0,37.1,49.3,24.4,0.6589,0.6589,-0.247,1465.73,45.0,False,0.02
2026-02-28 01:00:00,2026-02-28,1,Saturday,True,Airport_Corridor,Clear,0.087,60.0,1.0,60.0,39.8,47.9,26.6,0.6685,0.6685,-0.17,1596.02,45.0,False,0.02
2026-02-28 02:00:00,2026-02-28,2,Saturday,True,Airport_Corridor,Clear,0.081,60.0,1.0,60.0,39.8,51.1,27.2,0.6834,0.6834,-0.221,1632.88,45.0,False,0.02
2026-02-28 03:00:00,2026-02-28,3,Saturday,True,Airport_Corridor,Clear,0.095,60.0,1.0,60.0,40.3,51.5,26.4,0.6558,0.6558,-0.218,1585.74,45.0,False,0.02
2026-02-28 04:00:00,2026-02-28,4,Saturday,True,Airport_Corridor,Clear,0.087,60.0,1.0,60.0,40.5,55.4,26.2,0.6466,0.6466,-0.268,1571.3,45.0,False,0.02
2026-02-28 05:00:00,2026-02-28,5,Saturday,True,Airport_Corridor,Clear,0.034,60.0,1.0,60.0,44.3,51.3,30.0,0.6781,0.6781,-0.137,1800.98,45.0,False,0.02
2026-02-28 06:00:00,2026-02-28,6,Saturday,True,Airport_Corridor,Clear,0.062,60.0,1.0,60.0,48.8,59.2,31.6,0.6467,0.6467,-0.175,1894.75,45.0,False,0.02
2026-02-28 07:00:00,2026-02-28,7,Saturday,True,Airport_Corridor,Clear,0.084,60.0,1.0,60.0,59.0,69.3,38.7,0.6549,0.6549,-0.149,2319.08,45.0,False,0.02
2026-02-28 08:00:00,2026-02-28,8,Saturday,True,Airport_Corridor,Clear,0.127,60.0,1.051,63.08,63.7,58.7,40.3,0.6329,0.6329,0.086,2543.65,47.31,False,0.02
2026-02-28 09:00:00,2026-02-28,9,Saturday,True,Airport_Corridor,Clear,0.135,60.0,1.169,70.16,82.6,64.4,45.9,0.5564,0.5564,0.282,3223.27,52.62,False,0.02
2026-02-28 10:00:00,2026-02-28,10,Saturday,True,Airport_Corridor,Clear,0.203,60.0,1.185,71.09,97.5,74.5,53.4,0.5478,0.5478,0.308,3797.11,53.32,False,0.02
2026-02-28 11:00:00,2026-02-28,11,Saturday,True,Airport_Corridor,Clear,0.24,60.0,1.637,98.2,150.0,72.8,59.3,0.3951,0.3951,1.061,5818.56,73.65,False,0.0368
2026-02-28 12:00:00,2026-02-28,12,Saturday,True,Airport_Corridor,Clear,0.352,60.0,1.817,109.01,176.5,74.7,64.7,0.3666,0.3666,1.361,7052.65,81.76,False,0.0458
2026-02-28 13:00:00,2026-02-28,13,Saturday,True,Airport_Corridor,Clear,0.385,60.0,2.074,124.44,225.1,80.7,69.8,0.31,0.31,1.79,8684.05,93.33,False,0.0587
2026-02-28 14:00:00,2026-02-28,14,Saturday,True,Airport_Corridor,Clear,0.376,60.0,1.614,96.85,177.4,87.7,71.5,0.4032,0.4032,1.024,6928.68,72.64,False,0.0357
2026-02-28 15:00:00,2026-02-28,15,Saturday,True,Airport_Corridor,Clear,0.364,60.0,1.643,98.58,167.1,80.7,66.2,0.396,0.396,1.072,6523.75,73.94,False,0.0371
2026-02-28 16:00:00,2026-02-28,16,Saturday,True,Airport_Corridor,Clear,0.288,60.0,1.363,81.77,146.4,91.2,73.0,0.4989,0.4989,0.605,5972.91,61.33,False,0.0231
2026-02-28 17:00:00,2026-02-28,17,Saturday,True,Airport_Corridor,Clear,0.216,60.0,1.391,83.45,131.1,79.4,62.3,0.4753,0.4753,0.652,5200.56,62.59,False,0.0245
2026-02-28 18:00:00,2026-02-28,18,Saturday,True,Airport_Corridor,Clear,0.27,60.0,1.261,75.63,115.4,80.5,59.3,0.5141,0.5141,0.434,4487.47,56.72,False,0.02
2026-02-28 19:00:00,2026-02-28,19,Saturday,True,Airport_Corridor,Clear,0.236,60.0,1.385,83.08,120.8,73.6,59.3,0.4906,0.4906,0.641,4924.5,62.31,False,0.0242
2026-02-28 20:00:00,2026-02-28,20,Saturday,True,Airport_Corridor,Clear,0.275,60.0,1.552,93.13,132.7,69.1,54.8,0.4131,0.4131,0.92,5104.03,69.85,False,0.0326
2026-02-28 21:00:00,2026-02-28,21,Saturday,True,Airport_Corridor,Clear,0.275,60.0,1.969,118.16,183.3,70.1,59.4,0.3242,0.3242,1.616,7023.03,88.62,False,0.0535
2026-02-28 22:00:00,2026-02-28,22,Saturday,True,Airport_Corridor,Clear,0.33,60.0,2.098,125.88,191.2,67.5,58.1,0.3037,0.3037,1.83,7307.64,94.41,False,0.0599
2026-02-28 23:00:00,2026-02-28,23,Saturday,True,Airport_Corridor,Clear,0.348,60.0,2.102,126.12,186.9,65.9,60.1,0.3213,0.3213,1.837,7575.28,94.59,False,0.0601
2026-03-01 00:00:00,2026-03-01,0,Sunday,True,Airport_Corridor,Clear,0.08,60.0,1.0,60.0,44.6,55.0,29.4,0.6586,0.6586,-0.19,1762.51,45.0,False,0.02
2026-03-01 01:00:00,2026-03-01,1,Sunday,True,Airport_Corridor,Clear,0.062,60.0,1.0,60.0,43.7,50.5,30.5,0.6982,0.6982,-0.134,1830.89,45.0,False,0.02
2026-03-01 02:00:00,2026-03-01,2,Sunday,True,Airport_Corridor,Clear,0.039,60.0,1.0,60.0,38.0,48.0,25.2,0.6643,0.6643,-0.209,1513.68,45.0,False,0.02
2026-03-01 03:00:00,2026-03-01,3,Sunday,True,Airport_Corridor,Clear,0.042,60.0,1.0,60.0,49.8,50.5,33.3,0.669,0.669,-0.014,1999.11,45.0,False,0.02
2026-03-01 04:00:00,2026-03-01,4,Sunday,True,Airport_Corridor,Clear,0.024,60.0,1.0,60.0,38.2,49.8,25.7,0.6732,0.6732,-0.233,1543.32,45.0,False,0.02
2026-03-01 05:00:00,2026-03-01,5,Sunday,True,Airport_Corridor,Clear,0.095,60.0,1.0,60.0,40.7,57.0,27.2,0.6674,0.6674,-0.285,1630.81,45.0,False,0.02
2026-03-01 06:00:00,2026-03-01,6,Sunday,True,Airport_Corridor,Clear,0.013,60.0,1.0,60.0,49.6,53.5,33.6,0.678,0.678,-0.074,2016.95,45.0,False,0.02
2026-03-01 07:00:00,2026-03-01,7,Sunday,True,Airport_Corridor,Clear,0.129,60.0,1.0,60.0,55.5,60.1,37.4,0.6743,0.6743,-0.077,2244.81,45.0,False,0.02
2026-03-01 08:00:00,2026-03-01,8,Sunday,True,Airport_Corridor,Clear,0.153,60.0,1.066,63.95,64.6,58.2,41.0,0.6339,0.6339,0.11,2619.83,47.96,False,0.02
2026-03-01 09:00:00,2026-03-01,9,Sunday,True,Airport_Corridor,Clear,0.178,60.0,1.06,63.62,76.0,69.0,49.1,0.6468,0.6468,0.101,3125.94,47.71,False,0.02
2026-03-01 10:00:00,2026-03-01,10,Sunday,True,Airport_Corridor,Clear,0.17,60.0,1.489,89.32,119.6,65.9,54.2,0.4528,0.4528,0.814,4838.58,66.99,False,0.0294
2026-03-01 11:00:00,2026-03-01,11,Sunday,True,Airport_Corridor,Clear,0.278,60.0,1.544,92.62,137.7,72.2,58.3,0.4232,0.4232,0.906,5395.82,69.47,False,0.0322
2026-03-01 12:00:00,2026-03-01,12,Sunday,True,Airport_Corridor,Clear,0.349,60.0,1.529,91.73,147.5,78.4,62.7,0.4251,0.4251,0.881,5752.94,68.8,False,0.0314
2026-03-01 13:00:00,2026-03-01,13,Sunday,True,Airport_Corridor,Clear,0.382,60.0,1.735,104.11,195.6,87.9,72.9,0.3729,0.3729,1.225,7591.87,78.08,False,0.0418
2026-03-01 14:00:00,2026-03-01,14,Sunday,True,Airport_Corridor,Clear,0.345,60.0,1.676,100.58,187.4,88.1,74.6,0.3983,0.3983,1.127,7507.53,75.44,False,0.0388
2026-03-01 15:00:00,2026-03-01,15,Sunday,True,Airport_Corridor,Clear,0.271,60.0,1.547,92.83,175.1,91.6,73.5,0.4201,0.4201,0.912,6827.6,69.62,False,0.0324
2026-03-01 16:00:00,2026-03-01,16,Sunday,True,Airport_Corridor,Clear,0.282,60.0,1.533,91.98,146.3,77.5,63.1,0.4314,0.4314,0.888,5804.65,68.98,False,0.0317
2026-03-01 17:00:00,2026-03-01,17,Sunday,True,Airport_Corridor,Clear,0.203,60.0,1.319,79.16,120.0,78.3,61.1,0.5094,0.5094,0.532,4837.91,59.37,False,0.021
2026-03-01 18:00:00,2026-03-01,18,Sunday,True,Airport_Corridor,Clear,0.164,60.0,1.266,75.98,109.6,75.9,55.4,0.5052,0.5052,0.444,4208.41,56.98,False,0.02
2026-03-01 19:00:00,2026-03-01,19,Sunday,True,Airport_Corridor,Clear,0.214,60.0,1.176,70.54,110.6,85.6,60.8,0.5499,0.5499,0.293,4290.61,52.91,False,0.02
2026-03-01 20:00:00,2026-03-01,20,Sunday,True,Airport_Corridor,Clear,0.27,60.0,1.466,87.98,134.8,75.8,58.5,0.4338,0.4338,0.777,5144.82,65.98,False,0.0283
2026-03-01 21:00:00,2026-03-01,21,Sunday,True,Airport_Corridor,Clear,0.304,60.0,2.16,129.57,181.4,61.9,55.1,0.3039,0.3039,1.933,7144.34,97.18,False,0.063
2026-03-01 22:00:00,2026-03-01,22,Sunday,True,Airport_Corridor,Clear,0.383,60.0,2.536,152.16,224.5,63.1,60.1,0.2679,0.2679,2.56,9149.48,114.12,False,0.0818
2026-03-01 23:00:00,2026-03-01,23,Sunday,True,Airport_Corridor,Clear,0.392,60.0,2.326,139.56,189.6,59.1,54.3,0.2867,0.2867,2.21,7584.64,104.67,False,0.0713
2026-03-02 00:00:00,2026-03-02,0,Monday,False,Airport_Corridor,Clear,0.043,60.0,1.0,60.0,30.1,45.7,19.7,0.6541,0.6541,-0.342,1181.72,45.0,False,0.02
2026-03-02 01:00:00,2026-03-02,1,Monday,False,Airport_Corridor,Clear,0.055,60.0,1.0,60.0,31.2,48.2,20.8,0.6658,0.6658,-0.353,1245.44,45.0,False,0.02
2026-03-02 02:00:00,2026-03-02,2,Monday,False,Airport_Corridor,Clear,0.039,60.0,1.0,60.0,33.0,50.0,21.9,0.6633,0.6633,-0.339,1314.13,45.0,False,0.02
2026-03-02 03:00:00,2026-03-02,3,Monday,False,Airport_Corridor,Clear,0.053,60.0,1.0,60.0,33.9,56.2,22.9,0.6761,0.6761,-0.397,1374.81,45.0,False,0.02
2026-03-02 04:00:00,2026-03-02,4,Monday,False,Airport_Corridor,Clear,0.072,60.0,1.0,60.0,28.7,54.7,19.0,0.6619,0.6619,-0.475,1139.3,45.0,False,0.02
2026-03-02 05:00:00,2026-03-02,5,Monday,False,Airport_Corridor,Clear,0.092,60.0,1.0,60.0,48.2,60.7,33.1,0.6865,0.6865,-0.206,1985.52,45.0,False,0.02
2026-03-02 06:00:00,2026-03-02,6,Monday,False,Airport_Corridor,Clear,0.132,60.0,1.074,64.42,77.5,69.0,46.1,0.5953,0.5953,0.123,2970.37,48.31,False,0.02
2026-03-02 07:00:00,2026-03-02,7,Monday,False,Airport_Corridor,Clear,0.293,60.0,1.566,93.95,156.2,80.4,64.5,0.4127,0.4127,0.943,6057.0,70.46,False,0.0333
2026-03-02 08:00:00,2026-03-02,8,Monday,False,Airport_Corridor,Clear,0.315,60.0,1.711,102.66,170.6,78.1,67.2,0.3942,0.3942,1.185,6902.17,77.0,False,0.0406
2026-03-02 09:00:00,2026-03-02,9,Monday,False,Airport_Corridor,Clear,0.319,60.0,1.89,113.39,192.5,77.5,66.4,0.3453,0.3453,1.483,7534.55,85.04,False,0.0495
2026-03-02 10:00:00,2026-03-02,10,Monday,False,Airport_Corridor,Clear,0.266,60.0,1.44,86.39,149.1,86.0,68.6,0.4602,0.4602,0.733,5926.96,64.79,False,0.027
2026-03-02 11:00:00,2026-03-02,11,Monday,False,Airport_Corridor,Clear,0.143,60.0,1.156,69.35,90.8,72.1,52.3,0.5759,0.5759,0.26,3627.41,52.01,False,0.02
2026-03-02 12:00:00,2026-03-02,12,Monday,False,Airport_Corridor,Clear,0.079,60.0,1.0,60.0,46.4,78.0,31.7,0.6838,0.6838,-0.405,1904.75,45.0,False,0.02
2026-03-02 13:00:00,2026-03-02,13,Monday,False,Airport_Corridor,Clear,0.101,60.0,1.0,60.0,37.7,80.8,25.6,0.6786,0.6786,-0.533,1536.02,45.0,False,0.02
2026-03-02 14:00:00,2026-03-02,14,Monday,False,Airport_Corridor,Clear,0.0,60.0,1.0,60.0,46.5,77.3,30.9,0.6647,0.6647,-0.398,1854.84,45.0,False,0.02
2026-03-02 15:00:00,2026-03-02,15,Monday,False,Airport_Corridor,Clear,0.09,60.0,1.0,60.0,59.9,76.2,40.0,0.6684,0.6684,-0.214,2402.49,45.0,False,0.02
2026-03-02 16:00:00,2026-03-02,16,Monday,False,Airport_Corridor,Clear,0.213,60.0,1.211,72.66,113.9,84.3,61.9,0.5436,0.5436,0.352,4497.61,54.49,False,0.02
2026-03-02 17:00:00,2026-03-02,17,Monday,False,Airport_Corridor,Clear,0.357,60.0,1.753,105.18,200.7,89.0,72.1,0.359,0.359,1.255,7579.26,78.89,False,0.0427
2026-03-02 18:00:00,2026-03-02,18,Monday,False,Airport_Corridor,Clear,0.446,60.0,2.047,122.83,228.8,83.3,71.0,0.3105,0.3105,1.745,8725.71,92.12,False,0.0574
2026-03-02 19:00:00,2026-03-02,19,Monday,False,Airport_Corridor,Clear,0.405,60.0,2.242,134.51,246.4,80.3,72.8,0.2955,0.2955,2.07,9791.24,100.88,False,0.0671
2026-03-02 20:00:00,2026-03-02,20,Monday,False,Airport_Corridor,Clear,0.317,60.0,1.946,116.75,198.6,77.1,64.2,0.3234,0.3234,1.576,7501.07,87.56,False,0.0523
2026-03-02 21:00:00,2026-03-02,21,Monday,False,Airport_Corridor,Clear,0.215,60.0,1.24,74.37,101.8,72.7,55.1,0.5418,0.5418,0.399,4100.5,55.78,False,0.02
2026-03-02 22:00:00,2026-03-02,22,Monday,False,Airport_Corridor,Clear,0.142,60.0,1.0,60.0,58.1,75.1,38.9,0.6696,0.6696,-0.226,2336.3,45.0,False,0.02
2026-03-02 23:00:00,2026-03-02,23,Monday,False,Airport_Corridor,Clear,0.038,60.0,1.0,60.0,38.6,69.1,26.7,0.692,0.692,-0.442,1600.84,45.0,False,0.02
2026-03-03 00:00:00,2026-03-03,0,Tuesday,False,Airport_Corridor,Clear,0.061,60.0,1.0,60.0,31.3,40.9,20.7,0.6611,0.6611,-0.234,1242.02,45.0,False,0.02
2026-03-03 01:00:00,2026-03-03,1,Tuesday,False,Airport_Corridor,Clear,0.087,60.0,1.0,60.0,33.4,50.1,22.1,0.6616,0.6616,-0.334,1324.3,45.0,False,0.02
2026-03-03 02:00:00,2026-03-03,2,Tuesday,False,Airport_Corridor,Clear,0.037,60.0,1.0,60.0,33.2,48.5,22.3,0.6703,0.6703,-0.315,1335.38,45.0,False,0.02
2026-03-03 03:00:00,2026-03-03,3,Tuesday,False,Airport_Corridor,Clear,0.088,60.0,1.0,60.0,28.5,54.4,19.0,0.6678,0.6678,-0.475,1142.61,45.0,False,0.02
2026-03-03 04:00:00,2026-03-03,4,Tuesday,False,Airport_Corridor,Clear,0.018,60.0,1.0,60.0,36.9,56.7,24.7,0.6688,0.6688,-0.35,1479.29,45.0,False,0.02
2026-03-03 05:00:00,2026-03-03,5,Tuesday,False,Airport_Corridor,Clear,0.096,60.0,1.0,60.0,48.0,58.9,31.7,0.6607,0.6607,-0.184,1904.19,45.0,False,0.02
2026-03-03 06:00:00,2026-03-03,6,Tuesday,False,Airport_Corridor,Clear,0.111,60.0,1.065,63.9,80.9,73.0,50.4,0.623,0.623,0.108,3221.36,47.92,False,0.02
2026-03-03 07:00:00,2026-03-03,7,Tuesday,False,Airport_Corridor,Clear,0.265,60.0,1.553,93.17,142.4,74.1,58.7,0.4119,0.4119,0.921,5466.02,69.88,False,0.0326
2026-03-03 08:00:00,2026-03-03,8,Tuesday,False,Airport_Corridor,Clear,0.377,60.0,1.692,101.5,177.2,82.3,67.2,0.3794,0.3794,1.153,6823.27,76.12,False,0.0396
2026-03-03 09:00:00,2026-03-03,9,Tuesday,False,Airport_Corridor,Clear,0.324,60.0,1.86,111.61,199.0,81.8,70.5,0.3544,0.3544,1.434,7872.12,83.71,False,0.048
2026-03-03 10:00:00,2026-03-03,10,Tuesday,False,Airport_Corridor,Clear,0.25,60.0,1.482,88.89,138.3,76.7,59.6,0.4309,0.4309,0.803,5295.82,66.67,False,0.0291
2026-03-03 11:00:00,2026-03-03,11,Tuesday,False,Airport_Corridor,Clear,0.184,60.0,1.0,60.0,73.5,75.6,50.2,0.6825,0.6825,-0.027,3011.72,45.0,False,0.02
2026-03-03 12:00:00,2026-03-03,12,Tuesday,False,Airport_Corridor,Clear,0.101,60.0,1.0,60.0,49.2,86.0,32.7,0.6655,0.6655,-0.428,1963.39,45.0,False,0.02
2026-03-03 13:00:00,2026-03-03,13,Tuesday,False,Airport_Corridor,Clear,0.051,60.0,1.0,60.0,36.4,78.6,24.1,0.663,0.663,-0.537,1447.92,45.0,False,0.02
2026-03-03 14:00:00,2026-03-03,14,Tuesday,False,Airport_Corridor,Clear,0.06,60.0,1.0,60.0,44.3,72.7,29.7,0.6701,0.6701,-0.391,1779.47,45.0,False,0.02
2026-03-03 15:00:00,2026-03-03,15,Tuesday,False,Airport_Corridor,Clear,0.116,60.0,1.0,60.0,72.1,78.7,49.3,0.6831,0.6831,-0.084,2955.15,45.0,False,0.02
2026-03-03 16:00:00,2026-03-03,16,Tuesday,False,Airport_Corridor,Clear,0.201,60.0,1.09,65.41,91.7,79.7,57.2,0.6239,0.6239,0.15,3741.72,49.06,False,0.02
2026-03-03 17:00:00,2026-03-03,17,Tuesday,False,Airport_Corridor,Clear,0.338,60.0,1.65,98.98,186.7,89.7,74.5,0.3988,0.3988,1.083,7371.21,74.23,False,0.0375
2026-03-03 18:00:00,2026-03-03,18,Tuesday,False,Airport_Corridor,Clear,0.417,60.0,2.094,125.62,238.9,84.6,75.5,0.3161,0.3161,1.823,9483.41,94.22,False,0.0597
2026-03-03 19:00:00,2026-03-03,19,Tuesday,False,Airport_Corridor,Clear,0.474,60.0,1.831,109.84,226.5,95.0,81.5,0.3597,0.3597,1.385,8948.72,82.38,False,0.0465
2026-03-03 20:00:00,2026-03-03,20,Tuesday,False,Airport_Corridor,Clear,0.32,60.0,1.421,85.26,149.6,87.9,71.2,0.4761,0.4761,0.702,6073.12,63.95,False,0.0261
2026-03-03 21:00:00,2026-03-03,21,Tuesday,False,Airport_Corridor,Clear,0.199,60.0,1.313,78.79,120.6,79.3,59.0,0.4894,0.4894,0.522,4651.18,59.09,False,0.0207
2026-03-03 22:00:00,2026-03-03,22,Tuesday,False,Airport_Corridor,Clear,0.127,60.0,1.0,60.0,67.3,78.0,43.8,0.6511,0.6511,-0.137,2629.67,45.0,False,0.02
2026-03-03 23:00:00,2026-03-03,23,Tuesday,False,Airport_Corridor,Clear,0.053,60.0,1.0,60.0,43.5,60.9,29.2,0.6714,0.6714,-0.286,1752.34,45.0,False,0.02
2026-03-04 00:00:00,2026-03-04,0,Wednesday,False,Airport_Corridor,Clear,0.027,60.0,1.0,60.0,26.5,45.2,18.0,0.6789,0.6789,-0.413,1081.22,45.0,False,0.02
2026-03-04 01:00:00,2026-03-04,1,Wednesday,False,Airport_Corridor,Clear,0.082,60.0,1.0,60.0,32.7,50.4,21.4,0.6547,0.6547,-0.351,1285.5,45.0,False,0.02
2026-03-04 02:00:00,2026-03-04,2,Wednesday,False,Airport_Corridor,Clear,0.061,60.0,1.0,60.0,32.9,45.0,22.1,0.6741,0.6741,-0.27,1328.67,45.0,False,0.02
2026-03-04 03:00:00,2026-03-04,3,Wednesday,False,Airport_Corridor,Clear,0.05,60.0,1.0,60.0,36.8,50.0,25.2,0.6841,0.6841,-0.262,1512.15,45.0,False,0.02
2026-03-04 04:00:00,2026-03-04,4,Wednesday,False,Airport_Corridor,Clear,0.063,60.0,1.0,60.0,34.7,58.7,22.9,0.6603,0.6603,-0.409,1373.73,45.0,False,0.02
2026-03-04 05:00:00,2026-03-04,5,Wednesday,False,Airport_Corridor,Clear,0.078,60.0,1.0,60.0,46.0,54.8,30.1,0.655,0.655,-0.161,1806.14,45.0,False,0.02
2026-03-04 06:00:00,2026-03-04,6,Wednesday,False,Airport_Corridor,Clear,0.141,60.0,1.045,62.71,79.5,73.9,51.4,0.6467,0.6467,0.075,3222.25,47.03,False,0.02
2026-03-04 07:00:00,2026-03-04,7,Wednesday,False,Airport_Corridor,Clear,0.244,60.0,1.446,86.76,141.2,81.0,64.1,0.4543,0.4543,0.743,5563.1,65.07,False,0.0273
2026-03-04 08:00:00,2026-03-04,8,Wednesday,False,Airport_Corridor,Clear,0.381,60.0,2.099,125.92,193.7,68.4,60.1,0.3104,0.3104,1.831,7571.44,94.44,False,0.0599
2026-03-04 09:00:00,2026-03-04,9,Wednesday,False,Airport_Corridor,Clear,0.332,60.0,1.931,115.89,201.8,79.1,67.5,0.3347,0.3347,1.552,7826.01,86.92,False,0.0516
2026-03-04 10:00:00,2026-03-04,10,Wednesday,False,Airport_Corridor,Clear,0.297,60.0,1.465,87.92,131.5,74.0,60.0,0.4566,0.4566,0.775,5276.97,65.94,False,0.0283
2026-03-04 11:00:00,2026-03-04,11,Wednesday,False,Airport_Corridor,Clear,0.13,60.0,1.0,60.0,83.4,86.7,56.7,0.6799,0.6799,-0.038,3402.15,45.0,False,0.02
2026-03-04 12:00:00,2026-03-04,12,Wednesday,False,Airport_Corridor,Clear,0.057,60.0,1.0,60.0,44.8,72.3,30.6,0.6818,0.6818,-0.38,1834.23,45.0,False,0.02
2026-03-04 13:00:00,2026-03-04,13,Wednesday,False,Airport_Corridor,Clear,0.059,60.0,1.0,60.0,34.4,78.5,22.6,0.6578,0.6578,-0.562,1357.75,45.0,False,0.02
2026-03-04 14:00:00,2026-03-04,14,Wednesday,False,Airport_Corridor,Clear,0.068,60.0,1.0,60.0,40.1,76.5,26.9,0.671,0.671,-0.476,1613.78,45.0,False,0.02
2026-03-04 15:00:00,2026-03-04,15,Wednesday,False,Airport_Corridor,Clear,0.095,60.0,1.0,60.0,61.8,80.3,41.3,0.6685,0.6685,-0.23,2479.83,45.0,False,0.02
2026-03-04 16:00:00,2026-03-04,16,Wednesday,False,Airport_Corridor,Clear,0.203,60.0,1.117,67.0,103.5,86.7,60.2,0.5814,0.5814,0.194,4032.1,50.25,False,0.02
2026-03-04 17:00:00,2026-03-04,17,Wednesday,False,Airport_Corridor,Clear,0.323,60.0,1.633,98.0,162.1,78.9,67.5,0.4166,0.4166,1.056,6619.68,73.5,False,0.0367
2026-03-04 18:00:00,2026-03-04,18,Wednesday,False,Airport_Corridor,Clear,0.453,60.0,2.167,130.04,248.8,84.5,78.8,0.3169,0.3169,1.946,10253.62,97.53,False,0.0634
2026-03-04 19:00:00,2026-03-04,19,Wednesday,False,Airport_Corridor,Clear,0.435,60.0,1.995,119.72,228.1,85.8,76.5,0.3351,0.3351,1.659,9153.77,89.79,False,0.0548
2026-03-04 20:00:00,2026-03-04,20,Wednesday,False,Airport_Corridor,Clear,0.293,60.0,1.826,109.53,194.0,81.7,70.9,0.3652,0.3652,1.376,7761.04,82.15,False,0.0463
2026-03-04 21:00:00,2026-03-04,21,Wednesday,False,Airport_Corridor,Clear,0.2,60.0,1.05,63.03,95.1,87.7,59.3,0.6234,0.6234,0.084,3737.25,47.27,False,0.02
2026-03-04 22:00:00,2026-03-04,22,Wednesday,False,Airport_Corridor,Clear,0.076,60.0,1.0,60.0,61.7,71.3,40.3,0.6535,0.6535,-0.134,2420.28,45.0,False,0.02
2026-03-04 23:00:00,2026-03-04,23,Wednesday,False,Airport_Corridor,Clear,0.079,60.0,1.0,60.0,40.2,57.5,26.7,0.664,0.664,-0.301,1600.74,45.0,False,0.02
2026-03-05 00:00:00,2026-03-05,0,Thursday,False,Airport_Corridor,Rain,0.224,60.0,1.0,60.0,35.8,42.1,22.9,0.6375,0.6375,-0.147,1371.33,45.0,False,0.02
2026-03-05 01:00:00,2026-03-05,1,Thursday,False,Airport_Corridor,Rain,0.202,60.0,1.0,60.0,37.8,44.3,23.8,0.6295,0.6295,-0.146,1429.2,45.0,False,0.02
2026-03-05 02:00:00,2026-03-05,2,Thursday,False,Airport_Corridor,Rain,0.222,60.0,1.0,60.0,28.0,48.0,17.9,0.6374,0.6374,-0.416,1071.79,45.0,False,0.02
2026-03-05 03:00:00,2026-03-05,3,Thursday,False,Airport_Corridor,Rain,0.176,60.0,1.0,60.0,36.9,52.3,23.6,0.6397,0.6397,-0.295,1417.41,45.0,False,0.02
2026-03-05 04:00:00,2026-03-05,4,Thursday,False,Airport_Corridor,Rain,0.247,60.0,1.0,60.0,36.4,62.2,23.7,0.6509,0.6509,-0.414,1422.91,45.0,False,0.02
2026-03-05 05:00:00,2026-03-05,5,Thursday,False,Airport_Corridor,Rain,0.314,60.0,1.0,60.0,52.5,64.2,33.3,0.6342,0.6342,-0.183,1996.76,45.0,False,0.02
2026-03-05 06:00:00,2026-03-05,6,Thursday,False,Airport_Corridor,Rain,0.285,60.0,1.191,71.46,96.8,73.4,50.6,0.523,0.523,0.318,3617.18,53.59,False,0.02
2026-03-05 07:00:00,2026-03-05,7,Thursday,False,Airport_Corridor,Rain,0.332,60.0,1.605,96.3,154.4,76.9,59.1,0.3827,0.3827,1.008,5690.01,72.22,False,0.0352
2026-03-05 08:00:00,2026-03-05,8,Thursday,False,Airport_Corridor,Rain,0.546,60.0,1.895,113.68,212.9,85.5,69.8,0.3277,0.3277,1.491,7929.61,85.26,False,0.0497
2026-03-05 09:00:00,2026-03-05,9,Thursday,False,Airport_Corridor,Rain,0.572,60.0,1.863,111.8,216.9,88.9,73.7,0.3396,0.3396,1.439,8234.08,83.85,False,0.0482
2026-03-05 10:00:00,2026-03-05,10,Thursday,False,Airport_Corridor,Rain,0.437,60.0,1.443,86.57,140.7,80.9,59.4,0.4224,0.4224,0.738,5143.07,64.93,False,0.0271
2026-03-05 11:00:00,2026-03-05,11,Thursday,False,Airport_Corridor,Rain,0.299,60.0,1.125,67.51,98.1,81.2,53.1,0.5411,0.5411,0.209,3582.99,50.63,False,0.02
2026-03-05 12:00:00,2026-03-05,12,Thursday,False,Airport_Corridor,Rain,0.285,60.0,1.0,60.0,48.2,87.3,29.5,0.6122,0.6122,-0.448,1768.87,45.0,False,0.02
2026-03-05 13:00:00,2026-03-05,13,Thursday,False,Airport_Corridor,Rain,0.241,60.0,1.0,60.0,40.8,83.7,25.7,0.63,0.63,-0.512,1542.57,45.0,False,0.02
2026-03-05 14:00:00,2026-03-05,14,Thursday,False,Airport_Corridor,Rain,0.222,60.0,1.0,60.0,43.8,75.6,28.1,0.6408,0.6408,-0.421,1683.31,45.0,False,0.02
2026-03-05 15:00:00,2026-03-05,15,Thursday,False,Airport_Corridor,Rain,0.302,60.0,1.0,60.0,62.4,70.3,39.5,0.6326,0.6326,-0.111,2370.02,45.0,False,0.02
2026-03-05 16:00:00,2026-03-05,16,Thursday,False,Airport_Corridor,Rain,0.336,60.0,1.333,79.97,115.3,74.2,53.9,0.4678,0.4678,0.555,4312.59,59.98,False,0.0216
2026-03-05 17:00:00,2026-03-05,17,Thursday,False,Airport_Corridor,Rain,0.494,60.0,1.675,100.53,187.8,88.3,67.7,0.3603,0.3603,1.126,6801.97,75.4,False,0.0388
2026-03-05 18:00:00,2026-03-05,18,Thursday,False,Airport_Corridor,Rain,0.6,60.0,1.987,119.21,242.4,91.6,76.9,0.3172,0.3172,1.645,9166.46,89.41,False,0.0543
2026-03-05 19:00:00,2026-03-05,19,Thursday,False,Airport_Corridor,Rain,0.578,60.0,2.159,129.52,249.1,85.0,75.6,0.3035,0.3035,1.931,9794.4,97.14,False,0.0629
2026-03-05 20:00:00,2026-03-05,20,Thursday,False,Airport_Corridor,Rain,0.488,60.0,1.78,106.79,185.3,80.6,63.2,0.3412,0.3412,1.3,6752.96,80.09,False,0.044
2026-03-05 21:00:00,2026-03-05,21,Thursday,False,Airport_Corridor,Rain,0.341,60.0,1.237,74.23,123.8,88.7,60.6,0.4899,0.4899,0.395,4501.13,55.67,False,0.02
2026-03-05 22:00:00,2026-03-05,22,Thursday,False,Airport_Corridor,Rain,0.274,60.0,1.0,60.0,69.5,81.1,45.0,0.6477,0.6477,-0.142,2702.57,45.0,False,0.02
2026-03-05 23:00:00,2026-03-05,23,Thursday,False,Airport_Corridor,Rain,0.258,60.0,1.0,60.0,41.5,71.5,26.0,0.6264,0.6264,-0.42,1558.01,45.0,False,0.02
2026-03-06 00:00:00,2026-03-06,0,Friday,False,Airport_Corridor,Clear,0.1,60.0,1.0,60.0,30.5,49.0,19.8,0.6487,0.6487,-0.378,1186.17,45.0,False,0.02
2026-03-06 01:00:00,2026-03-06,1,Friday,False,Airport_Corridor,Clear,0.047,60.0,1.0,60.0,29.8,47.1,19.8,0.6649,0.6649,-0.367,1189.75,45.0,False,0.02
2026-03-06 02:00:00,2026-03-06,2,Friday,False,Airport_Corridor,Clear,0.038,60.0,1.0,60.0,31.3,47.7,21.2,0.6782,0.6782,-0.344,1272.69,45.0,False,0.02
2026-03-06 03:00:00,2026-03-06,3,Friday,False,Airport_Corridor,Clear,0.091,60.0,1.0,60.0,32.8,51.3,21.8,0.6632,0.6632,-0.361,1305.66,45.0,False,0.02
2026-03-06 04:00:00,2026-03-06,4,Friday,False,Airport_Corridor,Clear,0.054,60.0,1.0,60.0,36.8,54.1,24.5,0.6668,0.6668,-0.319,1472.98,45.0,False,0.02
2026-03-06 05:00:00,2026-03-06,5,Friday,False,Airport_Corridor,Clear,0.09,60.0,1.0,60.0,44.8,64.9,30.3,0.6773,0.6773,-0.31,1820.58,45.0,False,0.02
2026-03-06 06:00:00,2026-03-06,6,Friday,False,Airport_Corridor,Clear,0.16,60.0,1.05,63.01,74.2,68.5,47.6,0.6409,0.6409,0.084,2997.86,47.26,False,0.02
2026-03-06 07:00:00,2026-03-06,7,Friday,False,Airport_Corridor,Clear,0.283,60.0,1.744,104.67,161.1,71.9,59.3,0.3683,0.3683,1.241,6211.6,78.5,False,0.0422
2026-03-06 08:00:00,2026-03-06,8,Friday,False,Airport_Corridor,Clear,0.314,60.0,2.138,128.26,204.0,70.4,62.3,0.3052,0.3052,1.896,7984.65,96.19,False,0.0619
2026-03-06 09:00:00,2026-03-06,9,Friday,False,Airport_Corridor,Clear,0.386,60.0,1.961,117.65,195.3,75.1,66.7,0.3414,0.3414,1.602,7843.39,88.24,False,0.053
2026-03-06 10:00:00,2026-03-06,10,Friday,False,Airport_Corridor,Clear,0.27,60.0,1.458,87.5,133.6,75.7,61.2,0.4581,0.4581,0.764,5355.22,65.62,False,0.0279
2026-03-06 11:00:00,2026-03-06,11,Friday,False,Airport_Corridor,Clear,0.154,60.0,1.099,65.96,87.7,75.3,52.4,0.5975,0.5975,0.165,3456.95,49.47,False,0.02
2026-03-06 12:00:00,2026-03-06,12,Friday,False,Airport_Corridor,Clear,0.118,60.0,1.0,60.0,41.3,76.4,27.2,0.6585,0.6585,-0.459,1633.54,45.0,False,0.02
2026-03-06 13:00:00,2026-03-06,13,Friday,False,Airport_Corridor,Clear,0.099,60.0,1.0,60.0,40.1,70.2,26.9,0.6699,0.6699,-0.429,1611.94,45.0,False,0.02
2026-03-06 14:00:00,2026-03-06,14,Friday,False,Airport_Corridor,Clear,0.052,60.0,1.0,60.0,39.2,72.0,26.5,0.676,0.676,-0.456,1588.25,45.0,False,0.02
2026-03-06 15:00:00,2026-03-06,15,Friday,False,Airport_Corridor,Clear,0.119,60.0,1.0,60.0,68.4,74.3,46.0,0.673,0.673,-0.08,2760.22,45.0,False,0.02
2026-03-06 16:00:00,2026-03-06,16,Friday,False,Airport_Corridor,Clear,0.153,60.0,1.136,68.19,109.5,89.2,63.9,0.584,0.584,0.227,4360.14,51.14,False,0.02
2026-03-06 17:00:00,2026-03-06,17,Friday,False,Airport_Corridor,Clear,0.307,60.0,1.771,106.25,196.9,86.2,73.7,0.3744,0.3744,1.285,7833.49,79.69,False,0.0435
2026-03-06 18:00:00,2026-03-06,18,Friday,False,Airport_Corridor,Clear,0.45,60.0,2.069,124.17,235.5,84.6,74.9,0.318,0.318,1.782,9297.52,93.13,False,0.0585
2026-03-06 19:00:00,2026-03-06,19,Friday,False,Airport_Corridor,Clear,0.409,60.0,2.145,128.71,252.4,86.8,79.5,0.315,0.315,1.909,10234.62,96.53,False,0.0623
2026-03-06 20:00:00,2026-03-06,20,Friday,False,Airport_Corridor,Clear,0.338,60.0,1.524,91.46,175.1,93.4,75.1,0.4288,0.4288,0.874,6866.78,68.59,False,0.0312
2026-03-06 21:00:00,2026-03-06,21,Friday,False,Airport_Corridor,Clear,0.218,60.0,1.333,80.01,121.3,78.0,59.9,0.494,0.494,0.556,4794.21,60.01,False,0.0217
2026-03-06 22:00:00,2026-03-06,22,Friday,False,Airport_Corridor,Clear,0.154,60.0,1.0,60.0,66.3,72.0,44.4,0.6693,0.6693,-0.078,2663.78,45.0,False,0.02
2026-03-06 23:00:00,2026-03-06,23,Friday,False,Airport_Corridor,Clear,0.062,60.0,1.0,60.0,43.0,65.6,29.1,0.6768,0.6768,-0.344,1747.69,45.0,False,0.02
2026-03-07 00:00:00,2026-03-07,0,Saturday,True,Airport_Corridor,Clear,0.13,60.0,1.0,60.0,38.1,45.2,25.4,0.6658,0.6658,-0.158,1521.75,45.0,False,0.02
2026-03-07 01:00:00,2026-03-07,1,Saturday,True,Airport_Corridor,Clear,0.078,60.0,1.0,60.0,35.9,46.9,23.5,0.6549,0.6549,-0.234,1410.61,45.0,False,0.02
2026-03-07 02:00:00,2026-03-07,2,Saturday,True,Airport_Corridor,Clear,0.09,60.0,1.0,60.0,39.6,48.8,27.1,0.6843,0.6843,-0.188,1626.1,45.0,False,0.02
2026-03-07 03:00:00,2026-03-07,3,Saturday,True,Airport_Corridor,Clear,0.057,60.0,1.0,60.0,40.7,49.0,26.9,0.6617,0.6617,-0.169,1616.58,45.0,False,0.02
2026-03-07 04:00:00,2026-03-07,4,Saturday,True,Airport_Corridor,Clear,0.064,60.0,1.0,60.0,42.4,52.1,28.4,0.6684,0.6684,-0.186,1701.59,45.0,False,0.02
2026-03-07 05:00:00,2026-03-07,5,Saturday,True,Airport_Corridor,Clear,0.086,60.0,1.0,60.0,39.9,55.6,26.8,0.6707,0.6707,-0.281,1607.17,45.0,False,0.02
2026-03-07 06:00:00,2026-03-07,6,Saturday,True,Airport_Corridor,Clear,0.135,60.0,1.0,60.0,48.3,56.2,32.3,0.6702,0.6702,-0.141,1940.57,45.0,False,0.02
2026-03-07 07:00:00,2026-03-07,7,Saturday,True,Airport_Corridor,Clear,0.055,60.0,1.0,60.0,53.4,59.4,35.4,0.6631,0.6631,-0.101,2125.51,45.0,False,0.02
2026-03-07 08:00:00,2026-03-07,8,Saturday,True,Airport_Corridor,Clear,0.123,60.0,1.175,70.52,74.0,57.2,42.5,0.575,0.575,0.292,2999.58,52.89,False,0.02
2026-03-07 09:00:00,2026-03-07,9,Saturday,True,Airport_Corridor,Clear,0.165,60.0,1.13,67.77,75.2,61.8,43.9,0.5833,0.5833,0.216,2972.67,50.83,False,0.02
2026-03-07 10:00:00,2026-03-07,10,Saturday,True,Airport_Corridor,Clear,0.184,60.0,1.355,81.28,114.9,72.2,54.6,0.4748,0.4748,0.591,4434.19,60.96,False,0.0227
2026-03-07 11:00:00,2026-03-07,11,Saturday,True,Airport_Corridor,Clear,0.28,60.0,1.706,102.33,158.6,72.9,59.9,0.3775,0.3775,1.176,6124.75,76.75,False,0.0403
2026-03-07 12:00:00,2026-03-07,12,Saturday,True,Airport_Corridor,Clear,0.303,60.0,1.755,105.28,186.4,82.6,68.0,0.3646,0.3646,1.258,7156.81,78.96,False,0.0427
2026-03-07 13:00:00,2026-03-07,13,Saturday,True,Airport_Corridor,Clear,0.322,60.0,1.652,99.13,171.6,82.2,67.1,0.3912,0.3912,1.087,6655.04,74.35,False,0.0376
2026-03-07 14:00:00,2026-03-07,14,Saturday,True,Airport_Corridor,Clear,0.339,60.0,1.695,101.7,187.8,87.0,72.9,0.3881,0.3881,1.158,7414.57,76.28,False,0.0397
2026-03-07 15:00:00,2026-03-07,15,Saturday,True,Airport_Corridor,Clear,0.357,60.0,1.426,85.56,156.0,91.2,72.6,0.4651,0.4651,0.71,6210.23,64.17,False,0.0263
2026-03-07 16:00:00,2026-03-07,16,Saturday,True,Airport_Corridor,Clear,0.299,60.0,1.368,82.07,140.1,86.9,64.9,0.4631,0.4631,0.613,5325.53,61.55,False,0.0234
2026-03-07 17:00:00,2026-03-07,17,Saturday,True,Airport_Corridor,Clear,0.298,60.0,1.487,89.19,121.2,66.9,53.7,0.443,0.443,0.811,4790.52,66.89,False,0.0293
2026-03-07 18:00:00,2026-03-07,18,Saturday,True,Airport_Corridor,Clear,0.177,60.0,1.166,69.96,107.1,83.9,62.3,0.5815,0.5815,0.277,4356.33,52.47,False,0.02
2026-03-07 19:00:00,2026-03-07,19,Saturday,True,Airport_Corridor,Clear,0.202,60.0,1.208,72.47,98.8,73.4,54.5,0.551,0.551,0.346,3946.14,54.35,False,0.02
2026-03-07 20:00:00,2026-03-07,20,Saturday,True,Airport_Corridor,Clear,0.284,60.0,1.661,99.64,145.1,69.1,58.6,0.4038,0.4038,1.101,5838.79,74.73,False,0.038
2026-03-07 21:00:00,2026-03-07,21,Saturday,True,Airport_Corridor,Clear,0.339,60.0,2.364,141.83,200.9,61.4,58.3,0.29,0.29,2.273,8263.84,106.37,False,0.0732
2026-03-07 22:00:00,2026-03-07,22,Saturday,True,Airport_Corridor,Clear,0.394,60.0,2.305,138.32,196.6,61.9,57.6,0.2931,0.2931,2.176,7971.31,103.74,False,0.0703
2026-03-07 23:00:00,2026-03-07,23,Saturday,True,Airport_Corridor,Clear,0.355,60.0,2.405,144.28,192.2,57.5,52.6,0.2739,0.2739,2.341,7596.03,108.21,False,0.0752
2026-03-08 00:00:00,2026-03-08,0,Sunday,True,Airport_Corridor,Clear,0.087,60.0,1.0,60.0,44.4,50.1,29.3,0.66,0.66,-0.114,1758.62,45.0,False,0.02
2026-03-08 01:00:00,2026-03-08,1,Sunday,True,Airport_Corridor,Clear,0.072,60.0,1.0,60.0,40.3,50.5,27.1,0.6739,0.6739,-0.203,1627.54,45.0,False,0.02
2026-03-08 02:00:00,2026-03-08,2,Sunday,True,Airport_Corridor,Clear,0.051,60.0,1.0,60.0,38.6,52.7,25.6,0.6626,0.6626,-0.268,1534.71,45.0,False,0.02
2026-03-08 03:00:00,2026-03-08,3,Sunday,True,Airport_Corridor,Clear,0.047,60.0,1.0,60.0,40.9,52.5,26.7,0.6516,0.6516,-0.22,1600.09,45.0,False,0.02
2026-03-08 04:00:00,2026-03-08,4,Sunday,True,Airport_Corridor,Clear,0.117,60.0,1.0,60.0,44.1,45.5,29.3,0.6655,0.6655,-0.031,1759.63,45.0,False,0.02
2026-03-08 05:00:00,2026-03-08,5,Sunday,True,Airport_Corridor,Clear,0.103,60.0,1.0,60.0,44.7,54.0,30.2,0.6766,0.6766,-0.173,1813.2,45.0,False,0.02
2026-03-08 06:00:00,2026-03-08,6,Sunday,True,Airport_Corridor,Clear,0.04,60.0,1.0,60.0,51.4,56.7,35.7,0.6948,0.6948,-0.092,2144.69,45.0,False,0.02
2026-03-08 07:00:00,2026-03-08,7,Sunday,True,Airport_Corridor,Clear,0.091,60.0,1.0,60.0,54.3,61.3,35.7,0.6572,0.6572,-0.113,2142.65,45.0,False,0.02
2026-03-08 08:00:00,2026-03-08,8,Sunday,True,Airport_Corridor,Clear,0.122,60.0,1.05,63.01,66.8,61.6,42.3,0.6332,0.6332,0.084,2663.84,47.26,False,0.02
2026-03-08 09:00:00,2026-03-08,9,Sunday,True,Airport_Corridor,Clear,0.168,60.0,1.167,70.04,87.0,68.0,50.3,0.5784,0.5784,0.279,3524.21,52.53,False,0.02
2026-03-08 10:00:00,2026-03-08,10,Sunday,True,Airport_Corridor,Clear,0.214,60.0,1.338,80.26,108.8,69.6,53.5,0.4919,0.4919,0.563,4296.46,60.2,False,0.0219
2026-03-08 11:00:00,2026-03-08,11,Sunday,True,Airport_Corridor,Clear,0.24,60.0,1.64,98.41,139.7,67.6,56.2,0.4023,0.4023,1.067,5531.41,73.81,False,0.037
2026-03-08 12:00:00,2026-03-08,12,Sunday,True,Airport_Corridor,Clear,0.351,60.0,1.565,93.89,153.7,79.2,64.2,0.4174,0.4174,0.941,6024.35,70.42,False,0.0332
2026-03-08 13:00:00,2026-03-08,13,Sunday,True,Airport_Corridor,Clear,0.327,60.0,1.988,119.3,209.9,79.3,68.3,0.3253,0.3253,1.647,8145.65,89.47,False,0.0544
2026-03-08 14:00:00,2026-03-08,14,Sunday,True,Airport_Corridor,Clear,0.374,60.0,1.643,98.56,167.2,80.7,67.2,0.4018,0.4018,1.071,6622.48,73.92,False,0.0371
2026-03-08 15:00:00,2026-03-08,15,Sunday,True,Airport_Corridor,Clear,0.303,60.0,1.837,110.23,193.1,80.6,72.8,0.3771,0.3771,1.395,8026.49,82.67,False,0.0469
2026-03-08 16:00:00,2026-03-08,16,Sunday,True,Airport_Corridor,Clear,0.236,60.0,1.476,88.56,154.8,86.3,65.9,0.4255,0.4255,0.793,5834.66,66.42,False,0.0288
2026-03-08 17:00:00,2026-03-08,17,Sunday,True,Airport_Corridor,Clear,0.219,60.0,1.201,72.05,115.6,86.6,62.1,0.5377,0.5377,0.335,4476.57,54.04,False,0.02
2026-03-08 18:00:00,2026-03-08,18,Sunday,True,Airport_Corridor,Clear,0.214,60.0,1.131,67.87,92.5,75.9,53.3,0.5758,0.5758,0.219,3614.41,50.9,False,0.02
2026-03-08 19:00:00,2026-03-08,19,Sunday,True,Airport_Corridor,Clear,0.232,60.0,1.232,73.9,106.4,76.8,57.6,0.5412,0.5412,0.386,4256.89,55.43,False,0.02
2026-03-08 20:00:00,2026-03-08,20,Sunday,True,Airport_Corridor,Clear,0.169,60.0,1.711,102.63,149.2,68.3,56.7,0.3802,0.3802,1.184,5820.1,76.97,False,0.0405
2026-03-08 21:00:00,2026-03-08,21,Sunday,True,Airport_Corridor,Clear,0.327,60.0,2.025,121.48,182.7,67.5,59.6,0.3261,0.3261,1.708,7238.74,91.11,False,0.0562
2026-03-08 22:00:00,2026-03-08,22,Sunday,True,Airport_Corridor,Clear,0.353,60.0,2.286,137.16,198.8,63.2,58.8,0.2956,0.2956,2.143,8058.92,102.87,False,0.0693
2026-03-08 23:00:00,2026-03-08,23,Sunday,True,Airport_Corridor,Clear,0.371,60.0,2.391,143.47,203.5,61.3,56.5,0.2777,0.2777,2.319,8106.8,107.6,False,0.0746
2026-03-09 00:00:00,2026-03-09,0,Monday,False,Airport_Corridor,Clear,0.062,60.0,1.0,60.0,33.2,43.7,21.1,0.6342,0.6342,-0.24,1264.35,45.0,False,0.02
2026-03-09 01:00:00,2026-03-09,1,Monday,False,Airport_Corridor,Clear,0.074,60.0,1.0,60.0,34.8,47.6,23.1,0.6645,0.6645,-0.269,1386.41,45.0,False,0.02
2026-03-09 02:00:00,2026-03-09,2,Monday,False,Airport_Corridor,Clear,0.019,60.0,1.0,60.0,36.8,55.2,25.2,0.6838,0.6838,-0.332,1511.74,45.0,False,0.02
2026-03-09 03:00:00,2026-03-09,3,Monday,False,Airport_Corridor,Clear,0.07,60.0,1.0,60.0,34.3,51.3,22.5,0.656,0.656,-0.332,1349.47,45.0,False,0.02
2026-03-09 04:00:00,2026-03-09,4,Monday,False,Airport_Corridor,Clear,0.102,60.0,1.0,60.0,33.1,58.4,22.7,0.6872,0.6872,-0.434,1363.16,45.0,False,0.02
2026-03-09 05:00:00,2026-03-09,5,Monday,False,Airport_Corridor,Clear,0.099,60.0,1.0,60.0,43.3,67.2,29.1,0.6722,0.6722,-0.356,1746.11,45.0,False,0.02
2026-03-09 06:00:00,2026-03-09,6,Monday,False,Airport_Corridor,Clear,0.131,60.0,1.147,68.82,85.8,69.0,48.9,0.5697,0.5697,0.245,3366.08,51.61,False,0.02
2026-03-09 07:00:00,2026-03-09,7,Monday,False,Airport_Corridor,Clear,0.278,60.0,1.629,97.74,138.4,67.6,53.9,0.3892,0.3892,1.048,5265.99,73.3,False,0.0364
2026-03-09 08:00:00,2026-03-09,8,Monday,False,Airport_Corridor,Clear,0.374,60.0,1.751,105.08,183.3,81.4,68.3,0.3726,0.3726,1.252,7176.42,78.81,False,0.0426
2026-03-09 09:00:00,2026-03-09,9,Monday,False,Airport_Corridor,Clear,0.402,60.0,1.598,95.86,173.0,86.7,72.1,0.4169,0.4169,0.996,6915.48,71.89,False,0.0349
2026-03-09 10:00:00,2026-03-09,10,Monday,False,Airport_Corridor,Clear,0.253,60.0,1.534,92.03,144.9,76.7,61.9,0.4274,0.4274,0.89,5700.69,69.02,False,0.0317
2026-03-09 11:00:00,2026-03-09,11,Monday,False,Airport_Corridor,Clear,0.172,60.0,1.114,66.82,88.9,74.7,51.7,0.5818,0.5818,0.19,3454.19,50.11,False,0.02
2026-03-09 12:00:00,2026-03-09,12,Monday,False,Airport_Corridor,Clear,0.065,60.0,1.0,60.0,50.6,77.4,33.7,0.6668,0.6668,-0.347,2024.4,45.0,False,0.02
2026-03-09 13:00:00,2026-03-09,13,Monday,False,Airport_Corridor,Clear,0.087,60.0,1.0,60.0,32.0,76.4,20.8,0.6512,0.6512,-0.581,1249.64,45.0,False,0.02
2026-03-09 14:00:00,2026-03-09,14,Monday,False,Airport_Corridor,Clear,0.065,60.0,1.0,60.0,41.1,77.3,27.1,0.6589,0.6589,-0.469,1624.41,45.0,False,0.02
2026-03-09 15:00:00,2026-03-09,15,Monday,False,Airport_Corridor,Clear,0.125,60.0,1.006,60.38,69.1,68.3,46.3,0.6707,0.6707,0.011,2796.63,45.29,False,0.02
2026-03-09 16:00:00,2026-03-09,16,Monday,False,Airport_Corridor,Clear,0.24,60.0,1.125,67.49,103.7,85.9,60.2,0.5808,0.5808,0.208,4066.09,50.62,False,0.02
2026-03-09 17:00:00,2026-03-09,17,Monday,False,Airport_Corridor,Clear,0.331,60.0,1.542,92.53,163.7,86.0,70.0,0.4276,0.4276,0.904,6476.64,69.4,False,0.0321
2026-03-09 18:00:00,2026-03-09,18,Monday,False,Airport_Corridor,Clear,0.453,60.0,1.861,111.67,225.2,92.5,78.6,0.3491,0.3491,1.435,8777.7,83.75,False,0.0481
2026-03-09 19:00:00,2026-03-09,19,Monday,False,Airport_Corridor,Clear,0.431,60.0,1.959,117.53,230.7,88.8,76.6,0.332,0.332,1.598,9003.09,88.15,False,0.0529
2026-03-09 20:00:00,2026-03-09,20,Monday,False,Airport_Corridor,Clear,0.371,60.0,1.608,96.47,186.7,92.8,77.3,0.4138,0.4138,1.013,7453.19,72.35,False,0.0354
2026-03-09 21:00:00,2026-03-09,21,Monday,False,Airport_Corridor,Clear,0.249,60.0,1.38,82.8,121.3,74.3,58.2,0.4794,0.4794,0.633,4816.47,62.1,False,0.024
2026-03-09 22:00:00,2026-03-09,22,Monday,False,Airport_Corridor,Clear,0.063,60.0,1.0,60.0,55.0,72.3,36.4,0.6618,0.6618,-0.239,2185.0,45.0,False,0.02
2026-03-09 23:00:00,2026-03-09,23,Monday,False,Airport_Corridor,Clear,0.058,60.0,1.0,60.0,40.9,63.2,27.3,0.6673,0.6673,-0.354,1636.11,45.0,False,0.02
2026-03-10 00:00:00,2026-03-10,0,Tuesday,False,Airport_Corridor,Clear,0.036,60.0,1.0,60.0,28.3,46.2,18.9,0.6694,0.6694,-0.387,1136.85,45.0,False,0.02
2026-03-10 01:00:00,2026-03-10,1,Tuesday,False,Airport_Corridor,Clear,0.068,60.0,1.0,60.0,32.4,45.3,21.5,0.664,0.664,-0.286,1289.53,45.0,False,0.02
2026-03-10 02:00:00,2026-03-10,2,Tuesday,False,Airport_Corridor,Clear,0.12,60.0,1.0,60.0,30.6,50.4,20.8,0.6791,0.6791,-0.394,1245.86,45.0,False,0.02
2026-03-10 03:00:00,2026-03-10,3,Tuesday,False,Airport_Corridor,Clear,0.099,60.0,1.0,60.0,31.6,61.4,20.9,0.6606,0.6606,-0.485,1251.94,45.0,False,0.02
2026-03-10 04:00:00,2026-03-10,4,Tuesday,False,Airport_Corridor,Clear,0.104,60.0,1.0,60.0,35.0,57.9,23.4,0.6699,0.6699,-0.395,1406.88,45.0,False,0.02
2026-03-10 05:00:00,2026-03-10,5,Tuesday,False,Airport_Corridor,Clear,0.059,60.0,1.0,60.0,53.6,58.7,36.2,0.6744,0.6744,-0.086,2170.68,45.0,False,0.02
2026-03-10 06:00:00,2026-03-10,6,Tuesday,False,Airport_Corridor,Clear,0.114,60.0,1.039,62.35,75.4,70.8,47.0,0.6227,0.6227,0.065,2927.51,46.76,False,0.02
2026-03-10 07:00:00,2026-03-10,7,Tuesday,False,Airport_Corridor,Clear,0.236,60.0,1.632,97.94,148.8,72.5,59.1,0.3972,0.3972,1.054,5790.36,73.45,False,0.0366
2026-03-10 08:00:00,2026-03-10,8,Tuesday,False,Airport_Corridor,Clear,0.335,60.0,1.995,119.68,190.3,71.6,63.0,0.3309,0.3309,1.658,7536.16,89.76,False,0.0547
2026-03-10 09:00:00,2026-03-10,9,Tuesday,False,Airport_Corridor,Clear,0.343,60.0,1.932,115.92,195.9,76.7,68.5,0.3494,0.3494,1.553,7934.77,86.94,False,0.0516
2026-03-10 10:00:00,2026-03-10,10,Tuesday,False,Airport_Corridor,Clear,0.297,60.0,1.353,81.16,123.1,77.6,59.5,0.483,0.483,0.588,4826.83,60.87,False,0.0226
2026-03-10 11:00:00,2026-03-10,11,Tuesday,False,Airport_Corridor,Clear,0.136,60.0,1.0,60.0,73.8,75.7,48.5,0.6566,0.6566,-0.025,2908.39,45.0,False,0.02
2026-03-10 12:00:00,2026-03-10,12,Tuesday,False,Airport_Corridor,Clear,0.117,60.0,1.0,60.0,49.2,70.8,32.7,0.6646,0.6646,-0.304,1963.02,45.0,False,0.02
2026-03-10 13:00:00,2026-03-10,13,Tuesday,False,Airport_Corridor,Clear,0.116,60.0,1.0,60.0,36.6,72.9,24.2,0.6611,0.6611,-0.499,1450.01,45.0,False,0.02
2026-03-10 14:00:00,2026-03-10,14,Tuesday,False,Airport_Corridor,Clear,0.117,60.0,1.0,60.0,44.2,81.8,29.0,0.6567,0.6567,-0.459,1741.48,45.0,False,0.02
2026-03-10 15:00:00,2026-03-10,15,Tuesday,False,Airport_Corridor,Clear,0.118,60.0,1.0,60.0,56.8,80.3,38.7,0.6818,0.6818,-0.293,2322.34,45.0,False,0.02
2026-03-10 16:00:00,2026-03-10,16,Tuesday,False,Airport_Corridor,Clear,0.148,60.0,1.396,83.74,122.2,73.6,57.7,0.4726,0.4726,0.659,4835.89,62.8,False,0.0248
2026-03-10 17:00:00,2026-03-10,17,Tuesday,False,Airport_Corridor,Clear,0.291,60.0,1.541,92.48,162.2,85.2,68.5,0.4222,0.4222,0.902,6331.11,69.36,False,0.0321
2026-03-10 18:00:00,2026-03-10,18,Tuesday,False,Airport_Corridor,Clear,0.382,60.0,2.195,131.69,242.2,81.0,73.9,0.305,0.305,1.992,9729.01,98.77,False,0.0647
2026-03-10 19:00:00,2026-03-10,19,Tuesday,False,Airport_Corridor,Clear,0.434,60.0,1.908,114.47,219.6,87.4,78.6,0.3579,0.3579,1.513,8997.47,85.85,False,0.0504
2026-03-10 20:00:00,2026-03-10,20,Tuesday,False,Airport_Corridor,Clear,0.304,60.0,1.567,94.0,169.0,86.9,70.4,0.4165,0.4165,0.945,6617.58,70.5,False,0.0333
2026-03-10 21:00:00,2026-03-10,21,Tuesday,False,Airport_Corridor,Clear,0.209,60.0,1.074,64.42,100.9,89.8,64.5,0.6396,0.6396,0.123,4156.11,48.31,False,0.02
2026-03-10 22:00:00,2026-03-10,22,Tuesday,False,Airport_Corridor,Clear,0.108,60.0,1.0,60.0,66.4,72.0,44.8,0.6742,0.6742,-0.078,2685.8,45.0,False,0.02
2026-03-10 23:00:00,2026-03-10,23,Tuesday,False,Airport_Corridor,Clear,0.084,60.0,1.0,60.0,41.5,69.6,27.8,0.6691,0.6691,-0.404,1667.0,45.0,False,0.02
2026-03-11 00:00:00,2026-03-11,0,Wednesday,False,Airport_Corridor,Clear,0.073,60.0,1.0,60.0,31.5,44.6,21.4,0.6809,0.6809,-0.294,1286.72,45.0,False,0.02
2026-03-11 01:00:00,2026-03-11,1,Wednesday,False,Airport_Corridor,Clear,0.065,60.0,1.0,60.0,29.9,43.9,20.3,0.6771,0.6771,-0.319,1215.85,45.0,False,0.02
2026-03-11 02:00:00,2026-03-11,2,Wednesday,False,Airport_Corridor,Clear,0.018,60.0,1.0,60.0,35.4,52.3,24.0,0.6771,0.6771,-0.322,1440.11,45.0,False,0.02
2026-03-11 03:00:00,2026-03-11,3,Wednesday,False,Airport_Corridor,Clear,0.019,60.0,1.0,60.0,36.3,54.9,24.0,0.6619,0.6619,-0.34,1439.88,45.0,False,0.02
2026-03-11 04:00:00,2026-03-11,4,Wednesday,False,Airport_Corridor,Clear,0.071,60.0,1.0,60.0,36.1,58.2,24.1,0.6663,0.6663,-0.379,1444.04,45.0,False,0.02
2026-03-11 05:00:00,2026-03-11,5,Wednesday,False,Airport_Corridor,Clear,0.087,60.0,1.0,60.0,56.1,66.6,39.2,0.6996,0.6996,-0.158,2354.51,45.0,False,0.02
2026-03-11 06:00:00,2026-03-11,6,Wednesday,False,Airport_Corridor,Clear,0.155,60.0,1.096,65.78,77.5,66.8,45.9,0.5924,0.5924,0.161,3020.09,49.34,False,0.02
2026-03-11 07:00:00,2026-03-11,7,Wednesday,False,Airport_Corridor,Clear,0.289,60.0,1.546,92.77,141.2,73.9,61.1,0.4328,0.4328,0.91,5669.2,69.58,False,0.0323
2026-03-11 08:00:00,2026-03-11,8,Wednesday,False,Airport_Corridor,Clear,0.359,60.0,1.734,104.03,180.4,81.1,66.3,0.3675,0.3675,1.223,6895.92,78.02,False,0.0417
2026-03-11 09:00:00,2026-03-11,9,Wednesday,False,Airport_Corridor,Clear,0.396,60.0,1.797,107.83,188.1,80.8,69.3,0.3685,0.3685,1.329,7473.34,80.87,False,0.0449
2026-03-11 10:00:00,2026-03-11,10,Wednesday,False,Airport_Corridor,Clear,0.255,60.0,1.479,88.72,130.0,72.3,57.5,0.4419,0.4419,0.798,5099.02,66.54,False,0.0289
2026-03-11 11:00:00,2026-03-11,11,Wednesday,False,Airport_Corridor,Clear,0.175,60.0,1.007,60.42,78.7,77.8,51.8,0.6587,0.6587,0.012,3132.0,45.31,False,0.02
2026-03-11 12:00:00,2026-03-11,12,Wednesday,False,Airport_Corridor,Clear,0.081,60.0,1.0,60.0,52.3,85.0,35.0,0.6692,0.6692,-0.385,2099.34,45.0,False,0.02
2026-03-11 13:00:00,2026-03-11,13,Wednesday,False,Airport_Corridor,Clear,0.018,60.0,1.0,60.0,37.4,76.7,25.6,0.6834,0.6834,-0.512,1535.46,45.0,False,0.02
2026-03-11 14:00:00,2026-03-11,14,Wednesday,False,Airport_Corridor,Clear,0.081,60.0,1.0,60.0,39.2,75.9,26.3,0.6717,0.6717,-0.484,1579.21,45.0,False,0.02
2026-03-11 15:00:00,2026-03-11,15,Wednesday,False,Airport_Corridor,Clear,0.145,60.0,1.0,60.0,70.4,80.2,47.2,0.6703,0.6703,-0.122,2832.17,45.0,False,0.02
2026-03-11 16:00:00,2026-03-11,16,Wednesday,False,Airport_Corridor,Clear,0.219,60.0,1.22,73.19,111.6,81.7,61.4,0.55,0.55,0.366,4493.07,54.89,False,0.02
2026-03-11 17:00:00,2026-03-11,17,Wednesday,False,Airport_Corridor,Clear,0.378,60.0,1.574,94.44,181.2,92.6,75.4,0.4163,0.4163,0.957,7125.27,70.83,False,0.0337
2026-03-11 18:00:00,2026-03-11,18,Wednesday,False,Airport_Corridor,Clear,0.43,60.0,2.31,138.57,259.4,81.5,75.7,0.2919,0.2919,2.183,10494.69,103.93,False,0.0705
2026-03-11 19:00:00,2026-03-11,19,Wednesday,False,Airport_Corridor,Clear,0.416,60.0,1.856,111.34,214.6,88.5,74.4,0.3467,0.3467,1.426,8284.16,83.5,False,0.0478
2026-03-11 20:00:00,2026-03-11,20,Wednesday,False,Airport_Corridor,Clear,0.357,60.0,1.797,107.79,204.6,87.9,75.7,0.3698,0.3698,1.328,8154.6,80.84,False,0.0448
2026-03-11 21:00:00,2026-03-11,21,Wednesday,False,Airport_Corridor,Clear,0.22,60.0,1.251,75.09,105.5,74.4,55.6,0.5267,0.5267,0.419,4172.83,56.32,False,0.02
2026-03-11 22:00:00,2026-03-11,22,Wednesday,False,Airport_Corridor,Clear,0.08,60.0,1.0,60.0,65.7,72.0,44.9,0.6832,0.6832,-0.088,2694.4,45.0,False,0.02
2026-03-11 23:00:00,2026-03-11,23,Wednesday,False,Airport_Corridor,Clear,0.056,60.0,1.0,60.0,44.8,70.6,30.1,0.6716,0.6716,-0.366,1803.84,45.0,False,0.02
2026-03-12 00:00:00,2026-03-12,0,Thursday,False,Airport_Corridor,Clear,0.049,60.0,1.0,60.0,27.4,46.8,18.0,0.6579,0.6579,-0.415,1081.21,45.0,False,0.02
2026-03-12 01:00:00,2026-03-12,1,Thursday,False,Airport_Corridor,Clear,0.111,60.0,1.0,60.0,28.7,46.5,19.7,0.6884,0.6884,-0.384,1183.82,45.0,False,0.02
2026-03-12 02:00:00,2026-03-12,2,Thursday,False,Airport_Corridor,Clear,0.032,60.0,1.0,60.0,32.4,56.4,21.7,0.6685,0.6685,-0.426,1299.95,45.0,False,0.02
2026-03-12 03:00:00,2026-03-12,3,Thursday,False,Airport_Corridor,Clear,0.041,60.0,1.0,60.0,36.5,51.9,24.1,0.6604,0.6604,-0.297,1445.32,45.0,False,0.02
2026-03-12 04:00:00,2026-03-12,4,Thursday,False,Airport_Corridor,Clear,0.04,60.0,1.0,60.0,35.6,60.0,23.5,0.6595,0.6595,-0.407,1409.31,45.0,False,0.02
2026-03-12 05:00:00,2026-03-12,5,Thursday,False,Airport_Corridor,Clear,0.108,60.0,1.0,60.0,45.1,63.9,30.5,0.6767,0.6767,-0.294,1831.01,45.0,False,0.02
2026-03-12 06:00:00,2026-03-12,6,Thursday,False,Airport_Corridor,Clear,0.141,60.0,1.163,69.76,85.1,66.9,49.7,0.5839,0.5839,0.271,3465.69,52.32,False,0.02
2026-03-12 07:00:00,2026-03-12,7,Thursday,False,Airport_Corridor,Clear,0.252,60.0,1.592,95.53,140.1,70.5,56.7,0.405,0.405,0.987,5420.34,71.65,False,0.0346
2026-03-12 08:00:00,2026-03-12,8,Thursday,False,Airport_Corridor,Clear,0.382,60.0,1.981,118.84,198.9,75.5,65.0,0.3267,0.3267,1.635,7723.58,89.13,False,0.054
2026-03-12 09:00:00,2026-03-12,9,Thursday,False,Airport_Corridor,Clear,0.321,60.0,1.877,112.61,215.5,87.5,74.0,0.3433,0.3433,1.461,8328.81,84.46,False,0.0488
2026-03-12 10:00:00,2026-03-12,10,Thursday,False,Airport_Corridor,Clear,0.269,60.0,1.363,81.76,135.0,84.1,65.6,0.4863,0.4863,0.604,5366.35,61.32,False,0.0231
2026-03-12 11:00:00,2026-03-12,11,Thursday,False,Airport_Corridor,Clear,0.11,60.0,1.088,65.25,84.8,74.0,50.8,0.5983,0.5983,0.146,3312.09,48.94,False,0.02
2026-03-12 12:00:00,2026-03-12,12,Thursday,False,Airport_Corridor,Clear,0.069,60.0,1.0,60.0,46.2,78.7,31.5,0.6815,0.6815,-0.413,1888.02,45.0,False,0.02
2026-03-12 13:00:00,2026-03-12,13,Thursday,False,Airport_Corridor,Clear,0.063,60.0,1.0,60.0,42.9,83.3,28.5,0.6645,0.6645,-0.485,1711.08,45.0,False,0.02
2026-03-12 14:00:00,2026-03-12,14,Thursday,False,Airport_Corridor,Clear,0.087,60.0,1.0,60.0,37.9,73.6,25.0,0.6591,0.6591,-0.485,1497.41,45.0,False,0.02
2026-03-12 15:00:00,2026-03-12,15,Thursday,False,Airport_Corridor,Clear,0.112,60.0,1.0,60.0,62.3,80.2,41.7,0.6687,0.6687,-0.222,2500.34,45.0,False,0.02
2026-03-12 16:00:00,2026-03-12,16,Thursday,False,Airport_Corridor,Clear,0.214,60.0,1.217,73.01,119.0,87.4,64.1,0.5384,0.5384,0.361,4679.3,54.76,False,0.02
2026-03-12 17:00:00,2026-03-12,17,Thursday,False,Airport_Corridor,Clear,0.387,60.0,1.691,101.45,182.2,84.7,70.0,0.3843,0.3843,1.151,7105.45,76.09,False,0.0395
2026-03-12 18:00:00,2026-03-12,18,Thursday,False,Airport_Corridor,Clear,0.428,60.0,1.979,118.73,221.1,84.0,75.7,0.3425,0.3425,1.631,8989.61,89.05,False,0.0539
2026-03-12 19:00:00,2026-03-12,19,Thursday,False,Airport_Corridor,Clear,0.44,60.0,1.841,110.48,208.8,86.9,75.7,0.3627,0.3627,1.402,8367.77,82.86,False,0.0471
2026-03-12 20:00:00,2026-03-12,20,Thursday,False,Airport_Corridor,Clear,0.346,60.0,1.758,105.47,189.5,83.8,70.3,0.371,0.371,1.263,7416.34,79.1,False,0.0429
2026-03-12 21:00:00,2026-03-12,21,Thursday,False,Airport_Corridor,Clear,0.226,60.0,1.201,72.05,113.0,84.7,60.7,0.5371,0.5371,0.335,4373.78,54.04,False,0.02
2026-03-12 22:00:00,2026-03-12,22,Thursday,False,Airport_Corridor,Clear,0.108,60.0,1.0,60.0,65.4,77.3,43.5,0.6649,0.6649,-0.154,2607.05,45.0,False,0.02
2026-03-12 23:00:00,2026-03-12,23,Thursday,False,Airport_Corridor,Clear,0.072,60.0,1.0,60.0,38.7,69.2,26.6,0.6863,0.6863,-0.44,1595.46,45.0,False,0.02
2026-03-13 00:00:00,2026-03-13,0,Friday,False,Airport_Corridor,Clear,0.07,60.0,1.0,60.0,30.0,46.0,20.8,0.6923,0.6923,-0.347,1248.05,45.0,False,0.02
2026-03-13 01:00:00,2026-03-13,1,Friday,False,Airport_Corridor,Clear,0.011,60.0,1.0,60.0,32.5,46.0,21.6,0.6658,0.6658,-0.294,1297.35,45.0,False,0.02
2026-03-13 02:00:00,2026-03-13,2,Friday,False,Airport_Corridor,Clear,0.04,60.0,1.0,60.0,32.0,49.1,21.7,0.6778,0.6778,-0.347,1302.29,45.0,False,0.02
2026-03-13 03:00:00,2026-03-13,3,Friday,False,Airport_Corridor,Clear,0.089,60.0,1.0,60.0,33.4,53.4,21.9,0.6556,0.6556,-0.374,1313.16,45.0,False,0.02
2026-03-13 04:00:00,2026-03-13,4,Friday,False,Airport_Corridor,Clear,0.062,60.0,1.0,60.0,35.8,62.7,23.8,0.6657,0.6657,-0.429,1430.28,45.0,False,0.02
2026-03-13 05:00:00,2026-03-13,5,Friday,False,Airport_Corridor,Clear,0.097,60.0,1.0,60.0,48.0,58.8,32.1,0.6672,0.6672,-0.182,1923.14,45.0,False,0.02
2026-03-13 06:00:00,2026-03-13,6,Friday,False,Airport_Corridor,Clear,0.122,60.0,1.088,65.3,77.7,67.8,47.5,0.6118,0.6118,0.147,3104.95,48.97,False,0.02
2026-03-13 07:00:00,2026-03-13,7,Friday,False,Airport_Corridor,Clear,0.33,60.0,1.514,90.84,130.9,70.5,57.8,0.4415,0.4415,0.857,5248.18,68.13,False,0.0307
2026-03-13 08:00:00,2026-03-13,8,Friday,False,Airport_Corridor,Clear,0.414,60.0,2.165,129.87,199.3,67.8,61.3,0.3076,0.3076,1.941,7961.82,97.4,False,0.0632
2026-03-13 09:00:00,2026-03-13,9,Friday,False,Airport_Corridor,Clear,0.389,60.0,1.594,95.65,169.6,85.2,70.1,0.4132,0.4132,0.99,6704.22,71.74,False,0.0347
2026-03-13 10:00:00,2026-03-13,10,Friday,False,Airport_Corridor,Clear,0.304,60.0,1.28,76.79,119.3,81.4,62.1,0.5206,0.5206,0.466,4770.84,57.59,False,0.02
2026-03-13 11:00:00,2026-03-13,11,Friday,False,Airport_Corridor,Clear,0.155,60.0,1.017,61.0,76.8,74.8,49.8,0.648,0.648,0.028,3037.18,45.75,False,0.02
2026-03-13 12:00:00,2026-03-13,12,Friday,False,Airport_Corridor,Clear,0.092,60.0,1.0,60.0,45.5,71.9,30.8,0.6763,0.6763,-0.368,1845.8,45.0,False,0.02
2026-03-13 13:00:00,2026-03-13,13,Friday,False,Airport_Corridor,Clear,0.036,60.0,1.0,60.0,38.1,81.6,26.3,0.6891,0.6891,-0.533,1576.65,45.0,False,0.02
2026-03-13 14:00:00,2026-03-13,14,Friday,False,Airport_Corridor,Clear,0.102,60.0,1.0,60.0,41.9,71.9,29.1,0.6938,0.6938,-0.417,1744.32,45.0,False,0.02
2026-03-13 15:00:00,2026-03-13,15,Friday,False,Airport_Corridor,Clear,0.086,60.0,1.0,60.0,62.9,81.2,40.6,0.6459,0.6459,-0.225,2436.61,45.0,False,0.02
2026-03-13 16:00:00,2026-03-13,16,Friday,False,Airport_Corridor,Clear,0.209,60.0,1.079,64.76,94.2,83.2,58.4,0.6204,0.6204,0.132,3783.35,48.57,False,0.02
2026-03-13 17:00:00,2026-03-13,17,Friday,False,Airport_Corridor,Clear,0.346,60.0,1.864,111.85,184.0,75.4,63.6,0.3454,0.3454,1.44,7109.55,83.89,False,0.0482
2026-03-13 18:00:00,2026-03-13,18,Friday,False,Airport_Corridor,Clear,0.471,60.0,2.222,133.34,242.4,79.8,73.2,0.3021,0.3021,2.037,9763.65,100.0,False,0.0661
2026-03-13 19:00:00,2026-03-13,19,Friday,False,Airport_Corridor,Clear,0.453,60.0,2.075,124.49,256.2,91.8,83.0,0.324,0.324,1.791,10332.04,93.37,False,0.0587
2026-03-13 20:00:00,2026-03-13,20,Friday,False,Airport_Corridor,Clear,0.404,60.0,1.618,97.09,181.2,89.3,73.6,0.4062,0.4062,1.03,7146.12,72.82,False,0.0359
2026-03-13 21:00:00,2026-03-13,21,Friday,False,Airport_Corridor,Clear,0.177,60.0,1.179,70.76,101.9,78.5,56.2,0.5514,0.5514,0.299,3977.07,53.07,False,0.02
2026-03-13 22:00:00,2026-03-13,22,Friday,False,Airport_Corridor,Clear,0.156,60.0,1.0,60.0,56.6,79.4,37.0,0.6542,0.6542,-0.288,2220.69,45.0,False,0.02
2026-03-13 23:00:00,2026-03-13,23,Friday,False,Airport_Corridor,Clear,0.131,60.0,1.0,60.0,38.5,60.5,25.4,0.6607,0.6607,-0.364,1526.78,45.0,False,0.02
2026-03-14 00:00:00,2026-03-14,0,Saturday,True,Airport_Corridor,Rain,0.261,60.0,1.0,60.0,44.8,49.3,28.3,0.6323,0.6323,-0.091,1699.84,45.0,False,0.02
2026-03-14 01:00:00,2026-03-14,1,Saturday,True,Airport_Corridor,Rain,0.189,60.0,1.035,62.13,49.4,46.6,29.8,0.6039,0.6039,0.059,1853.1,46.6,False,0.02
2026-03-14 02:00:00,2026-03-14,2,Saturday,True,Airport_Corridor,Rain,0.214,60.0,1.062,63.7,55.3,50.1,32.1,0.5799,0.5799,0.103,2042.97,47.78,False,0.02
2026-03-14 03:00:00,2026-03-14,3,Saturday,True,Airport_Corridor,Rain,0.221,60.0,1.0,60.0,51.5,52.0,32.6,0.6331,0.6331,-0.009,1958.1,45.0,False,0.02
2026-03-14 04:00:00,2026-03-14,4,Saturday,True,Airport_Corridor,Rain,0.233,60.0,1.0,60.0,43.0,53.4,27.6,0.643,0.643,-0.195,1657.26,45.0,False,0.02
2026-03-14 05:00:00,2026-03-14,5,Saturday,True,Airport_Corridor,Rain,0.263,60.0,1.0,60.0,46.4,52.6,29.1,0.6265,0.6265,-0.117,1745.52,45.0,False,0.02
2026-03-14 06:00:00,2026-03-14,6,Saturday,True,Airport_Corridor,Rain,0.211,60.0,1.0,60.0,53.1,60.2,34.3,0.6464,0.6464,-0.118,2059.59,45.0,False,0.02
2026-03-14 07:00:00,2026-03-14,7,Saturday,True,Airport_Corridor,Rain,0.247,60.0,1.0,60.0,55.6,65.6,35.5,0.6383,0.6383,-0.152,2130.89,45.0,False,0.02
2026-03-14 08:00:00,2026-03-14,8,Saturday,True,Airport_Corridor,Rain,0.286,60.0,1.091,65.46,78.8,68.4,46.3,0.5882,0.5882,0.152,3033.87,49.09,False,0.02
2026-03-14 09:00:00,2026-03-14,9,Saturday,True,Airport_Corridor,Rain,0.334,60.0,1.271,76.24,95.7,66.0,47.0,0.4908,0.4908,0.451,3581.66,57.18,False,0.02
2026-03-14 10:00:00,2026-03-14,10,Saturday,True,Airport_Corridor,Rain,0.375,60.0,1.494,89.62,132.9,72.9,57.2,0.4303,0.4303,0.823,5125.88,67.22,False,0.0297
2026-03-14 11:00:00,2026-03-14,11,Saturday,True,Airport_Corridor,Rain,0.427,60.0,1.889,113.35,174.2,70.2,58.9,0.3384,0.3384,1.482,6680.05,85.01,False,0.0495
2026-03-14 12:00:00,2026-03-14,12,Saturday,True,Airport_Corridor,Rain,0.461,60.0,1.927,115.64,183.6,72.1,59.0,0.3216,0.3216,1.546,6827.05,86.73,False,0.0514
2026-03-14 13:00:00,2026-03-14,13,Saturday,True,Airport_Corridor,Rain,0.523,60.0,2.164,129.86,229.5,78.1,68.5,0.2986,0.2986,1.941,8900.08,97.4,False,0.0632
2026-03-14 14:00:00,2026-03-14,14,Saturday,True,Airport_Corridor,Rain,0.528,60.0,1.785,107.09,198.2,85.9,67.6,0.3409,0.3409,1.308,7237.13,80.32,False,0.0442
2026-03-14 15:00:00,2026-03-14,15,Saturday,True,Airport_Corridor,Rain,0.478,60.0,1.571,94.28,182.8,93.6,73.7,0.403,0.403,0.952,6944.07,70.71,False,0.0336
2026-03-14 16:00:00,2026-03-14,16,Saturday,True,Airport_Corridor,Rain,0.414,60.0,1.462,87.69,148.2,83.8,60.5,0.4082,0.4082,0.769,5303.42,65.77,False,0.0281
2026-03-14 17:00:00,2026-03-14,17,Saturday,True,Airport_Corridor,Rain,0.378,60.0,1.214,72.85,108.2,79.7,55.2,0.51,0.51,0.357,4019.93,54.64,False,0.02
2026-03-14 18:00:00,2026-03-14,18,Saturday,True,Airport_Corridor,Rain,0.347,60.0,1.235,74.13,110.2,79.1,54.9,0.4981,0.4981,0.392,4067.29,55.6,False,0.02
2026-03-14 19:00:00,2026-03-14,19,Saturday,True,Airport_Corridor,Rain,0.359,60.0,1.52,91.21,140.6,75.3,57.4,0.4085,0.4085,0.867,5238.69,68.41,False,0.031
2026-03-14 20:00:00,2026-03-14,20,Saturday,True,Airport_Corridor,Rain,0.4,60.0,1.662,99.73,153.5,73.0,56.6,0.369,0.369,1.104,5648.48,74.8,False,0.0381
2026-03-14 21:00:00,2026-03-14,21,Saturday,True,Airport_Corridor,Rain,0.459,60.0,2.215,132.91,195.4,64.6,58.6,0.2999,0.2999,2.025,7790.4,99.68,False,0.0658
2026-03-14 22:00:00,2026-03-14,22,Saturday,True,Airport_Corridor,Rain,0.531,60.0,2.749,164.96,239.4,61.1,57.0,0.238,0.238,2.916,9398.58,123.72,False,0.0925
2026-03-14 23:00:00,2026-03-14,23,Saturday,True,Airport_Corridor,Rain,0.529,60.0,2.789,167.37,244.7,61.4,56.5,0.2307,0.2307,2.982,9449.55,125.53,False,0.0945
2026-03-15 00:00:00,2026-03-15,0,Sunday,True,Airport_Corridor,Clear,0.111,60.0,1.0,60.0,42.7,48.8,29.3,0.6848,0.6848,-0.125,1755.08,45.0,False,0.02
2026-03-15 01:00:00,2026-03-15,1,Sunday,True,Airport_Corridor,Clear,0.082,60.0,1.0,60.0,46.8,51.9,31.3,0.6682,0.6682,-0.099,1876.05,45.0,False,0.02
2026-03-15 02:00:00,2026-03-15,2,Sunday,True,Airport_Corridor,Clear,0.053,60.0,1.0,60.0,36.2,51.1,23.9,0.6613,0.6613,-0.293,1434.61,45.0,False,0.02
2026-03-15 03:00:00,2026-03-15,3,Sunday,True,Airport_Corridor,Clear,0.077,60.0,1.0,60.0,40.8,56.3,28.1,0.6882,0.6882,-0.274,1686.42,45.0,False,0.02
2026-03-15 04:00:00,2026-03-15,4,Sunday,True,Airport_Corridor,Clear,0.1,60.0,1.0,60.0,40.2,50.4,26.7,0.6635,0.6635,-0.202,1599.87,45.0,False,0.02
2026-03-15 05:00:00,2026-03-15,5,Sunday,True,Airport_Corridor,Clear,0.059,60.0,1.0,60.0,36.2,50.7,23.6,0.6527,0.6527,-0.286,1416.67,45.0,False,0.02
2026-03-15 06:00:00,2026-03-15,6,Sunday,True,Airport_Corridor,Clear,0.123,60.0,1.0,60.0,39.8,55.5,26.9,0.6763,0.6763,-0.283,1614.94,45.0,False,0.02
2026-03-15 07:00:00,2026-03-15,7,Sunday,True,Airport_Corridor,Clear,0.136,60.0,1.0,60.0,52.7,57.1,36.1,0.6852,0.6852,-0.077,2166.69,45.0,False,0.02
2026-03-15 08:00:00,2026-03-15,8,Sunday,True,Airport_Corridor,Clear,0.134,60.0,1.064,63.82,68.6,62.0,44.0,0.642,0.642,0.106,2809.72,47.87,False,0.02
2026-03-15 09:00:00,2026-03-15,9,Sunday,True,Airport_Corridor,Clear,0.151,60.0,1.147,68.84,84.2,67.6,47.7,0.5666,0.5666,0.246,3282.87,51.63,False,0.02
2026-03-15 10:00:00,2026-03-15,10,Sunday,True,Airport_Corridor,Clear,0.194,60.0,1.273,76.38,115.1,79.1,57.4,0.4983,0.4983,0.455,4380.75,57.28,False,0.02
2026-03-15 11:00:00,2026-03-15,11,Sunday,True,Airport_Corridor,Clear,0.256,60.0,1.467,88.0,133.1,74.9,59.6,0.4474,0.4474,0.778,5241.15,66.0,False,0.0283
2026-03-15 12:00:00,2026-03-15,12,Sunday,True,Airport_Corridor,Clear,0.304,60.0,1.681,100.88,170.5,79.8,64.7,0.3792,0.3792,1.136,6522.86,75.66,False,0.0391
2026-03-15 13:00:00,2026-03-15,13,Sunday,True,Airport_Corridor,Clear,0.333,60.0,1.78,106.81,195.1,84.8,72.9,0.3738,0.3738,1.3,7791.18,80.11,False,0.044
2026-03-15 14:00:00,2026-03-15,14,Sunday,True,Airport_Corridor,Clear,0.373,60.0,1.591,95.45,186.6,94.0,75.1,0.4022,0.4022,0.985,7163.8,71.59,False,0.0345
2026-03-15 15:00:00,2026-03-15,15,Sunday,True,Airport_Corridor,Clear,0.3,60.0,1.403,84.18,134.9,80.7,62.8,0.4654,0.4654,0.672,5286.16,63.14,False,0.0251
2026-03-15 16:00:00,2026-03-15,16,Sunday,True,Airport_Corridor,Clear,0.269,60.0,1.406,84.39,145.7,86.9,67.5,0.4633,0.4633,0.677,5698.37,63.29,False,0.0253
2026-03-15 17:00:00,2026-03-15,17,Sunday,True,Airport_Corridor,Clear,0.208,60.0,1.476,88.59,136.9,76.3,58.9,0.4305,0.4305,0.794,5221.04,66.44,False,0.0288
2026-03-15 18:00:00,2026-03-15,18,Sunday,True,Airport_Corridor,Clear,0.203,60.0,1.27,76.2,113.3,78.1,57.2,0.5046,0.5046,0.45,4357.17,57.15,False,0.02
2026-03-15 19:00:00,2026-03-15,19,Sunday,True,Airport_Corridor,Clear,0.163,60.0,1.32,79.23,119.7,78.0,60.1,0.5018,0.5018,0.534,4758.27,59.42,False,0.021
2026-03-15 20:00:00,2026-03-15,20,Sunday,True,Airport_Corridor,Clear,0.261,60.0,1.808,108.51,154.7,65.9,55.8,0.3607,0.3607,1.347,6056.45,81.38,False,0.0454
2026-03-15 21:00:00,2026-03-15,21,Sunday,True,Airport_Corridor,Clear,0.281,60.0,2.119,127.12,195.5,68.3,62.6,0.3201,0.3201,1.864,7955.42,95.34,False,0.0609
2026-03-15 22:00:00,2026-03-15,22,Sunday,True,Airport_Corridor,Clear,0.392,60.0,2.595,155.68,217.5,59.5,54.1,0.2488,0.2488,2.658,8426.11,116.76,False,0.0847
2026-03-15 23:00:00,2026-03-15,23,Sunday,True,Airport_Corridor,Clear,0.415,60.0,2.255,135.28,178.6,57.8,54.3,0.304,0.304,2.091,7344.28,101.46,False,0.0677
2026-03-16 00:00:00,2026-03-16,0,Monday,False,Airport_Corridor,Clear,0.071,60.0,1.0,60.0,33.8,47.1,22.3,0.6614,0.6614,-0.284,1339.93,45.0,False,0.02
2026-03-16 01:00:00,2026-03-16,1,Monday,False,Airport_Corridor,Clear,0.053,60.0,1.0,60.0,34.4,47.0,23.3,0.6767,0.6767,-0.268,1395.78,45.0,False,0.02
2026-03-16 02:00:00,2026-03-16,2,Monday,False,Airport_Corridor,Clear,0.0,60.0,1.0,60.0,34.5,53.2,23.4,0.6794,0.6794,-0.351,1405.5,45.0,False,0.02
2026-03-16 03:00:00,2026-03-16,3,Monday,False,Airport_Corridor,Clear,0.085,60.0,1.0,60.0,31.2,56.4,20.9,0.6705,0.6705,-0.447,1254.67,45.0,False,0.02
2026-03-16 04:00:00,2026-03-16,4,Monday,False,Airport_Corridor,Clear,0.039,60.0,1.0,60.0,32.7,65.8,21.9,0.6704,0.6704,-0.503,1315.65,45.0,False,0.02
2026-03-16 05:00:00,2026-03-16,5,Monday,False,Airport_Corridor,Clear,0.086,60.0,1.0,60.0,49.7,64.6,33.0,0.6654,0.6654,-0.231,1982.58,45.0,False,0.02
2026-03-16 06:00:00,2026-03-16,6,Monday,False,Airport_Corridor,Clear,0.204,60.0,1.173,70.41,84.8,65.7,47.4,0.5588,0.5588,0.289,3334.89,52.81,False,0.02
2026-03-16 07:00:00,2026-03-16,7,Monday,False,Airport_Corridor,Clear,0.256,60.0,1.54,92.38,132.3,69.7,57.7,0.4363,0.4363,0.899,5333.29,69.28,False,0.032
2026-03-16 08:00:00,2026-03-16,8,Monday,False,Airport_Corridor,Clear,0.342,60.0,2.037,122.2,201.7,73.9,64.5,0.3198,0.3198,1.728,7881.28,91.65,False,0.0568
2026-03-16 09:00:00,2026-03-16,9,Monday,False,Airport_Corridor,Clear,0.347,60.0,1.807,108.39,180.5,77.0,64.8,0.3592,0.3592,1.344,7027.42,81.29,False,0.0453
2026-03-16 10:00:00,2026-03-16,10,Monday,False,Airport_Corridor,Clear,0.329,60.0,1.463,87.78,156.8,88.5,71.1,0.4536,0.4536,0.772,6243.51,65.84,False,0.0281
2026-03-16 11:00:00,2026-03-16,11,Monday,False,Airport_Corridor,Clear,0.181,60.0,1.063,63.76,85.0,77.0,53.1,0.6248,0.6248,0.104,3385.65,47.82,False,0.02
2026-03-16 12:00:00,2026-03-16,12,Monday,False,Airport_Corridor,Clear,0.084,60.0,1.0,60.0,50.7,78.8,33.9,0.6677,0.6677,-0.356,2033.01,45.0,False,0.02
2026-03-16 13:00:00,2026-03-16,13,Monday,False,Airport_Corridor,Clear,0.065,60.0,1.0,60.0,36.1,73.7,24.5,0.6794,0.6794,-0.51,1472.38,45.0,False,0.02
2026-03-16 14:00:00,2026-03-16,14,Monday,False,Airport_Corridor,Clear,0.138,60.0,1.0,60.0,42.6,82.8,28.2,0.6622,0.6622,-0.485,1693.16,45.0,False,0.02
2026-03-16 15:00:00,2026-03-16,15,Monday,False,Airport_Corridor,Clear,0.124,60.0,1.0,60.0,49.4,80.1,33.1,0.6691,0.6691,-0.383,1984.14,45.0,False,0.02
2026-03-16 16:00:00,2026-03-16,16,Monday,False,Airport_Corridor,Clear,0.167,60.0,1.324,79.45,122.6,79.6,60.5,0.4933,0.4933,0.54,4806.65,59.59,False,0.0212
2026-03-16 17:00:00,2026-03-16,17,Monday,False,Airport_Corridor,Clear,0.318,60.0,1.626,97.56,171.2,83.8,70.4,0.4112,0.4112,1.043,6866.99,73.17,False,0.0363
2026-03-16 18:00:00,2026-03-16,18,Monday,False,Airport_Corridor,Clear,0.453,60.0,1.984,119.05,231.2,87.6,77.4,0.335,0.335,1.64,9220.04,89.29,False,0.0542
2026-03-16 19:00:00,2026-03-16,19,Monday,False,Airport_Corridor,Clear,0.393,60.0,1.992,119.5,247.4,93.3,80.8,0.3267,0.3267,1.653,9658.0,89.62,False,0.0546
2026-03-16 20:00:00,2026-03-16,20,Monday,False,Airport_Corridor,Clear,0.356,60.0,1.486,89.15,181.3,100.2,81.8,0.4511,0.4511,0.81,7291.16,66.86,False,0.0293
2026-03-16 21:00:00,2026-03-16,21,Monday,False,Airport_Corridor,Clear,0.22,60.0,1.231,73.89,110.7,79.9,59.6,0.5379,0.5379,0.386,4401.35,55.42,False,0.02
2026-03-16 22:00:00,2026-03-16,22,Monday,False,Airport_Corridor,Clear,0.111,60.0,1.0,60.0,61.3,66.2,41.7,0.6798,0.6798,-0.074,2501.98,45.0,False,0.02
2026-03-16 23:00:00,2026-03-16,23,Monday,False,Airport_Corridor,Clear,0.106,60.0,1.0,60.0,35.5,67.6,23.7,0.6699,0.6699,-0.476,1424.99,45.0,False,0.02
2026-03-17 00:00:00,2026-03-17,0,Tuesday,False,Airport_Corridor,Clear,0.056,60.0,1.0,60.0,30.5,44.5,20.9,0.6862,0.6862,-0.314,1256.66,45.0,False,0.02
2026-03-17 01:00:00,2026-03-17,1,Tuesday,False,Airport_Corridor,Clear,0.039,60.0,1.0,60.0,32.1,48.3,21.9,0.6821,0.6821,-0.336,1314.11,45.0,False,0.02
2026-03-17 02:00:00,2026-03-17,2,Tuesday,False,Airport_Corridor,Clear,0.052,60.0,1.0,60.0,35.0,46.6,23.6,0.6752,0.6752,-0.248,1418.21,45.0,False,0.02
2026-03-17 03:00:00,2026-03-17,3,Tuesday,False,Airport_Corridor,Clear,0.069,60.0,1.0,60.0,31.6,52.6,21.3,0.6734,0.6734,-0.398,1278.32,45.0,False,0.02
2026-03-17 04:00:00,2026-03-17,4,Tuesday,False,Airport_Corridor,Clear,0.037,60.0,1.0,60.0,39.0,55.6,26.7,0.6853,0.6853,-0.298,1603.12,45.0,False,0.02
2026-03-17 05:00:00,2026-03-17,5,Tuesday,False,Airport_Corridor,Clear,0.065,60.0,1.0,60.0,43.3,70.4,28.6,0.6607,0.6607,-0.385,1716.54,45.0,False,0.02
2026-03-17 06:00:00,2026-03-17,6,Tuesday,False,Airport_Corridor,Clear,0.145,60.0,1.222,73.3,85.7,62.6,46.7,0.5445,0.5445,0.369,3420.62,54.97,False,0.02
2026-03-17 07:00:00,2026-03-17,7,Tuesday,False,Airport_Corridor,Clear,0.245,60.0,1.451,87.05,130.1,74.3,58.7,0.4513,0.4513,0.751,5111.84,65.29,False,0.0275
2026-03-17 08:00:00,2026-03-17,8,Tuesday,False,Airport_Corridor,Clear,0.339,60.0,1.844,110.62,178.0,74.0,62.2,0.3498,0.3498,1.406,6885.81,82.97,False,0.0472
2026-03-17 09:00:00,2026-03-17,9,Tuesday,False,Airport_Corridor,Clear,0.372,60.0,1.858,111.48,202.7,83.4,73.4,0.3623,0.3623,1.43,8186.49,83.61,False,0.0479
2026-03-17 10:00:00,2026-03-17,10,Tuesday,False,Airport_Corridor,Clear,0.27,60.0,1.538,92.28,145.3,76.6,62.2,0.4282,0.4282,0.897,5741.71,69.21,False,0.0319
2026-03-17 11:00:00,2026-03-17,11,Tuesday,False,Airport_Corridor,Clear,0.172,60.0,1.0,60.0,78.1,86.2,51.4,0.6582,0.6582,-0.094,3084.89,45.0,False,0.02
2026-03-17 12:00:00,2026-03-17,12,Tuesday,False,Airport_Corridor,Clear,0.135,60.0,1.0,60.0,43.2,74.0,29.9,0.6908,0.6908,-0.416,1791.2,45.0,False,0.02
2026-03-17 13:00:00,2026-03-17,13,Tuesday,False,Airport_Corridor,Clear,0.036,60.0,1.0,60.0,31.8,77.3,21.5,0.6754,0.6754,-0.589,1288.96,45.0,False,0.02
2026-03-17 14:00:00,2026-03-17,14,Tuesday,False,Airport_Corridor,Clear,0.036,60.0,1.0,60.0,40.7,90.2,27.3,0.6709,0.6709,-0.549,1637.04,45.0,False,0.02
2026-03-17 15:00:00,2026-03-17,15,Tuesday,False,Airport_Corridor,Clear,0.053,60.0,1.0,60.0,63.0,78.4,41.6,0.6604,0.6604,-0.196,2496.34,45.0,False,0.02
2026-03-17 16:00:00,2026-03-17,16,Tuesday,False,Airport_Corridor,Clear,0.175,60.0,1.357,81.39,122.7,76.9,59.3,0.4833,0.4833,0.594,4825.75,61.04,False,0.0228
2026-03-17 17:00:00,2026-03-17,17,Tuesday,False,Airport_Corridor,Clear,0.304,60.0,1.822,109.31,191.7,80.9,69.9,0.3649,0.3649,1.37,7645.55,81.98,False,0.0461
2026-03-17 18:00:00,2026-03-17,18,Tuesday,False,Airport_Corridor,Clear,0.449,60.0,2.117,127.02,249.2,87.1,79.9,0.3206,0.3206,1.862,10148.46,95.27,False,0.0609
2026-03-17 19:00:00,2026-03-17,19,Tuesday,False,Airport_Corridor,Clear,0.433,60.0,1.96,117.62,224.5,86.3,75.5,0.3364,0.3364,1.6,8880.38,88.22,False,0.053
2026-03-17 20:00:00,2026-03-17,20,Tuesday,False,Airport_Corridor,Clear,0.345,60.0,1.517,91.04,162.4,87.2,70.4,0.4332,0.4332,0.862,6406.11,68.28,False,0.0309
2026-03-17 21:00:00,2026-03-17,21,Tuesday,False,Airport_Corridor,Clear,0.188,60.0,1.29,77.41,107.4,72.4,54.6,0.5085,0.5085,0.484,4227.41,58.06,False,0.02
2026-03-17 22:00:00,2026-03-17,22,Tuesday,False,Airport_Corridor,Clear,0.129,60.0,1.0,60.0,61.8,75.4,41.4,0.6699,0.6699,-0.181,2482.41,45.0,False,0.02
2026-03-17 23:00:00,2026-03-17,23,Tuesday,False,Airport_Corridor,Clear,0.097,60.0,1.0,60.0,37.5,69.0,24.0,0.6409,0.6409,-0.456,1442.98,45.0,False,0.02
2026-03-18 00:00:00,2026-03-18,0,Wednesday,False,Airport_Corridor,Clear,0.046,60.0,1.0,60.0,29.3,44.6,19.1,0.6495,0.6495,-0.343,1143.81,45.0,False,0.02
2026-03-18 01:00:00,2026-03-18,1,Wednesday,False,Airport_Corridor,Clear,0.0,60.0,1.0,60.0,33.4,45.6,22.5,0.674,0.674,-0.268,1349.24,45.0,False,0.02
2026-03-18 02:00:00,2026-03-18,2,Wednesday,False,Airport_Corridor,Clear,0.055,60.0,1.0,60.0,31.7,49.9,20.9,0.6611,0.6611,-0.365,1255.79,45.0,False,0.02
2026-03-18 03:00:00,2026-03-18,3,Wednesday,False,Airport_Corridor,Clear,0.107,60.0,1.0,60.0,36.2,51.6,23.9,0.6595,0.6595,-0.298,1432.63,45.0,False,0.02
2026-03-18 04:00:00,2026-03-18,4,Wednesday,False,Airport_Corridor,Clear,0.063,60.0,1.0,60.0,32.0,52.9,20.5,0.6404,0.6404,-0.395,1229.59,45.0,False,0.02
2026-03-18 05:00:00,2026-03-18,5,Wednesday,False,Airport_Corridor,Clear,0.059,60.0,1.0,60.0,50.1,67.3,33.4,0.6667,0.6667,-0.256,2002.91,45.0,False,0.02
2026-03-18 06:00:00,2026-03-18,6,Wednesday,False,Airport_Corridor,Clear,0.127,60.0,1.213,72.79,83.8,61.9,46.1,0.5502,0.5502,0.355,3357.27,54.59,False,0.02
2026-03-18 07:00:00,2026-03-18,7,Wednesday,False,Airport_Corridor,Clear,0.209,60.0,1.612,96.7,131.2,65.0,54.0,0.4116,0.4116,1.019,5221.2,72.53,False,0.0356
2026-03-18 08:00:00,2026-03-18,8,Wednesday,False,Airport_Corridor,Clear,0.362,60.0,2.006,120.37,201.6,75.3,66.3,0.3288,0.3288,1.677,7980.38,90.28,False,0.0553
2026-03-18 09:00:00,2026-03-18,9,Wednesday,False,Airport_Corridor,Clear,0.373,60.0,2.046,122.74,238.1,86.8,74.9,0.3145,0.3145,1.743,9188.92,92.05,False,0.0573
2026-03-18 10:00:00,2026-03-18,10,Wednesday,False,Airport_Corridor,Clear,0.301,60.0,1.417,85.03,138.1,81.5,61.8,0.4472,0.4472,0.695,5252.23,63.77,False,0.0259
2026-03-18 11:00:00,2026-03-18,11,Wednesday,False,Airport_Corridor,Clear,0.153,60.0,1.0,60.0,75.4,79.7,49.2,0.6523,0.6523,-0.054,2952.49,45.0,False,0.02
2026-03-18 12:00:00,2026-03-18,12,Wednesday,False,Airport_Corridor,Clear,0.064,60.0,1.0,60.0,45.9,82.7,31.1,0.6774,0.6774,-0.446,1863.71,45.0,False,0.02
2026-03-18 13:00:00,2026-03-18,13,Wednesday,False,Airport_Corridor,Clear,0.093,60.0,1.0,60.0,34.2,73.5,22.9,0.6696,0.6696,-0.535,1372.25,45.0,False,0.02
2026-03-18 14:00:00,2026-03-18,14,Wednesday,False,Airport_Corridor,Clear,0.071,60.0,1.0,60.0,45.2,83.3,29.2,0.6472,0.6472,-0.458,1754.25,45.0,False,0.02
2026-03-18 15:00:00,2026-03-18,15,Wednesday,False,Airport_Corridor,Clear,0.089,60.0,1.0,60.0,67.0,83.2,43.4,0.6485,0.6485,-0.195,2606.11,45.0,False,0.02
2026-03-18 16:00:00,2026-03-18,16,Wednesday,False,Airport_Corridor,Clear,0.208,60.0,1.175,70.53,110.0,85.1,61.8,0.5615,0.5615,0.292,4356.37,52.9,False,0.02
2026-03-18 17:00:00,2026-03-18,17,Wednesday,False,Airport_Corridor,Clear,0.31,60.0,1.815,108.91,191.3,81.1,68.2,0.3565,0.3565,1.359,7426.08,81.68,False,0.0458
2026-03-18 18:00:00,2026-03-18,18,Wednesday,False,Airport_Corridor,Clear,0.459,60.0,2.044,122.63,230.3,84.1,75.4,0.3273,0.3273,1.74,9243.39,91.97,False,0.0572
2026-03-18 19:00:00,2026-03-18,19,Wednesday,False,Airport_Corridor,Clear,0.408,60.0,2.022,121.34,233.7,86.4,75.2,0.3216,0.3216,1.704,9119.1,91.0,False,0.0561
2026-03-18 20:00:00,2026-03-18,20,Wednesday,False,Airport_Corridor,Clear,0.299,60.0,1.922,115.31,205.7,81.1,72.6,0.3529,0.3529,1.536,8369.37,86.48,False,0.0511
2026-03-18 21:00:00,2026-03-18,21,Wednesday,False,Airport_Corridor,Clear,0.2,60.0,1.219,73.11,112.1,82.2,58.6,0.5229,0.5229,0.364,4286.39,54.83,False,0.02
2026-03-18 22:00:00,2026-03-18,22,Wednesday,False,Airport_Corridor,Clear,0.161,60.0,1.0,60.0,49.5,74.7,32.8,0.6628,0.6628,-0.337,1969.67,45.0,False,0.02
2026-03-18 23:00:00,2026-03-18,23,Wednesday,False,Airport_Corridor,Clear,0.086,60.0,1.0,60.0,41.3,78.7,27.8,0.6726,0.6726,-0.476,1665.36,45.0,False,0.02
2026-03-19 00:00:00,2026-03-19,0,Thursday,False,Airport_Corridor,Clear,0.089,60.0,1.0,60.0,32.1,45.5,22.0,0.6866,0.6866,-0.295,1321.25,45.0,False,0.02
2026-03-19 01:00:00,2026-03-19,1,Thursday,False,Airport_Corridor,Clear,0.035,60.0,1.0,60.0,30.0,49.0,19.8,0.6627,0.6627,-0.389,1190.96,45.0,False,0.02
2026-03-19 02:00:00,2026-03-19,2,Thursday,False,Airport_Corridor,Clear,0.026,60.0,1.0,60.0,32.7,47.2,21.9,0.6721,0.6721,-0.308,1316.66,45.0,False,0.02
2026-03-19 03:00:00,2026-03-19,3,Thursday,False,Airport_Corridor,Clear,0.071,60.0,1.0,60.0,35.2,62.6,23.9,0.678,0.678,-0.438,1431.52,45.0,False,0.02
2026-03-19 04:00:00,2026-03-19,4,Thursday,False,Airport_Corridor,Clear,0.102,60.0,1.0,60.0,32.5,58.0,21.8,0.6711,0.6711,-0.439,1309.86,45.0,False,0.02
2026-03-19 05:00:00,2026-03-19,5,Thursday,False,Airport_Corridor,Clear,0.061,60.0,1.0,60.0,49.4,61.9,32.6,0.6596,0.6596,-0.202,1956.51,45.0,False,0.02
2026-03-19 06:00:00,2026-03-19,6,Thursday,False,Airport_Corridor,Clear,0.157,60.0,1.126,67.59,85.4,70.6,49.9,0.5842,0.5842,0.211,3373.06,50.69,False,0.02
2026-03-19 07:00:00,2026-03-19,7,Thursday,False,Airport_Corridor,Clear,0.246,60.0,1.634,98.02,137.2,66.7,54.5,0.3974,0.3974,1.056,5345.26,73.52,False,0.0367
2026-03-19 08:00:00,2026-03-19,8,Thursday,False,Airport_Corridor,Clear,0.328,60.0,1.684,101.01,172.2,80.5,65.6,0.3809,0.3809,1.139,6626.75,75.76,False,0.0392
2026-03-19 09:00:00,2026-03-19,9,Thursday,False,Airport_Corridor,Clear,0.366,60.0,1.798,107.87,187.5,80.5,68.5,0.3652,0.3652,1.33,7387.06,80.9,False,0.0449
2026-03-19 10:00:00,2026-03-19,10,Thursday,False,Airport_Corridor,Clear,0.297,60.0,1.509,90.55,146.2,79.1,61.3,0.4192,0.4192,0.849,5550.66,67.91,False,0.0305
2026-03-19 11:00:00,2026-03-19,11,Thursday,False,Airport_Corridor,Clear,0.115,60.0,1.04,62.39,81.1,76.0,52.3,0.6454,0.6454,0.066,3265.2,46.79,False,0.02
2026-03-19 12:00:00,2026-03-19,12,Thursday,False,Airport_Corridor,Clear,0.073,60.0,1.0,60.0,45.1,75.4,30.1,0.6667,0.6667,-0.402,1803.02,45.0,False,0.02
2026-03-19 13:00:00,2026-03-19,13,Thursday,False,Airport_Corridor,Clear,0.112,60.0,1.0,60.0,38.4,64.2,26.2,0.6808,0.6808,-0.402,1570.0,45.0,False,0.02
2026-03-19 14:00:00,2026-03-19,14,Thursday,False,Airport_Corridor,Clear,0.064,60.0,1.0,60.0,40.9,78.1,26.9,0.6592,0.6592,-0.477,1616.03,45.0,False,0.02
2026-03-19 15:00:00,2026-03-19,15,Thursday,False,Airport_Corridor,Clear,0.165,60.0,1.0,60.0,63.0,86.1,42.6,0.6769,0.6769,-0.268,2557.52,45.0,False,0.02
2026-03-19 16:00:00,2026-03-19,16,Thursday,False,Airport_Corridor,Clear,0.196,60.0,1.225,73.52,120.1,87.3,66.2,0.5512,0.5512,0.376,4867.47,55.14,False,0.02
2026-03-19 17:00:00,2026-03-19,17,Thursday,False,Airport_Corridor,Clear,0.308,60.0,1.42,85.2,142.1,83.6,64.3,0.4525,0.4525,0.7,5479.0,63.9,False,0.026
2026-03-19 18:00:00,2026-03-19,18,Thursday,False,Airport_Corridor,Clear,0.405,60.0,2.017,121.04,235.6,87.4,79.4,0.337,0.337,1.696,9611.27,90.78,False,0.0559
2026-03-19 19:00:00,2026-03-19,19,Thursday,False,Airport_Corridor,Clear,0.407,60.0,2.052,123.1,260.4,94.6,83.9,0.3222,0.3222,1.753,10327.2,92.32,False,0.0576
2026-03-19 20:00:00,2026-03-19,20,Thursday,False,Airport_Corridor,Clear,0.31,60.0,1.532,91.92,170.0,90.1,72.0,0.4237,0.4237,0.887,6622.02,68.94,False,0.0316
2026-03-19 21:00:00,2026-03-19,21,Thursday,False,Airport_Corridor,Clear,0.182,60.0,1.18,70.8,109.0,83.8,61.1,0.5608,0.5608,0.3,4325.83,53.1,False,0.02
2026-03-19 22:00:00,2026-03-19,22,Thursday,False,Airport_Corridor,Clear,0.121,60.0,1.0,60.0,67.9,77.6,44.2,0.6507,0.6507,-0.125,2651.25,45.0,False,0.02
2026-03-19 23:00:00,2026-03-19,23,Thursday,False,Airport_Corridor,Clear,0.086,60.0,1.0,60.0,45.0,67.8,30.2,0.6711,0.6711,-0.336,1813.06,45.0,False,0.02
2026-03-20 00:00:00,2026-03-20,0,Friday,False,Airport_Corridor,Clear,0.049,60.0,1.0,60.0,29.4,47.9,19.3,0.655,0.655,-0.385,1157.0,45.0,False,0.02
2026-03-20 01:00:00,2026-03-20,1,Friday,False,Airport_Corridor,Clear,0.049,60.0,1.0,60.0,34.2,52.9,23.7,0.6935,0.6935,-0.353,1423.35,45.0,False,0.02
2026-03-20 02:00:00,2026-03-20,2,Friday,False,Airport_Corridor,Clear,0.07,60.0,1.0,60.0,31.4,52.3,21.2,0.6737,0.6737,-0.399,1270.14,45.0,False,0.02
2026-03-20 03:00:00,2026-03-20,3,Friday,False,Airport_Corridor,Clear,0.111,60.0,1.0,60.0,31.3,57.2,21.3,0.6811,0.6811,-0.453,1278.03,45.0,False,0.02
2026-03-20 04:00:00,2026-03-20,4,Friday,False,Airport_Corridor,Clear,0.039,60.0,1.0,60.0,37.2,54.1,25.0,0.6725,0.6725,-0.314,1499.23,45.0,False,0.02
2026-03-20 05:00:00,2026-03-20,5,Friday,False,Airport_Corridor,Clear,0.099,60.0,1.0,60.0,51.7,63.2,34.0,0.6568,0.6568,-0.182,2037.31,45.0,False,0.02
2026-03-20 06:00:00,2026-03-20,6,Friday,False,Airport_Corridor,Clear,0.154,60.0,1.123,67.37,80.1,66.5,48.5,0.605,0.605,0.205,3266.25,50.53,False,0.02
2026-03-20 07:00:00,2026-03-20,7,Friday,False,Airport_Corridor,Clear,0.303,60.0,1.753,105.18,159.6,70.8,59.1,0.3705,0.3705,1.255,6218.93,78.89,False,0.0426
2026-03-20 08:00:00,2026-03-20,8,Friday,False,Airport_Corridor,Clear,0.371,60.0,1.75,104.99,178.0,79.1,64.9,0.3648,0.3648,1.25,6817.37,78.74,False,0.0425
2026-03-20 09:00:00,2026-03-20,9,Friday,False,Airport_Corridor,Clear,0.38,60.0,1.876,112.55,188.2,76.5,66.8,0.3549,0.3549,1.46,7517.86,84.41,False,0.0488
2026-03-20 10:00:00,2026-03-20,10,Friday,False,Airport_Corridor,Clear,0.256,60.0,1.45,87.02,147.4,84.2,67.3,0.4562,0.4562,0.751,5853.31,65.27,False,0.0275
2026-03-20 11:00:00,2026-03-20,11,Friday,False,Airport_Corridor,Clear,0.124,60.0,1.0,60.0,77.1,78.0,51.8,0.6715,0.6715,-0.011,3107.11,45.0,False,0.02
2026-03-20 12:00:00,2026-03-20,12,Friday,False,Airport_Corridor,Clear,0.086,60.0,1.0,60.0,45.8,82.6,31.2,0.6822,0.6822,-0.446,1874.16,45.0,False,0.02
2026-03-20 13:00:00,2026-03-20,13,Friday,False,Airport_Corridor,Clear,0.072,60.0,1.0,60.0,41.3,77.7,27.2,0.6583,0.6583,-0.469,1629.41,45.0,False,0.02
2026-03-20 14:00:00,2026-03-20,14,Friday,False,Airport_Corridor,Clear,0.088,60.0,1.0,60.0,44.6,80.8,30.6,0.6851,0.6851,-0.448,1833.7,45.0,False,0.02
2026-03-20 15:00:00,2026-03-20,15,Friday,False,Airport_Corridor,Clear,0.052,60.0,1.0,60.0,70.0,74.9,47.2,0.6732,0.6732,-0.064,2829.33,45.0,False,0.02
2026-03-20 16:00:00,2026-03-20,16,Friday,False,Airport_Corridor,Clear,0.171,60.0,1.133,67.96,93.3,76.4,53.6,0.5743,0.5743,0.221,3640.81,50.97,False,0.02
2026-03-20 17:00:00,2026-03-20,17,Friday,False,Airport_Corridor,Clear,0.342,60.0,1.608,96.45,163.2,81.1,66.3,0.4062,0.4062,1.013,6392.02,72.34,False,0.0354
2026-03-20 18:00:00,2026-03-20,18,Friday,False,Airport_Corridor,Clear,0.431,60.0,2.209,132.52,238.0,79.0,71.5,0.3004,0.3004,2.014,9474.6,99.39,False,0.0654
2026-03-20 19:00:00,2026-03-20,19,Friday,False,Airport_Corridor,Clear,0.449,60.0,1.912,114.74,227.4,90.2,80.1,0.3524,0.3524,1.52,9195.79,86.05,False,0.0506
2026-03-20 20:00:00,2026-03-20,20,Friday,False,Airport_Corridor,Clear,0.362,60.0,1.863,111.78,183.3,75.2,63.8,0.3483,0.3483,1.438,7134.58,83.84,False,0.0482
2026-03-20 21:00:00,2026-03-20,21,Friday,False,Airport_Corridor,Clear,0.215,60.0,1.096,65.76,103.3,89.0,62.1,0.6012,0.6012,0.16,4082.74,49.32,False,0.02
2026-03-20 22:00:00,2026-03-20,22,Friday,False,Airport_Corridor,Clear,0.086,60.0,1.0,60.0,62.1,74.0,42.4,0.6817,0.6817,-0.161,2541.16,45.0,False,0.02
2026-03-20 23:00:00,2026-03-20,23,Friday,False,Airport_Corridor,Clear,0.073,60.0,1.0,60.0,43.2,66.9,28.3,0.655,0.655,-0.353,1699.54,45.0,False,0.02
2026-03-21 00:00:00,2026-03-21,0,Saturday,True,Airport_Corridor,Rain,0.229,60.0,1.0,60.0,43.7,47.0,27.7,0.6345,0.6345,-0.069,1664.73,45.0,False,0.02
2026-03-21 01:00:00,2026-03-21,1,Saturday,True,Airport_Corridor,Rain,0.209,60.0,1.0,60.0,45.3,46.6,28.9,0.6365,0.6365,-0.028,1731.9,45.0,False,0.02
2026-03-21 02:00:00,2026-03-21,2,Saturday,True,Airport_Corridor,Rain,0.211,60.0,1.0,60.0,41.4,47.1,27.1,0.6541,0.6541,-0.121,1625.72,45.0,False,0.02
2026-03-21 03:00:00,2026-03-21,3,Saturday,True,Airport_Corridor,Rain,0.186,60.0,1.0,60.0,47.4,48.6,30.5,0.6425,0.6425,-0.025,1828.76,45.0,False,0.02
2026-03-21 04:00:00,2026-03-21,4,Saturday,True,Airport_Corridor,Rain,0.193,60.0,1.0,60.0,46.7,50.0,30.4,0.6495,0.6495,-0.064,1821.72,45.0,False,0.02
2026-03-21 05:00:00,2026-03-21,5,Saturday,True,Airport_Corridor,Rain,0.251,60.0,1.0,60.0,44.8,63.1,28.5,0.6361,0.6361,-0.291,1709.18,45.0,False,0.02
2026-03-21 06:00:00,2026-03-21,6,Saturday,True,Airport_Corridor,Rain,0.256,60.0,1.0,60.0,54.0,57.6,34.7,0.6438,0.6438,-0.063,2083.92,45.0,False,0.02
2026-03-21 07:00:00,2026-03-21,7,Saturday,True,Airport_Corridor,Rain,0.314,60.0,1.074,64.41,69.1,61.6,40.6,0.587,0.587,0.123,2612.84,48.31,False,0.02
2026-03-21 08:00:00,2026-03-21,8,Saturday,True,Airport_Corridor,Rain,0.269,60.0,1.0,60.0,61.1,67.8,38.8,0.6348,0.6348,-0.099,2327.13,45.0,False,0.02
2026-03-21 09:00:00,2026-03-21,9,Saturday,True,Airport_Corridor,Rain,0.311,60.0,1.233,74.01,94.4,68.0,47.0,0.4973,0.4973,0.389,3476.39,55.51,False,0.02
2026-03-21 10:00:00,2026-03-21,10,Saturday,True,Airport_Corridor,Rain,0.362,60.0,1.324,79.47,111.1,72.1,53.0,0.4771,0.4771,0.541,4212.41,59.6,False,0.0212
2026-03-21 11:00:00,2026-03-21,11,Saturday,True,Airport_Corridor,Rain,0.494,60.0,1.517,90.99,144.9,77.9,61.1,0.4216,0.4216,0.861,5558.49,68.24,False,0.0308
2026-03-21 12:00:00,2026-03-21,12,Saturday,True,Airport_Corridor,Rain,0.478,60.0,1.971,118.24,191.8,73.3,60.4,0.3149,0.3149,1.618,7141.67,88.68,False,0.0535
2026-03-21 13:00:00,2026-03-21,13,Saturday,True,Airport_Corridor,Rain,0.495,60.0,1.746,104.78,197.5,88.0,66.6,0.3374,0.3374,1.244,6979.8,78.59,False,0.0423
2026-03-21 14:00:00,2026-03-21,14,Saturday,True,Airport_Corridor,Rain,0.524,60.0,1.757,105.41,199.3,88.1,71.4,0.3582,0.3582,1.261,7524.69,79.06,False,0.0428
2026-03-21 15:00:00,2026-03-21,15,Saturday,True,Airport_Corridor,Rain,0.474,60.0,1.722,103.29,188.8,85.7,68.4,0.3623,0.3623,1.203,7063.28,77.47,False,0.0411
2026-03-21 16:00:00,2026-03-21,16,Saturday,True,Airport_Corridor,Rain,0.423,60.0,1.576,94.55,159.4,81.3,63.5,0.3987,0.3987,0.96,6007.69,70.91,False,0.0338
2026-03-21 17:00:00,2026-03-21,17,Saturday,True,Airport_Corridor,Rain,0.446,60.0,1.438,86.26,138.2,79.9,60.7,0.4392,0.4392,0.73,5235.26,64.7,False,0.0269
2026-03-21 18:00:00,2026-03-21,18,Saturday,True,Airport_Corridor,Rain,0.314,60.0,1.158,69.48,101.0,79.9,55.6,0.5509,0.5509,0.263,3864.89,52.11,False,0.02
2026-03-21 19:00:00,2026-03-21,19,Saturday,True,Airport_Corridor,Rain,0.375,60.0,1.269,76.14,109.6,75.7,54.2,0.4948,0.4948,0.448,4128.9,57.11,False,0.02
2026-03-21 20:00:00,2026-03-21,20,Saturday,True,Airport_Corridor,Rain,0.398,60.0,1.634,98.02,160.0,77.8,59.3,0.3709,0.3709,1.056,5815.41,73.52,False,0.0367
2026-03-21 21:00:00,2026-03-21,21,Saturday,True,Airport_Corridor,Rain,0.49,60.0,2.26,135.58,201.8,65.1,57.9,0.2868,0.2868,2.099,7846.86,101.69,False,0.068
2026-03-21 22:00:00,2026-03-21,22,Saturday,True,Airport_Corridor,Rain,0.482,60.0,2.665,159.93,246.3,65.2,60.1,0.2442,0.2442,2.776,9617.0,119.95,False,0.0883
2026-03-21 23:00:00,2026-03-21,23,Saturday,True,Airport_Corridor,Rain,0.58,60.0,2.606,156.34,217.1,59.1,52.3,0.2408,0.2408,2.676,8173.5,117.25,False,0.0853
2026-03-22 00:00:00,2026-03-22,0,Sunday,True,Airport_Corridor,Clear,0.079,60.0,1.0,60.0,39.4,50.5,25.9,0.6571,0.6571,-0.22,1553.54,45.0,False,0.02
2026-03-22 01:00:00,2026-03-22,1,Sunday,True,Airport_Corridor,Clear,0.081,60.0,1.0,60.0,35.2,50.1,23.2,0.6597,0.6597,-0.297,1394.62,45.0,False,0.02
2026-03-22 02:00:00,2026-03-22,2,Sunday,True,Airport_Corridor,Clear,0.095,60.0,1.0,60.0,39.6,50.8,25.6,0.6456,0.6456,-0.221,1534.84,45.0,False,0.02
2026-03-22 03:00:00,2026-03-22,3,Sunday,True,Airport_Corridor,Clear,0.117,60.0,1.0,60.0,42.5,51.4,27.9,0.6564,0.6564,-0.172,1675.23,45.0,False,0.02
2026-03-22 04:00:00,2026-03-22,4,Sunday,True,Airport_Corridor,Clear,0.098,60.0,1.0,60.0,42.1,57.5,27.7,0.657,0.657,-0.266,1661.52,45.0,False,0.02
2026-03-22 05:00:00,2026-03-22,5,Sunday,True,Airport_Corridor,Clear,0.086,60.0,1.0,60.0,48.2,50.4,32.9,0.6825,0.6825,-0.044,1972.33,45.0,False,0.02
2026-03-22 06:00:00,2026-03-22,6,Sunday,True,Airport_Corridor,Clear,0.101,60.0,1.0,60.0,52.7,56.7,35.0,0.6633,0.6633,-0.07,2099.16,45.0,False,0.02
2026-03-22 07:00:00,2026-03-22,7,Sunday,True,Airport_Corridor,Clear,0.116,60.0,1.0,60.0,48.5,55.3,32.9,0.6772,0.6772,-0.123,1971.09,45.0,False,0.02
2026-03-22 08:00:00,2026-03-22,8,Sunday,True,Airport_Corridor,Clear,0.134,60.0,1.06,63.59,67.6,61.5,43.2,0.6385,0.6385,0.1,2745.61,47.69,False,0.02
2026-03-22 09:00:00,2026-03-22,9,Sunday,True,Airport_Corridor,Clear,0.149,60.0,1.238,74.3,95.9,68.6,51.4,0.5355,0.5355,0.397,3815.99,55.72,False,0.02
2026-03-22 10:00:00,2026-03-22,10,Sunday,True,Airport_Corridor,Clear,0.155,60.0,1.299,77.95,115.6,77.1,58.3,0.5044,0.5044,0.499,4545.17,58.46,False,0.02
2026-03-22 11:00:00,2026-03-22,11,Sunday,True,Airport_Corridor,Clear,0.278,60.0,1.447,86.81,140.0,80.3,62.1,0.4433,0.4433,0.745,5388.62,65.11,False,0.0273
2026-03-22 12:00:00,2026-03-22,12,Sunday,True,Airport_Corridor,Clear,0.365,60.0,1.709,102.53,165.0,75.7,61.1,0.3703,0.3703,1.181,6266.09,76.9,False,0.0404
2026-03-22 13:00:00,2026-03-22,13,Sunday,True,Airport_Corridor,Clear,0.354,60.0,1.724,103.44,173.0,78.4,69.8,0.4036,0.4036,1.207,7222.83,77.58,False,0.0412
2026-03-22 14:00:00,2026-03-22,14,Sunday,True,Airport_Corridor,Clear,0.385,60.0,1.725,103.53,208.5,94.4,78.9,0.3783,0.3783,1.209,8165.31,77.65,False,0.0413
2026-03-22 15:00:00,2026-03-22,15,Sunday,True,Airport_Corridor,Clear,0.282,60.0,1.572,94.35,154.2,78.9,62.0,0.4018,0.4018,0.954,5846.91,70.76,False,0.0336
2026-03-22 16:00:00,2026-03-22,16,Sunday,True,Airport_Corridor,Clear,0.249,60.0,1.284,77.02,130.5,88.6,67.4,0.5165,0.5165,0.473,5191.64,57.77,False,0.02
2026-03-22 17:00:00,2026-03-22,17,Sunday,True,Airport_Corridor,Clear,0.217,60.0,1.334,80.06,130.1,83.5,62.6,0.481,0.481,0.557,5008.57,60.05,False,0.0217
2026-03-22 18:00:00,2026-03-22,18,Sunday,True,Airport_Corridor,Clear,0.161,60.0,1.244,74.61,110.5,78.6,57.8,0.5233,0.5233,0.406,4314.67,55.96,False,0.02
2026-03-22 19:00:00,2026-03-22,19,Sunday,True,Airport_Corridor,Clear,0.215,60.0,1.36,81.57,114.4,71.5,54.6,0.4773,0.4773,0.599,4451.66,61.18,False,0.023
2026-03-22 20:00:00,2026-03-22,20,Sunday,True,Airport_Corridor,Clear,0.278,60.0,1.634,98.01,149.6,72.8,58.9,0.3938,0.3938,1.056,5774.94,73.51,False,0.0367
2026-03-22 21:00:00,2026-03-22,21,Sunday,True,Airport_Corridor,Clear,0.266,60.0,1.879,112.77,183.4,74.4,64.7,0.3527,0.3527,1.466,7295.66,84.58,False,0.049
2026-03-22 22:00:00,2026-03-22,22,Sunday,True,Airport_Corridor,Clear,0.378,60.0,2.828,169.7,238.8,59.0,57.3,0.2401,0.2401,3.047,9727.54,127.27,False,0.0964
2026-03-22 23:00:00,2026-03-22,23,Sunday,True,Airport_Corridor,Clear,0.352,60.0,2.379,142.75,206.2,62.5,59.9,0.2904,0.2904,2.299,8548.64,107.06,False,0.074
2026-03-23 00:00:00,2026-03-23,0,Monday,False,Airport_Corridor,Clear,0.068,60.0,1.0,60.0,30.3,45.2,20.8,0.6849,0.6849,-0.328,1247.16,45.0,False,0.02
2026-03-23 01:00:00,2026-03-23,1,Monday,False,Airport_Corridor,Clear,0.073,60.0,1.0,60.0,27.7,47.1,18.8,0.6773,0.6773,-0.412,1126.5,45.0,False,0.02
2026-03-23 02:00:00,2026-03-23,2,Monday,False,Airport_Corridor,Clear,0.101,60.0,1.0,60.0,34.9,49.4,23.0,0.6587,0.6587,-0.293,1380.09,45.0,False,0.02
2026-03-23 03:00:00,2026-03-23,3,Monday,False,Airport_Corridor,Clear,0.064,60.0,1.0,60.0,32.6,51.7,21.6,0.6629,0.6629,-0.369,1297.62,45.0,False,0.02
2026-03-23 04:00:00,2026-03-23,4,Monday,False,Airport_Corridor,Clear,0.032,60.0,1.0,60.0,34.2,62.4,23.0,0.6724,0.6724,-0.452,1379.53,45.0,False,0.02
2026-03-23 05:00:00,2026-03-23,5,Monday,False,Airport_Corridor,Clear,0.077,60.0,1.0,60.0,48.6,64.3,32.1,0.6608,0.6608,-0.244,1925.75,45.0,False,0.02
2026-03-23 06:00:00,2026-03-23,6,Monday,False,Airport_Corridor,Clear,0.19,60.0,1.102,66.1,90.3,77.3,54.3,0.6013,0.6013,0.169,3590.7,49.57,False,0.02
2026-03-23 07:00:00,2026-03-23,7,Monday,False,Airport_Corridor,Clear,0.259,60.0,1.496,89.76,137.1,75.0,59.8,0.4361,0.4361,0.827,5365.09,67.32,False,0.0298
2026-03-23 08:00:00,2026-03-23,8,Monday,False,Airport_Corridor,Clear,0.305,60.0,1.794,107.62,190.9,82.2,70.9,0.3712,0.3712,1.323,7624.91,80.72,False,0.0447
2026-03-23 09:00:00,2026-03-23,9,Monday,False,Airport_Corridor,Clear,0.347,60.0,1.609,96.56,163.2,81.0,64.5,0.3951,0.3951,1.015,6227.64,72.42,False,0.0355
2026-03-23 10:00:00,2026-03-23,10,Monday,False,Airport_Corridor,Clear,0.249,60.0,1.606,96.37,148.3,73.8,60.3,0.4065,0.4065,1.01,5808.51,72.28,False,0.0353
2026-03-23 11:00:00,2026-03-23,11,Monday,False,Airport_Corridor,Clear,0.138,60.0,1.14,68.4,92.0,74.6,53.0,0.576,0.576,0.233,3625.96,51.3,False,0.02
2026-03-23 12:00:00,2026-03-23,12,Monday,False,Airport_Corridor,Clear,0.089,60.0,1.0,60.0,52.1,81.2,35.4,0.6785,0.6785,-0.358,2121.73,45.0,False,0.02
2026-03-23 13:00:00,2026-03-23,13,Monday,False,Airport_Corridor,Clear,0.091,60.0,1.0,60.0,37.0,73.6,25.1,0.6783,0.6783,-0.497,1505.55,45.0,False,0.02
2026-03-23 14:00:00,2026-03-23,14,Monday,False,Airport_Corridor,Clear,0.061,60.0,1.0,60.0,39.2,74.0,26.8,0.6834,0.6834,-0.47,1607.99,45.0,False,0.02
2026-03-23 15:00:00,2026-03-23,15,Monday,False,Airport_Corridor,Clear,0.085,60.0,1.0,60.0,65.3,80.1,44.9,0.6864,0.6864,-0.184,2691.46,45.0,False,0.02
2026-03-23 16:00:00,2026-03-23,16,Monday,False,Airport_Corridor,Clear,0.188,60.0,1.358,81.46,124.8,78.2,56.6,0.454,0.454,0.596,4614.11,61.09,False,0.0229
2026-03-23 17:00:00,2026-03-23,17,Monday,False,Airport_Corridor,Clear,0.347,60.0,2.107,126.44,209.3,73.5,65.7,0.314,0.314,1.845,8308.18,94.83,False,0.0604
2026-03-23 18:00:00,2026-03-23,18,Monday,False,Airport_Corridor,Clear,0.404,60.0,2.121,127.27,241.6,84.2,78.6,0.3254,0.3254,1.869,10005.38,95.45,False,0.0611
2026-03-23 19:00:00,2026-03-23,19,Monday,False,Airport_Corridor,Clear,0.43,60.0,1.88,112.8,223.0,90.4,75.0,0.3362,0.3362,1.467,8457.98,84.6,False,0.049
2026-03-23 20:00:00,2026-03-23,20,Monday,False,Airport_Corridor,Clear,0.354,60.0,1.605,96.27,169.5,84.4,69.2,0.4083,0.4083,1.008,6663.61,72.2,False,0.0352
2026-03-23 21:00:00,2026-03-23,21,Monday,False,Airport_Corridor,Clear,0.205,60.0,1.322,79.32,111.9,72.8,54.8,0.4894,0.4894,0.537,4343.92,59.49,False,0.0211
2026-03-23 22:00:00,2026-03-23,22,Monday,False,Airport_Corridor,Clear,0.133,60.0,1.0,60.0,60.9,77.2,41.4,0.6793,0.6793,-0.211,2483.65,45.0,False,0.02
2026-03-23 23:00:00,2026-03-23,23,Monday,False,Airport_Corridor,Clear,0.069,60.0,1.0,60.0,40.2,68.2,27.8,0.6922,0.6922,-0.411,1668.98,45.0,False,0.02
2026-03-24 00:00:00,2026-03-24,0,Tuesday,False,Airport_Corridor,Rain,0.195,60.0,1.0,60.0,32.2,45.8,20.7,0.6432,0.6432,-0.298,1241.13,45.0,False,0.02
2026-03-24 01:00:00,2026-03-24,1,Tuesday,False,Airport_Corridor,Rain,0.282,60.0,1.0,60.0,35.8,49.3,22.5,0.6285,0.6285,-0.273,1350.44,45.0,False,0.02
2026-03-24 02:00:00,2026-03-24,2,Tuesday,False,Airport_Corridor,Rain,0.173,60.0,1.0,60.0,26.7,50.6,17.2,0.646,0.646,-0.472,1034.22,45.0,False,0.02
2026-03-24 03:00:00,2026-03-24,3,Tuesday,False,Airport_Corridor,Rain,0.207,60.0,1.0,60.0,37.1,56.7,23.6,0.6363,0.6363,-0.345,1417.4,45.0,False,0.02
2026-03-24 04:00:00,2026-03-24,4,Tuesday,False,Airport_Corridor,Rain,0.215,60.0,1.0,60.0,40.3,61.0,25.0,0.6192,0.6192,-0.339,1497.57,45.0,False,0.02
2026-03-24 05:00:00,2026-03-24,5,Tuesday,False,Airport_Corridor,Rain,0.232,60.0,1.0,60.0,55.9,65.0,35.7,0.6391,0.6391,-0.141,2142.3,45.0,False,0.02
2026-03-24 06:00:00,2026-03-24,6,Tuesday,False,Airport_Corridor,Rain,0.272,60.0,1.197,71.81,95.8,72.1,49.5,0.517,0.517,0.328,3555.37,53.86,False,0.02
2026-03-24 07:00:00,2026-03-24,7,Tuesday,False,Airport_Corridor,Rain,0.418,60.0,1.573,94.36,154.2,78.9,61.3,0.3972,0.3972,0.954,5779.88,70.77,False,0.0336
2026-03-24 08:00:00,2026-03-24,8,Tuesday,False,Airport_Corridor,Rain,0.441,60.0,2.019,121.15,209.9,77.8,65.4,0.3116,0.3116,1.699,7923.73,90.86,False,0.056
2026-03-24 09:00:00,2026-03-24,9,Tuesday,False,Airport_Corridor,Rain,0.5,60.0,2.082,124.91,194.5,69.4,58.5,0.301,0.301,1.803,7312.99,93.68,False,0.0591
2026-03-24 10:00:00,2026-03-24,10,Tuesday,False,Airport_Corridor,Rain,0.347,60.0,1.471,88.26,159.5,89.4,67.4,0.4225,0.4225,0.785,5947.55,66.2,False,0.0285
2026-03-24 11:00:00,2026-03-24,11,Tuesday,False,Airport_Corridor,Rain,0.317,60.0,1.109,66.54,87.2,73.8,49.0,0.5617,0.5617,0.182,3260.43,49.91,False,0.02
2026-03-24 12:00:00,2026-03-24,12,Tuesday,False,Airport_Corridor,Rain,0.226,60.0,1.0,60.0,52.2,75.1,33.6,0.6446,0.6446,-0.305,2018.33,45.0,False,0.02
2026-03-24 13:00:00,2026-03-24,13,Tuesday,False,Airport_Corridor,Rain,0.208,60.0,1.0,60.0,39.9,87.9,25.5,0.6398,0.6398,-0.546,1532.26,45.0,False,0.02
2026-03-24 14:00:00,2026-03-24,14,Tuesday,False,Airport_Corridor,Rain,0.272,60.0,1.0,60.0,47.4,77.3,30.7,0.6479,0.6479,-0.386,1844.15,45.0,False,0.02
2026-03-24 15:00:00,2026-03-24,15,Tuesday,False,Airport_Corridor,Rain,0.309,60.0,1.0,60.0,69.6,76.8,43.9,0.6309,0.6309,-0.094,2634.59,45.0,False,0.02
2026-03-24 16:00:00,2026-03-24,16,Tuesday,False,Airport_Corridor,Rain,0.344,60.0,1.203,72.16,112.0,83.8,56.4,0.5036,0.5036,0.338,4071.77,54.12,False,0.02
2026-03-24 17:00:00,2026-03-24,17,Tuesday,False,Airport_Corridor,Rain,0.462,60.0,1.726,103.58,188.0,85.1,68.1,0.3624,0.3624,1.211,7058.4,77.69,False,0.0413
2026-03-24 18:00:00,2026-03-24,18,Tuesday,False,Airport_Corridor,Rain,0.599,60.0,2.018,121.1,215.0,79.7,67.9,0.3158,0.3158,1.697,8221.93,90.82,False,0.0559
2026-03-24 19:00:00,2026-03-24,19,Tuesday,False,Airport_Corridor,Rain,0.531,60.0,2.143,128.59,244.1,84.0,72.2,0.296,0.296,1.905,9290.57,96.44,False,0.0622
2026-03-24 20:00:00,2026-03-24,20,Tuesday,False,Airport_Corridor,Rain,0.476,60.0,1.816,108.94,217.0,92.0,73.8,0.3403,0.3403,1.359,8045.14,81.7,False,0.0458
2026-03-24 21:00:00,2026-03-24,21,Tuesday,False,Airport_Corridor,Rain,0.372,60.0,1.274,76.43,117.5,80.7,55.9,0.476,0.476,0.456,4274.07,57.32,False,0.02
2026-03-24 22:00:00,2026-03-24,22,Tuesday,False,Airport_Corridor,Rain,0.281,60.0,1.0,60.0,62.9,74.6,39.9,0.635,0.635,-0.157,2395.43,45.0,False,0.02
2026-03-24 23:00:00,2026-03-24,23,Tuesday,False,Airport_Corridor,Rain,0.219,60.0,1.0,60.0,48.9,65.8,31.2,0.6374,0.6374,-0.258,1869.22,45.0,False,0.02
2026-03-25 00:00:00,2026-03-25,0,Wednesday,False,Airport_Corridor,Clear,0.061,60.0,1.0,60.0,29.6,44.8,20.1,0.6791,0.6791,-0.34,1205.1,45.0,False,0.02
2026-03-25 01:00:00,2026-03-25,1,Wednesday,False,Airport_Corridor,Clear,0.017,60.0,1.0,60.0,32.8,51.7,21.8,0.6663,0.6663,-0.367,1309.68,45.0,False,0.02
2026-03-25 02:00:00,2026-03-25,2,Wednesday,False,Airport_Corridor,Clear,0.057,60.0,1.0,60.0,31.5,50.7,21.0,0.6654,0.6654,-0.379,1257.53,45.0,False,0.02
2026-03-25 03:00:00,2026-03-25,3,Wednesday,False,Airport_Corridor,Clear,0.025,60.0,1.0,60.0,29.9,49.8,20.3,0.6792,0.6792,-0.399,1219.1,45.0,False,0.02
2026-03-25 04:00:00,2026-03-25,4,Wednesday,False,Airport_Corridor,Clear,0.041,60.0,1.0,60.0,31.3,56.5,20.7,0.6604,0.6604,-0.446,1239.77,45.0,False,0.02
2026-03-25 05:00:00,2026-03-25,5,Wednesday,False,Airport_Corridor,Clear,0.102,60.0,1.0,60.0,43.8,60.9,28.9,0.6608,0.6608,-0.281,1734.78,45.0,False,0.02
2026-03-25 06:00:00,2026-03-25,6,Wednesday,False,Airport_Corridor,Clear,0.161,60.0,1.088,65.28,76.6,66.8,48.8,0.6371,0.6371,0.147,3184.93,48.96,False,0.02
2026-03-25 07:00:00,2026-03-25,7,Wednesday,False,Airport_Corridor,Clear,0.319,60.0,1.61,96.57,133.9,66.4,54.3,0.4056,0.4056,1.016,5243.05,72.43,False,0.0355
2026-03-25 08:00:00,2026-03-25,8,Wednesday,False,Airport_Corridor,Clear,0.332,60.0,1.788,107.29,181.7,78.5,66.3,0.3651,0.3651,1.314,7117.05,80.47,False,0.0444
2026-03-25 09:00:00,2026-03-25,9,Wednesday,False,Airport_Corridor,Clear,0.326,60.0,1.946,116.75,187.7,72.9,63.1,0.3362,0.3362,1.576,7369.1,87.56,False,0.0523
2026-03-25 10:00:00,2026-03-25,10,Wednesday,False,Airport_Corridor,Clear,0.262,60.0,1.352,81.13,139.1,87.7,67.1,0.4823,0.4823,0.587,5443.89,60.85,False,0.0226
2026-03-25 11:00:00,2026-03-25,11,Wednesday,False,Airport_Corridor,Clear,0.116,60.0,1.011,60.69,81.6,80.0,51.8,0.6354,0.6354,0.019,3144.91,45.52,False,0.02
2026-03-25 12:00:00,2026-03-25,12,Wednesday,False,Airport_Corridor,Clear,0.055,60.0,1.0,60.0,47.6,78.3,31.9,0.6699,0.6699,-0.392,1913.02,45.0,False,0.02
2026-03-25 13:00:00,2026-03-25,13,Wednesday,False,Airport_Corridor,Clear,0.067,60.0,1.0,60.0,33.8,78.2,22.3,0.6593,0.6593,-0.568,1335.94,45.0,False,0.02
2026-03-25 14:00:00,2026-03-25,14,Wednesday,False,Airport_Corridor,Clear,0.075,60.0,1.0,60.0,42.0,78.7,28.3,0.6743,0.6743,-0.467,1698.57,45.0,False,0.02
2026-03-25 15:00:00,2026-03-25,15,Wednesday,False,Airport_Corridor,Clear,0.095,60.0,1.0,60.0,57.1,75.8,38.2,0.669,0.669,-0.247,2290.4,45.0,False,0.02
2026-03-25 16:00:00,2026-03-25,16,Wednesday,False,Airport_Corridor,Clear,0.247,60.0,1.111,66.63,100.8,85.1,58.3,0.578,0.578,0.184,3881.39,49.97,False,0.02
2026-03-25 17:00:00,2026-03-25,17,Wednesday,False,Airport_Corridor,Clear,0.316,60.0,1.873,112.39,195.0,79.4,68.4,0.3508,0.3508,1.455,7687.59,84.29,False,0.0487
2026-03-25 18:00:00,2026-03-25,18,Wednesday,False,Airport_Corridor,Clear,0.411,60.0,2.236,134.18,258.9,84.6,78.9,0.3045,0.3045,2.061,10580.22,100.64,False,0.0668
2026-03-25 19:00:00,2026-03-25,19,Wednesday,False,Airport_Corridor,Clear,0.389,60.0,1.751,105.07,209.4,93.0,77.3,0.3692,0.3692,1.252,8124.3,78.8,False,0.0426
2026-03-25 20:00:00,2026-03-25,20,Wednesday,False,Airport_Corridor,Clear,0.276,60.0,1.587,95.23,166.0,83.9,71.0,0.4275,0.4275,0.979,6758.77,71.42,False,0.0344
2026-03-25 21:00:00,2026-03-25,21,Wednesday,False,Airport_Corridor,Clear,0.205,60.0,1.225,73.48,118.5,86.2,62.9,0.531,0.531,0.374,4624.28,55.11,False,0.02
2026-03-25 22:00:00,2026-03-25,22,Wednesday,False,Airport_Corridor,Clear,0.136,60.0,1.024,61.45,67.9,65.3,43.5,0.6408,0.6408,0.04,2673.92,46.09,False,0.02
2026-03-25 23:00:00,2026-03-25,23,Wednesday,False,Airport_Corridor,Clear,0.038,60.0,1.0,60.0,36.3,72.1,24.3,0.6705,0.6705,-0.496,1460.63,45.0,False,0.02
2026-03-26 00:00:00,2026-03-26,0,Thursday,False,Airport_Corridor,Clear,0.087,60.0,1.0,60.0,30.4,43.7,20.6,0.6755,0.6755,-0.304,1233.98,45.0,False,0.02
2026-03-26 01:00:00,2026-03-26,1,Thursday,False,Airport_Corridor,Clear,0.05,60.0,1.0,60.0,32.5,51.9,22.1,0.679,0.679,-0.374,1323.52,45.0,False,0.02
2026-03-26 02:00:00,2026-03-26,2,Thursday,False,Airport_Corridor,Clear,0.098,60.0,1.0,60.0,34.5,48.1,22.7,0.6564,0.6564,-0.282,1360.14,45.0,False,0.02
2026-03-26 03:00:00,2026-03-26,3,Thursday,False,Airport_Corridor,Clear,0.062,60.0,1.0,60.0,27.4,57.2,18.0,0.6569,0.6569,-0.522,1078.41,45.0,False,0.02
2026-03-26 04:00:00,2026-03-26,4,Thursday,False,Airport_Corridor,Clear,0.079,60.0,1.0,60.0,36.2,57.9,24.6,0.6814,0.6814,-0.375,1478.87,45.0,False,0.02
2026-03-26 05:00:00,2026-03-26,5,Thursday,False,Airport_Corridor,Clear,0.066,60.0,1.0,60.0,49.8,59.5,33.6,0.6755,0.6755,-0.163,2018.45,45.0,False,0.02
2026-03-26 06:00:00,2026-03-26,6,Thursday,False,Airport_Corridor,Clear,0.166,60.0,1.158,69.5,83.1,65.8,47.5,0.5717,0.5717,0.264,3303.27,52.12,False,0.02
2026-03-26 07:00:00,2026-03-26,7,Thursday,False,Airport_Corridor,Clear,0.275,60.0,1.424,85.46,131.2,76.8,58.4,0.4452,0.4452,0.707,4990.67,64.09,False,0.0262
2026-03-26 08:00:00,2026-03-26,8,Thursday,False,Airport_Corridor,Clear,0.334,60.0,2.32,139.2,224.3,70.1,64.2,0.2864,0.2864,2.2,8941.12,104.4,False,0.071
2026-03-26 09:00:00,2026-03-26,9,Thursday,False,Airport_Corridor,Clear,0.365,60.0,1.986,119.15,216.6,81.9,71.6,0.3308,0.3308,1.643,8535.72,89.36,False,0.0543
2026-03-26 10:00:00,2026-03-26,10,Thursday,False,Airport_Corridor,Clear,0.281,60.0,1.452,87.1,141.9,81.0,63.9,0.4501,0.4501,0.753,5564.3,65.32,False,0.0276
2026-03-26 11:00:00,2026-03-26,11,Thursday,False,Airport_Corridor,Clear,0.174,60.0,1.132,67.92,83.9,68.8,48.2,0.575,0.575,0.22,3276.82,50.94,False,0.02
2026-03-26 12:00:00,2026-03-26,12,Thursday,False,Airport_Corridor,Clear,0.124,60.0,1.0,60.0,59.6,66.1,40.0,0.6709,0.6709,-0.098,2398.53,45.0,False,0.02
2026-03-26 13:00:00,2026-03-26,13,Thursday,False,Airport_Corridor,Clear,0.084,60.0,1.0,60.0,37.2,75.2,25.2,0.6769,0.6769,-0.506,1509.16,45.0,False,0.02
2026-03-26 14:00:00,2026-03-26,14,Thursday,False,Airport_Corridor,Clear,0.082,60.0,1.0,60.0,39.1,90.3,26.4,0.675,0.675,-0.567,1585.29,45.0,False,0.02
2026-03-26 15:00:00,2026-03-26,15,Thursday,False,Airport_Corridor,Clear,0.122,60.0,1.0,60.0,63.7,69.8,41.8,0.6556,0.6556,-0.087,2506.41,45.0,False,0.02
2026-03-26 16:00:00,2026-03-26,16,Thursday,False,Airport_Corridor,Clear,0.172,60.0,1.155,69.28,110.8,88.1,62.0,0.5599,0.5599,0.258,4297.26,51.96,False,0.02
2026-03-26 17:00:00,2026-03-26,17,Thursday,False,Airport_Corridor,Clear,0.318,60.0,1.508,90.51,157.6,85.3,69.0,0.4375,0.4375,0.847,6243.08,67.88,False,0.0304
2026-03-26 18:00:00,2026-03-26,18,Thursday,False,Airport_Corridor,Clear,0.414,60.0,1.92,115.2,219.0,86.5,73.2,0.3341,0.3341,1.533,8430.68,86.4,False,0.051
2026-03-26 19:00:00,2026-03-26,19,Thursday,False,Airport_Corridor,Clear,0.429,60.0,2.085,125.08,250.4,89.2,81.0,0.3234,0.3234,1.808,10126.94,93.81,False,0.0592
2026-03-26 20:00:00,2026-03-26,20,Thursday,False,Airport_Corridor,Clear,0.296,60.0,1.629,97.72,187.9,91.7,77.2,0.4107,0.4107,1.048,7540.31,73.29,False,0.0364
2026-03-26 21:00:00,2026-03-26,21,Thursday,False,Airport_Corridor,Clear,0.2,60.0,1.171,70.26,102.3,79.6,57.6,0.563,0.563,0.285,4047.18,52.7,False,0.02
2026-03-26 22:00:00,2026-03-26,22,Thursday,False,Airport_Corridor,Clear,0.101,60.0,1.0,60.0,64.5,73.2,41.5,0.6435,0.6435,-0.119,2489.99,45.0,False,0.02
2026-03-26 23:00:00,2026-03-26,23,Thursday,False,Airport_Corridor,Clear,0.034,60.0,1.0,60.0,37.9,65.8,25.6,0.6758,0.6758,-0.425,1536.06,45.0,False,0.02
2026-03-27 00:00:00,2026-03-27,0,Friday,False,Airport_Corridor,Clear,0.021,60.0,1.0,60.0,34.5,44.3,23.1,0.6676,0.6676,-0.221,1383.9,45.0,False,0.02
2026-03-27 01:00:00,2026-03-27,1,Friday,False,Airport_Corridor,Clear,0.034,60.0,1.0,60.0,36.0,40.6,24.4,0.6777,0.6777,-0.113,1464.34,45.0,False,0.02
2026-03-27 02:00:00,2026-03-27,2,Friday,False,Airport_Corridor,Clear,0.046,60.0,1.0,60.0,38.3,51.8,24.7,0.6444,0.6444,-0.262,1479.39,45.0,False,0.02
2026-03-27 03:00:00,2026-03-27,3,Friday,False,Airport_Corridor,Clear,0.025,60.0,1.0,60.0,33.4,51.9,22.0,0.6592,0.6592,-0.357,1319.66,45.0,False,0.02
2026-03-27 04:00:00,2026-03-27,4,Friday,False,Airport_Corridor,Clear,0.004,60.0,1.0,60.0,37.7,61.8,24.8,0.6592,0.6592,-0.39,1490.5,45.0,False,0.02
2026-03-27 05:00:00,2026-03-27,5,Friday,False,Airport_Corridor,Clear,0.073,60.0,1.0,60.0,41.4,70.6,27.1,0.6537,0.6537,-0.413,1624.4,45.0,False,0.02
2026-03-27 06:00:00,2026-03-27,6,Friday,False,Airport_Corridor,Clear,0.15,60.0,1.22,73.22,91.7,67.1,49.5,0.54,0.54,0.367,3625.6,54.91,False,0.02
2026-03-27 07:00:00,2026-03-27,7,Friday,False,Airport_Corridor,Clear,0.269,60.0,1.573,94.36,144.8,74.1,60.4,0.417,0.417,0.954,5696.17,70.77,False,0.0336
2026-03-27 08:00:00,2026-03-27,8,Friday,False,Airport_Corridor,Clear,0.384,60.0,2.157,129.39,215.9,73.8,68.1,0.3153,0.3153,1.928,8808.91,97.04,False,0.0628
2026-03-27 09:00:00,2026-03-27,9,Friday,False,Airport_Corridor,Clear,0.376,60.0,1.925,115.48,201.2,79.2,70.6,0.3507,0.3507,1.541,8148.7,86.61,False,0.0512
2026-03-27 10:00:00,2026-03-27,10,Friday,False,Airport_Corridor,Clear,0.261,60.0,1.433,86.01,132.0,76.6,61.0,0.462,0.462,0.722,5245.57,64.51,False,0.0267
2026-03-27 11:00:00,2026-03-27,11,Friday,False,Airport_Corridor,Clear,0.126,60.0,1.011,60.64,89.3,87.7,60.8,0.6813,0.6813,0.018,3687.76,45.48,False,0.02
2026-03-27 12:00:00,2026-03-27,12,Friday,False,Airport_Corridor,Clear,0.154,60.0,1.0,60.0,49.2,78.1,33.2,0.6735,0.6735,-0.37,1989.24,45.0,False,0.02
2026-03-27 13:00:00,2026-03-27,13,Friday,False,Airport_Corridor,Clear,0.108,60.0,1.0,60.0,39.1,76.7,26.6,0.6811,0.6811,-0.49,1598.95,45.0,False,0.02
2026-03-27 14:00:00,2026-03-27,14,Friday,False,Airport_Corridor,Clear,0.099,60.0,1.0,60.0,42.2,73.4,28.4,0.674,0.674,-0.426,1705.47,45.0,False,0.02
2026-03-27 15:00:00,2026-03-27,15,Friday,False,Airport_Corridor,Clear,0.137,60.0,1.0,60.0,59.4,78.1,38.7,0.6514,0.6514,-0.24,2321.98,45.0,False,0.02
2026-03-27 16:00:00,2026-03-27,16,Friday,False,Airport_Corridor,Clear,0.245,60.0,1.137,68.23,111.3,90.6,64.1,0.5761,0.5761,0.229,4374.55,51.17,False,0.02
2026-03-27 17:00:00,2026-03-27,17,Friday,False,Airport_Corridor,Clear,0.319,60.0,1.669,100.16,160.9,76.0,62.0,0.3852,0.3852,1.116,6205.86,75.12,False,0.0385
2026-03-27 18:00:00,2026-03-27,18,Friday,False,Airport_Corridor,Clear,0.412,60.0,2.243,134.59,238.2,77.5,71.9,0.3019,0.3019,2.072,9681.34,100.94,False,0.0672
2026-03-27 19:00:00,2026-03-27,19,Friday,False,Airport_Corridor,Clear,0.443,60.0,2.074,124.43,229.7,82.3,74.8,0.3256,0.3256,1.79,9306.06,93.32,False,0.0587
2026-03-27 20:00:00,2026-03-27,20,Friday,False,Airport_Corridor,Clear,0.326,60.0,1.731,103.86,185.8,83.8,70.2,0.3778,0.3778,1.218,7289.59,77.89,False,0.0415
2026-03-27 21:00:00,2026-03-27,21,Friday,False,Airport_Corridor,Clear,0.234,60.0,1.084,65.04,93.2,81.7,55.0,0.5905,0.5905,0.14,3578.67,48.78,False,0.02
2026-03-27 22:00:00,2026-03-27,22,Friday,False,Airport_Corridor,Clear,0.115,60.0,1.0,60.0,63.3,77.2,42.0,0.664,0.664,-0.18,2520.7,45.0,False,0.02
2026-03-27 23:00:00,2026-03-27,23,Friday,False,Airport_Corridor,Clear,0.097,60.0,1.0,60.0,41.3,69.6,27.2,0.6574,0.6574,-0.406,1629.33,45.0,False,0.02
2026-03-28 00:00:00,2026-03-28,0,Saturday,True,Airport_Corridor,Clear,0.067,60.0,1.028,61.67,47.7,45.6,31.4,0.6588,0.6588,0.046,1938.4,46.25,False,0.02
2026-03-28 01:00:00,2026-03-28,1,Saturday,True,Airport_Corridor,Clear,0.066,60.0,1.0,60.0,40.9,51.5,27.4,0.6707,0.6707,-0.205,1645.95,45.0,False,0.02
2026-03-28 02:00:00,2026-03-28,2,Saturday,True,Airport_Corridor,Clear,0.081,60.0,1.0,60.0,32.0,49.2,22.0,0.6881,0.6881,-0.349,1321.19,45.0,False,0.02
2026-03-28 03:00:00,2026-03-28,3,Saturday,True,Airport_Corridor,Clear,0.077,60.0,1.0,60.0,46.3,51.8,31.4,0.6777,0.6777,-0.107,1882.31,45.0,False,0.02
2026-03-28 04:00:00,2026-03-28,4,Saturday,True,Airport_Corridor,Clear,0.096,60.0,1.0,60.0,40.1,53.0,27.0,0.6734,0.6734,-0.243,1621.11,45.0,False,0.02
2026-03-28 05:00:00,2026-03-28,5,Saturday,True,Airport_Corridor,Clear,0.061,60.0,1.0,60.0,40.8,51.3,27.2,0.6669,0.6669,-0.205,1631.44,45.0,False,0.02
2026-03-28 06:00:00,2026-03-28,6,Saturday,True,Airport_Corridor,Clear,0.063,60.0,1.0,60.0,39.6,58.8,26.3,0.6644,0.6644,-0.328,1576.64,45.0,False,0.02
2026-03-28 07:00:00,2026-03-28,7,Saturday,True,Airport_Corridor,Clear,0.118,60.0,1.005,60.32,52.2,51.7,33.8,0.6482,0.6482,0.009,2040.65,45.24,False,0.02
2026-03-28 08:00:00,2026-03-28,8,Saturday,True,Airport_Corridor,Clear,0.153,60.0,1.205,72.32,75.2,56.0,41.9,0.5576,0.5576,0.342,3033.24,54.24,False,0.02
2026-03-28 09:00:00,2026-03-28,9,Saturday,True,Airport_Corridor,Clear,0.203,60.0,1.259,75.56,99.1,69.2,51.4,0.5188,0.5188,0.432,3886.16,56.67,False,0.02
2026-03-28 10:00:00,2026-03-28,10,Saturday,True,Airport_Corridor,Clear,0.186,60.0,1.33,79.79,119.0,76.8,57.3,0.4814,0.4814,0.55,4571.95,59.84,False,0.0215
2026-03-28 11:00:00,2026-03-28,11,Saturday,True,Airport_Corridor,Clear,0.271,60.0,1.57,94.2,156.2,80.1,66.5,0.4257,0.4257,0.95,6265.99,70.65,False,0.0335
2026-03-28 12:00:00,2026-03-28,12,Saturday,True,Airport_Corridor,Clear,0.349,60.0,1.603,96.17,152.7,76.2,62.8,0.4113,0.4113,1.005,6039.7,72.13,False,0.0351
2026-03-28 13:00:00,2026-03-28,13,Saturday,True,Airport_Corridor,Clear,0.357,60.0,1.668,100.1,183.7,86.9,74.4,0.4052,0.4052,1.114,7452.41,75.07,False,0.0384
2026-03-28 14:00:00,2026-03-28,14,Saturday,True,Airport_Corridor,Clear,0.31,60.0,1.535,92.09,180.3,95.3,77.4,0.4293,0.4293,0.891,7128.15,69.07,False,0.0317
2026-03-28 15:00:00,2026-03-28,15,Saturday,True,Airport_Corridor,Clear,0.315,60.0,1.552,93.14,173.7,90.4,75.3,0.4335,0.4335,0.921,7012.52,69.86,False,0.0326
2026-03-28 16:00:00,2026-03-28,16,Saturday,True,Airport_Corridor,Clear,0.287,60.0,1.555,93.32,144.1,74.8,61.9,0.4296,0.4296,0.926,5775.34,69.99,False,0.0328
2026-03-28 17:00:00,2026-03-28,17,Saturday,True,Airport_Corridor,Clear,0.194,60.0,1.419,85.17,139.4,82.1,62.7,0.4496,0.4496,0.699,5339.19,63.88,False,0.026
2026-03-28 18:00:00,2026-03-28,18,Saturday,True,Airport_Corridor,Clear,0.22,60.0,1.171,70.24,103.3,80.4,58.4,0.5653,0.5653,0.284,4100.51,52.68,False,0.02
2026-03-28 19:00:00,2026-03-28,19,Saturday,True,Airport_Corridor,Clear,0.238,60.0,1.34,80.42,120.6,76.9,57.5,0.4766,0.4766,0.567,4622.46,60.31,False,0.022
2026-03-28 20:00:00,2026-03-28,20,Saturday,True,Airport_Corridor,Clear,0.286,60.0,1.645,98.68,150.8,72.7,59.1,0.3919,0.3919,1.074,5831.09,74.01,False,0.0372
2026-03-28 21:00:00,2026-03-28,21,Saturday,True,Airport_Corridor,Clear,0.324,60.0,2.185,131.07,190.8,64.1,59.6,0.3122,0.3122,1.974,7806.27,98.3,False,0.0642
2026-03-28 22:00:00,2026-03-28,22,Saturday,True,Airport_Corridor,Clear,0.346,60.0,2.725,163.51,224.6,58.0,55.8,0.2483,0.2483,2.875,9119.65,122.63,False,0.0913
2026-03-28 23:00:00,2026-03-28,23,Saturday,True,Airport_Corridor,Clear,0.388,60.0,2.381,142.84,201.0,60.9,56.6,0.2818,0.2818,2.301,8091.65,107.13,False,0.074
2026-03-29 00:00:00,2026-03-29,0,Sunday,True,Airport_Corridor,Clear,0.033,60.0,1.0,60.0,42.1,49.7,27.7,0.6593,0.6593,-0.153,1664.32,45.0,False,0.02
2026-03-29 01:00:00,2026-03-29,1,Sunday,True,Airport_Corridor,Clear,0.068,60.0,1.0,60.0,46.2,55.9,30.6,0.6622,0.6622,-0.173,1836.78,45.0,False,0.02
2026-03-29 02:00:00,2026-03-29,2,Sunday,True,Airport_Corridor,Clear,0.069,60.0,1.0,60.0,43.6,55.2,29.4,0.6735,0.6735,-0.21,1762.03,45.0,False,0.02
2026-03-29 03:00:00,2026-03-29,3,Sunday,True,Airport_Corridor,Clear,0.038,60.0,1.0,60.0,40.4,49.6,27.8,0.6866,0.6866,-0.185,1665.98,45.0,False,0.02
2026-03-29 04:00:00,2026-03-29,4,Sunday,True,Airport_Corridor,Clear,0.078,60.0,1.0,60.0,35.8,56.6,24.0,0.6718,0.6718,-0.368,1441.17,45.0,False,0.02
2026-03-29 05:00:00,2026-03-29,5,Sunday,True,Airport_Corridor,Clear,0.086,60.0,1.0,60.0,46.6,55.7,31.0,0.6668,0.6668,-0.164,1862.88,45.0,False,0.02
2026-03-29 06:00:00,2026-03-29,6,Sunday,True,Airport_Corridor,Clear,0.082,60.0,1.0,60.0,50.9,52.9,33.5,0.6588,0.6588,-0.038,2011.53,45.0,False,0.02
2026-03-29 07:00:00,2026-03-29,7,Sunday,True,Airport_Corridor,Clear,0.143,60.0,1.066,63.94,56.6,51.1,35.5,0.6271,0.6271,0.109,2271.38,47.95,False,0.02
2026-03-29 08:00:00,2026-03-29,8,Sunday,True,Airport_Corridor,Clear,0.12,60.0,1.008,60.48,62.7,61.9,41.3,0.6584,0.6584,0.013,2496.1,45.36,False,0.02
2026-03-29 09:00:00,2026-03-29,9,Sunday,True,Airport_Corridor,Clear,0.128,60.0,1.187,71.21,92.4,70.4,50.9,0.5511,0.5511,0.311,3624.62,53.41,False,0.02
2026-03-29 10:00:00,2026-03-29,10,Sunday,True,Airport_Corridor,Clear,0.19,60.0,1.492,89.52,121.5,66.8,54.6,0.4495,0.4495,0.82,4888.62,67.14,False,0.0296
2026-03-29 11:00:00,2026-03-29,11,Sunday,True,Airport_Corridor,Clear,0.295,60.0,1.712,102.75,148.4,67.9,57.2,0.3853,0.3853,1.187,5876.02,77.06,False,0.0406
2026-03-29 12:00:00,2026-03-29,12,Sunday,True,Airport_Corridor,Clear,0.351,60.0,1.711,102.68,165.6,75.7,63.8,0.3852,0.3852,1.186,6548.11,77.01,False,0.0406
2026-03-29 13:00:00,2026-03-29,13,Sunday,True,Airport_Corridor,Clear,0.304,60.0,1.717,102.99,170.6,77.7,64.2,0.3762,0.3762,1.194,6607.6,77.24,False,0.0408
2026-03-29 14:00:00,2026-03-29,14,Sunday,True,Airport_Corridor,Clear,0.347,60.0,1.65,98.98,173.3,83.2,70.5,0.4068,0.4068,1.083,6980.01,74.23,False,0.0375
2026-03-29 15:00:00,2026-03-29,15,Sunday,True,Airport_Corridor,Clear,0.309,60.0,1.741,104.47,181.6,81.2,67.4,0.3712,0.3712,1.235,7042.51,78.35,False,0.0421
2026-03-29 16:00:00,2026-03-29,16,Sunday,True,Airport_Corridor,Clear,0.261,60.0,1.32,79.21,129.0,84.1,63.4,0.4917,0.4917,0.534,5023.36,59.41,False,0.021
2026-03-29 17:00:00,2026-03-29,17,Sunday,True,Airport_Corridor,Clear,0.244,60.0,1.327,79.65,136.9,88.6,68.9,0.503,0.503,0.546,5484.44,59.74,False,0.0214
2026-03-29 18:00:00,2026-03-29,18,Sunday,True,Airport_Corridor,Clear,0.213,60.0,1.301,78.06,105.2,70.1,52.8,0.5019,0.5019,0.502,4121.94,58.55,False,0.02
2026-03-29 19:00:00,2026-03-29,19,Sunday,True,Airport_Corridor,Clear,0.194,60.0,1.295,77.71,111.1,74.5,56.7,0.5103,0.5103,0.492,4406.29,58.28,False,0.02
2026-03-29 20:00:00,2026-03-29,20,Sunday,True,Airport_Corridor,Clear,0.253,60.0,1.428,85.69,129.4,75.5,59.0,0.4563,0.4563,0.714,5059.89,64.27,False,0.0264
2026-03-29 21:00:00,2026-03-29,21,Sunday,True,Airport_Corridor,Clear,0.364,60.0,2.374,142.46,195.9,59.5,56.0,0.2857,0.2857,2.291,7971.28,106.84,False,0.0737
2026-03-29 22:00:00,2026-03-29,22,Sunday,True,Airport_Corridor,Clear,0.374,60.0,2.415,144.88,221.6,66.0,63.3,0.2856,0.2856,2.358,9171.28,108.66,False,0.0757
2026-03-29 23:00:00,2026-03-29,23,Sunday,True,Airport_Corridor,Clear,0.357,60.0,2.202,132.1,173.6,57.8,53.2,0.3066,0.3066,2.003,7029.6,99.07,False,0.0651
2026-03-30 00:00:00,2026-03-30,0,Monday,False,Airport_Corridor,Clear,0.073,60.0,1.0,60.0,27.8,47.7,18.9,0.6799,0.6799,-0.418,1133.22,45.0,False,0.02
2026-03-30 01:00:00,2026-03-30,1,Monday,False,Airport_Corridor,Clear,0.09,60.0,1.0,60.0,28.9,46.4,20.4,0.7078,0.7078,-0.378,1226.58,45.0,False,0.02
2026-03-30 02:00:00,2026-03-30,2,Monday,False,Airport_Corridor,Clear,0.003,60.0,1.0,60.0,34.9,47.7,23.5,0.6746,0.6746,-0.268,1412.8,45.0,False,0.02
2026-03-30 03:00:00,2026-03-30,3,Monday,False,Airport_Corridor,Clear,0.04,60.0,1.0,60.0,31.0,55.4,20.9,0.6748,0.6748,-0.439,1256.6,45.0,False,0.02
2026-03-30 04:00:00,2026-03-30,4,Monday,False,Airport_Corridor,Clear,0.032,60.0,1.0,60.0,36.5,62.6,23.9,0.6534,0.6534,-0.416,1431.62,45.0,False,0.02
2026-03-30 05:00:00,2026-03-30,5,Monday,False,Airport_Corridor,Clear,0.056,60.0,1.0,60.0,48.3,63.1,32.8,0.6799,0.6799,-0.234,1969.83,45.0,False,0.02
2026-03-30 06:00:00,2026-03-30,6,Monday,False,Airport_Corridor,Clear,0.139,60.0,1.068,64.07,77.1,69.3,47.8,0.6205,0.6205,0.113,3065.65,48.05,False,0.02
2026-03-30 07:00:00,2026-03-30,7,Monday,False,Airport_Corridor,Clear,0.282,60.0,1.478,88.69,128.3,71.4,57.1,0.4451,0.4451,0.797,5065.77,66.52,False,0.0289
2026-03-30 08:00:00,2026-03-30,8,Monday,False,Airport_Corridor,Clear,0.318,60.0,1.855,111.29,169.7,70.0,61.2,0.3604,0.3604,1.425,6807.26,83.47,False,0.0477
2026-03-30 09:00:00,2026-03-30,9,Monday,False,Airport_Corridor,Clear,0.396,60.0,2.064,123.85,207.8,74.9,66.9,0.3222,0.3222,1.774,8290.79,92.89,False,0.0582
2026-03-30 10:00:00,2026-03-30,10,Monday,False,Airport_Corridor,Clear,0.231,60.0,1.738,104.26,156.4,70.1,59.1,0.3782,0.3782,1.23,6165.88,78.2,False,0.0419
2026-03-30 11:00:00,2026-03-30,11,Monday,False,Airport_Corridor,Clear,0.153,60.0,1.0,60.0,76.4,80.7,52.5,0.6867,0.6867,-0.053,3147.15,45.0,False,0.02
2026-03-30 12:00:00,2026-03-30,12,Monday,False,Airport_Corridor,Clear,0.092,60.0,1.0,60.0,44.3,72.2,30.9,0.6979,0.6979,-0.386,1856.09,45.0,False,0.02
2026-03-30 13:00:00,2026-03-30,13,Monday,False,Airport_Corridor,Clear,0.07,60.0,1.0,60.0,39.1,82.9,25.8,0.6596,0.6596,-0.528,1547.87,45.0,False,0.02
2026-03-30 14:00:00,2026-03-30,14,Monday,False,Airport_Corridor,Clear,0.072,60.0,1.0,60.0,46.1,82.3,29.7,0.6446,0.6446,-0.439,1784.11,45.0,False,0.02
2026-03-30 15:00:00,2026-03-30,15,Monday,False,Airport_Corridor,Clear,0.119,60.0,1.0,60.0,61.7,79.0,41.1,0.6666,0.6666,-0.219,2468.46,45.0,False,0.02
2026-03-30 16:00:00,2026-03-30,16,Monday,False,Airport_Corridor,Clear,0.2,60.0,1.093,65.55,104.2,90.3,62.1,0.5964,0.5964,0.154,4073.71,49.16,False,0.02
2026-03-30 17:00:00,2026-03-30,17,Monday,False,Airport_Corridor,Clear,0.304,60.0,1.823,109.36,190.6,80.4,69.5,0.3648,0.3648,1.371,7602.9,82.02,False,0.0461
2026-03-30 18:00:00,2026-03-30,18,Monday,False,Airport_Corridor,Clear,0.421,60.0,1.911,114.64,218.6,86.8,73.0,0.3342,0.3342,1.518,8374.04,85.98,False,0.0505
2026-03-30 19:00:00,2026-03-30,19,Monday,False,Airport_Corridor,Clear,0.513,60.0,1.763,105.75,197.1,86.8,74.2,0.3768,0.3768,1.271,7851.27,79.31,False,0.0431
2026-03-30 20:00:00,2026-03-30,20,Monday,False,Airport_Corridor,Clear,0.332,60.0,1.762,105.73,187.5,82.6,69.0,0.3678,0.3678,1.27,7293.53,79.3,False,0.0431
2026-03-30 21:00:00,2026-03-30,21,Monday,False,Airport_Corridor,Clear,0.195,60.0,1.275,76.48,118.6,81.4,62.1,0.5236,0.5236,0.458,4750.15,57.36,False,0.02
2026-03-30 22:00:00,2026-03-30,22,Monday,False,Airport_Corridor,Clear,0.155,60.0,1.0,60.0,61.3,77.5,40.1,0.6537,0.6537,-0.209,2405.02,45.0,False,0.02
2026-03-30 23:00:00,2026-03-30,23,Monday,False,Airport_Corridor,Clear,0.065,60.0,1.0,60.0,41.4,62.6,27.3,0.6596,0.6596,-0.338,1638.98,45.0,False,0.02
2026-03-31 00:00:00,2026-03-31,0,Tuesday,False,Airport_Corridor,Clear,0.043,60.0,1.0,60.0,30.7,42.8,20.9,0.681,0.681,-0.284,1252.45,45.0,False,0.02
2026-03-31 01:00:00,2026-03-31,1,Tuesday,False,Airport_Corridor,Clear,0.079,60.0,1.0,60.0,30.9,45.8,20.7,0.6693,0.6693,-0.326,1240.26,45.0,False,0.02
2026-03-31 02:00:00,2026-03-31,2,Tuesday,False,Airport_Corridor,Clear,0.073,60.0,1.0,60.0,37.8,50.1,25.4,0.6718,0.6718,-0.245,1525.57,45.0,False,0.02
2026-03-31 03:00:00,2026-03-31,3,Tuesday,False,Airport_Corridor,Clear,0.011,60.0,1.0,60.0,36.3,56.5,24.1,0.6626,0.6626,-0.357,1443.67,45.0,False,0.02
2026-03-31 04:00:00,2026-03-31,4,Tuesday,False,Airport_Corridor,Clear,0.073,60.0,1.0,60.0,34.9,58.9,23.3,0.6659,0.6659,-0.406,1396.18,45.0,False,0.02
2026-03-31 05:00:00,2026-03-31,5,Tuesday,False,Airport_Corridor,Clear,0.071,60.0,1.0,60.0,37.2,62.7,25.6,0.6879,0.6879,-0.408,1533.77,45.0,False,0.02
2026-03-31 06:00:00,2026-03-31,6,Tuesday,False,Airport_Corridor,Clear,0.15,60.0,1.244,74.66,86.4,61.4,46.0,0.5321,0.5321,0.407,3432.3,55.99,False,0.02
2026-03-31 07:00:00,2026-03-31,7,Tuesday,False,Airport_Corridor,Clear,0.249,60.0,1.766,105.96,159.5,70.0,57.3,0.3596,0.3596,1.277,6076.32,79.47,False,0.0433
2026-03-31 08:00:00,2026-03-31,8,Tuesday,False,Airport_Corridor,Clear,0.382,60.0,1.983,118.99,205.2,77.8,67.8,0.3302,0.3302,1.639,8061.85,89.24,False,0.0542
2026-03-31 09:00:00,2026-03-31,9,Tuesday,False,Airport_Corridor,Clear,0.348,60.0,1.764,105.85,166.2,73.1,59.4,0.3572,0.3572,1.273,6283.58,79.39,False,0.0432
2026-03-31 10:00:00,2026-03-31,10,Tuesday,False,Airport_Corridor,Clear,0.252,60.0,1.482,88.91,140.2,77.8,60.7,0.4332,0.4332,0.803,5400.82,66.68,False,0.0291
2026-03-31 11:00:00,2026-03-31,11,Tuesday,False,Airport_Corridor,Clear,0.127,60.0,1.0,60.0,73.7,84.7,49.0,0.6651,0.6651,-0.13,2941.37,45.0,False,0.02
2026-03-31 12:00:00,2026-03-31,12,Tuesday,False,Airport_Corridor,Clear,0.093,60.0,1.0,60.0,42.7,79.3,28.7,0.6732,0.6732,-0.461,1724.79,45.0,False,0.02
2026-03-31 13:00:00,2026-03-31,13,Tuesday,False,Airport_Corridor,Clear,0.05,60.0,1.0,60.0,30.7,75.7,20.2,0.6597,0.6597,-0.595,1214.83,45.0,False,0.02
2026-03-31 14:00:00,2026-03-31,14,Tuesday,False,Airport_Corridor,Clear,0.058,60.0,1.0,60.0,36.8,82.8,25.3,0.6861,0.6861,-0.555,1515.1,45.0,False,0.02
2026-03-31 15:00:00,2026-03-31,15,Tuesday,False,Airport_Corridor,Clear,0.127,60.0,1.0,60.0,63.0,80.5,42.5,0.675,0.675,-0.217,2551.61,45.0,False,0.02
2026-03-31 16:00:00,2026-03-31,16,Tuesday,False,Airport_Corridor,Clear,0.23,60.0,1.246,74.74,114.8,81.4,63.3,0.5518,0.5518,0.409,4734.23,56.05,False,0.02
2026-03-31 17:00:00,2026-03-31,17,Tuesday,False,Airport_Corridor,Clear,0.313,60.0,1.502,90.09,160.8,87.6,69.9,0.4347,0.4347,0.836,6298.55,67.57,False,0.0301
2026-03-31 18:00:00,2026-03-31,18,Tuesday,False,Airport_Corridor,Clear,0.42,60.0,1.747,104.8,197.3,87.9,74.2,0.376,0.376,1.244,7774.09,78.6,False,0.0423
2026-03-31 19:00:00,2026-03-31,19,Tuesday,False,Airport_Corridor,Clear,0.479,60.0,1.832,109.91,218.3,91.5,77.3,0.3541,0.3541,1.386,8496.86,82.43,False,0.0466
2026-03-31 20:00:00,2026-03-31,20,Tuesday,False,Airport_Corridor,Clear,0.355,60.0,1.903,114.2,199.0,79.4,67.8,0.3405,0.3405,1.506,7737.7,85.65,False,0.0502
2026-03-31 21:00:00,2026-03-31,21,Tuesday,False,Airport_Corridor,Clear,0.187,60.0,1.182,70.94,114.0,87.4,64.7,0.5671,0.5671,0.304,4586.63,53.2,False,0.02
2026-03-31 22:00:00,2026-03-31,22,Tuesday,False,Airport_Corridor,Clear,0.145,60.0,1.0,60.0,66.6,73.1,44.5,0.6679,0.6679,-0.089,2668.83,45.0,False,0.02
2026-03-31 23:00:00,2026-03-31,23,Tuesday,False,Airport_Corridor,Clear,0.065,60.0,1.0,60.0,40.2,65.9,27.0,0.6725,0.6725,-0.39,1622.42,45.0,False,0.02
2026-01-01 00:00:00,2026-01-01,0,Thursday,False,Downtown_CBD,Rain,0.223,60.0,1.0,60.0,55.8,73.2,35.3,0.6317,0.6317,-0.237,2116.01,45.0,False,0.02
2026-01-01 01:00:00,2026-01-01,1,Thursday,False,Downtown_CBD,Rain,0.158,60.0,1.0,60.0,47.7,67.6,29.9,0.6283,0.6283,-0.295,1796.94,45.0,False,0.02
2026-01-01 02:00:00,2026-01-01,2,Thursday,False,Downtown_CBD,Rain,0.197,60.0,1.0,60.0,59.6,76.2,37.7,0.632,0.632,-0.218,2259.41,45.0,False,0.02
2026-01-01 03:00:00,2026-01-01,3,Thursday,False,Downtown_CBD,Rain,0.181,60.0,1.0,60.0,53.2,88.1,33.6,0.6306,0.6306,-0.396,2013.33,45.0,False,0.02
2026-01-01 04:00:00,2026-01-01,4,Thursday,False,Downtown_CBD,Rain,0.197,60.0,1.0,60.0,52.6,91.6,33.4,0.6349,0.6349,-0.426,2004.42,45.0,False,0.02
2026-01-01 05:00:00,2026-01-01,5,Thursday,False,Downtown_CBD,Rain,0.285,60.0,1.0,60.0,79.1,93.4,51.1,0.6462,0.6462,-0.153,3066.94,45.0,False,0.02
2026-01-01 06:00:00,2026-01-01,6,Thursday,False,Downtown_CBD,Rain,0.327,60.0,1.138,68.26,144.2,117.3,77.5,0.5372,0.5372,0.229,5288.85,51.2,False,0.02
2026-01-01 07:00:00,2026-01-01,7,Thursday,False,Downtown_CBD,Rain,0.401,60.0,1.482,88.91,215.7,119.7,88.0,0.408,0.408,0.803,7826.27,66.68,False,0.0291
2026-01-01 08:00:00,2026-01-01,8,Thursday,False,Downtown_CBD,Rain,0.519,60.0,1.974,118.43,354.9,135.3,117.2,0.3302,0.3302,1.623,13877.56,88.82,False,0.0537
2026-01-01 09:00:00,2026-01-01,9,Thursday,False,Downtown_CBD,Rain,0.446,60.0,2.129,127.76,339.7,117.9,99.3,0.2923,0.2923,1.882,12685.82,95.82,False,0.0615
2026-01-01 10:00:00,2026-01-01,10,Thursday,False,Downtown_CBD,Rain,0.444,60.0,1.594,95.64,245.5,123.4,92.3,0.376,0.376,0.99,8828.61,71.73,False,0.0347
2026-01-01 11:00:00,2026-01-01,11,Thursday,False,Downtown_CBD,Rain,0.3,60.0,1.172,70.33,160.1,124.4,85.2,0.5319,0.5319,0.287,5989.82,52.75,False,0.02
2026-01-01 12:00:00,2026-01-01,12,Thursday,False,Downtown_CBD,Rain,0.209,60.0,1.0,60.0,76.5,137.3,48.4,0.6328,0.6328,-0.443,2902.71,45.0,False,0.02
2026-01-01 13:00:00,2026-01-01,13,Thursday,False,Downtown_CBD,Rain,0.246,60.0,1.0,60.0,64.8,119.7,41.0,0.6332,0.6332,-0.459,2460.43,45.0,False,0.02
2026-01-01 14:00:00,2026-01-01,14,Thursday,False,Downtown_CBD,Rain,0.212,60.0,1.0,60.0,63.4,112.1,41.2,0.6502,0.6502,-0.435,2471.96,45.0,False,0.02
2026-01-01 15:00:00,2026-01-01,15,Thursday,False,Downtown_CBD,Rain,0.263,60.0,1.0,60.0,109.9,133.6,70.4,0.6402,0.6402,-0.177,4222.19,45.0,False,0.02
2026-01-01 16:00:00,2026-01-01,16,Thursday,False,Downtown_CBD,Rain,0.367,60.0,1.386,83.14,212.1,129.1,93.3,0.44,0.44,0.643,7760.37,62.36,False,0.0243
2026-01-01 17:00:00,2026-01-01,17,Thursday,False,Downtown_CBD,Rain,0.531,60.0,1.798,107.89,299.8,128.7,104.1,0.3472,0.3472,1.33,11231.94,80.92,False,0.0449
2026-01-01 18:00:00,2026-01-01,18,Thursday,False,Downtown_CBD,Rain,0.596,60.0,2.108,126.46,382.2,134.3,115.2,0.3015,0.3015,1.846,14573.24,94.84,False,0.0604
2026-01-01 19:00:00,2026-01-01,19,Thursday,False,Downtown_CBD,Rain,0.58,60.0,2.512,150.75,415.0,117.9,104.6,0.2519,0.2519,2.521,15762.89,113.06,False,0.0806
2026-01-01 20:00:00,2026-01-01,20,Thursday,False,Downtown_CBD,Rain,0.453,60.0,1.683,100.99,296.1,138.4,107.3,0.3626,0.3626,1.139,10840.94,75.74,False,0.0392
2026-01-01 21:00:00,2026-01-01,21,Thursday,False,Downtown_CBD,Rain,0.345,60.0,1.35,81.0,204.1,128.9,94.8,0.4646,0.4646,0.583,7680.23,60.75,False,0.0225
2026-01-01 22:00:00,2026-01-01,22,Thursday,False,Downtown_CBD,Rain,0.26,60.0,1.0,60.0,109.5,117.3,69.1,0.6316,0.6316,-0.067,4148.75,45.0,False,0.02
2026-01-01 23:00:00,2026-01-01,23,Thursday,False,Downtown_CBD,Rain,0.301,60.0,1.0,60.0,79.9,100.7,49.5,0.6198,0.6198,-0.207,2970.84,45.0,False,0.02
2026-01-02 00:00:00,2026-01-02,0,Friday,False,Downtown_CBD,Clear,0.068,60.0,1.0,60.0,53.7,67.3,34.8,0.647,0.647,-0.202,2085.74,45.0,False,0.02
2026-01-02 01:00:00,2026-01-02,1,Friday,False,Downtown_CBD,Clear,0.026,60.0,1.0,60.0,46.9,69.6,30.3,0.6461,0.6461,-0.326,1819.26,45.0,False,0.02
2026-01-02 02:00:00,2026-01-02,2,Friday,False,Downtown_CBD,Clear,0.122,60.0,1.0,60.0,44.0,72.8,30.7,0.6977,0.6977,-0.395,1842.67,45.0,False,0.02
2026-01-02 03:00:00,2026-01-02,3,Friday,False,Downtown_CBD,Clear,0.048,60.0,1.0,60.0,51.1,92.6,34.0,0.6659,0.6659,-0.448,2040.96,45.0,False,0.02
2026-01-02 04:00:00,2026-01-02,4,Friday,False,Downtown_CBD,Clear,0.077,60.0,1.0,60.0,52.5,90.5,34.5,0.6576,0.6576,-0.42,2070.06,45.0,False,0.02
2026-01-02 05:00:00,2026-01-02,5,Friday,False,Downtown_CBD,Clear,0.094,60.0,1.0,60.0,70.1,102.3,47.6,0.679,0.679,-0.315,2854.11,45.0,False,0.02
2026-01-02 06:00:00,2026-01-02,6,Friday,False,Downtown_CBD,Clear,0.153,60.0,1.141,68.48,127.5,103.2,75.2,0.5897,0.5897,0.235,5148.15,51.36,False,0.02
2026-01-02 07:00:00,2026-01-02,7,Friday,False,Downtown_CBD,Clear,0.31,60.0,1.639,98.36,227.2,110.0,90.9,0.3999,0.3999,1.066,8937.93,73.77,False,0.037
2026-01-02 08:00:00,2026-01-02,8,Friday,False,Downtown_CBD,Clear,0.374,60.0,1.624,97.43,260.1,127.5,103.7,0.3987,0.3987,1.04,10105.74,73.07,False,0.0362
2026-01-02 09:00:00,2026-01-02,9,Friday,False,Downtown_CBD,Clear,0.368,60.0,1.896,113.79,303.6,121.7,105.0,0.3459,0.3459,1.494,11950.59,85.34,False,0.0498
2026-01-02 10:00:00,2026-01-02,10,Friday,False,Downtown_CBD,Clear,0.307,60.0,1.256,75.35,175.2,122.8,91.9,0.5245,0.5245,0.426,6921.86,56.51,False,0.02
2026-01-02 11:00:00,2026-01-02,11,Friday,False,Downtown_CBD,Clear,0.099,60.0,1.0,60.0,130.9,136.3,87.1,0.6652,0.6652,-0.04,5223.71,45.0,False,0.02
2026-01-02 12:00:00,2026-01-02,12,Friday,False,Downtown_CBD,Clear,0.086,60.0,1.0,60.0,67.6,119.3,46.8,0.6923,0.6923,-0.434,2806.54,45.0,False,0.02
2026-01-02 13:00:00,2026-01-02,13,Friday,False,Downtown_CBD,Clear,0.103,60.0,1.0,60.0,59.1,133.4,40.0,0.6772,0.6772,-0.557,2402.54,45.0,False,0.02
2026-01-02 14:00:00,2026-01-02,14,Friday,False,Downtown_CBD,Clear,0.078,60.0,1.0,60.0,60.3,128.6,40.3,0.6675,0.6675,-0.531,2415.42,45.0,False,0.02
2026-01-02 15:00:00,2026-01-02,15,Friday,False,Downtown_CBD,Clear,0.151,60.0,1.0,60.0,103.6,137.4,68.4,0.6608,0.6608,-0.246,4105.9,45.0,False,0.02
2026-01-02 16:00:00,2026-01-02,16,Friday,False,Downtown_CBD,Clear,0.169,60.0,1.109,66.55,164.6,139.3,97.3,0.5911,0.5911,0.182,6476.34,49.91,False,0.02
2026-01-02 17:00:00,2026-01-02,17,Friday,False,Downtown_CBD,Clear,0.33,60.0,1.585,95.1,249.6,126.4,105.2,0.4213,0.4213,0.975,10002.29,71.32,False,0.0343
2026-01-02 18:00:00,2026-01-02,18,Friday,False,Downtown_CBD,Clear,0.358,60.0,2.034,122.07,367.6,134.9,121.2,0.3299,0.3299,1.724,14800.33,91.55,False,0.0567
2026-01-02 19:00:00,2026-01-02,19,Friday,False,Downtown_CBD,Clear,0.409,60.0,2.253,135.19,375.8,121.7,114.6,0.305,0.305,2.089,15492.91,101.39,False,0.0677
2026-01-02 20:00:00,2026-01-02,20,Friday,False,Downtown_CBD,Clear,0.312,60.0,1.666,99.94,294.5,139.6,116.6,0.3959,0.3959,1.109,11653.05,74.95,False,0.0383
2026-01-02 21:00:00,2026-01-02,21,Friday,False,Downtown_CBD,Clear,0.179,60.0,1.223,73.38,169.7,123.7,92.0,0.5423,0.5423,0.372,6753.49,55.03,False,0.02
2026-01-02 22:00:00,2026-01-02,22,Friday,False,Downtown_CBD,Clear,0.112,60.0,1.0,60.0,109.2,110.9,73.3,0.671,0.671,-0.016,4395.96,45.0,False,0.02
2026-01-02 23:00:00,2026-01-02,23,Friday,False,Downtown_CBD,Clear,0.076,60.0,1.0,60.0,69.9,111.6,48.4,0.6926,0.6926,-0.374,2903.33,45.0,False,0.02
2026-01-03 00:00:00,2026-01-03,0,Saturday,True,Downtown_CBD,Rain,0.219,60.0,1.0,60.0,58.2,85.1,37.3,0.6414,0.6414,-0.316,2239.7,45.0,False,0.02
2026-01-03 01:00:00,2026-01-03,1,Saturday,True,Downtown_CBD,Rain,0.177,60.0,1.0,60.0,62.4,70.6,39.8,0.6377,0.6377,-0.116,2387.38,45.0,False,0.02
2026-01-03 02:00:00,2026-01-03,2,Saturday,True,Downtown_CBD,Rain,0.233,60.0,1.0,60.0,61.6,67.9,39.1,0.6352,0.6352,-0.093,2348.04,45.0,False,0.02
2026-01-03 03:00:00,2026-01-03,3,Saturday,True,Downtown_CBD,Rain,0.247,60.0,1.0,60.0,70.6,83.7,45.0,0.6376,0.6376,-0.157,2701.34,45.0,False,0.02
2026-01-03 04:00:00,2026-01-03,4,Saturday,True,Downtown_CBD,Rain,0.221,60.0,1.0,60.0,72.1,85.9,45.8,0.6363,0.6363,-0.161,2750.91,45.0,False,0.02
2026-01-03 05:00:00,2026-01-03,5,Saturday,True,Downtown_CBD,Rain,0.226,60.0,1.035,62.08,78.6,74.3,45.8,0.5818,0.5818,0.058,2840.57,46.56,False,0.02
2026-01-03 06:00:00,2026-01-03,6,Saturday,True,Downtown_CBD,Rain,0.216,60.0,1.0,60.0,84.9,86.4,55.5,0.6529,0.6529,-0.017,3327.09,45.0,False,0.02
2026-01-03 07:00:00,2026-01-03,7,Saturday,True,Downtown_CBD,Rain,0.248,60.0,1.065,63.93,102.9,92.8,59.3,0.5766,0.5766,0.109,3794.16,47.95,False,0.02
2026-01-03 08:00:00,2026-01-03,8,Saturday,True,Downtown_CBD,Rain,0.248,60.0,1.056,63.36,111.9,102.3,67.2,0.6004,0.6004,0.093,4256.91,47.52,False,0.02
2026-01-03 09:00:00,2026-01-03,9,Saturday,True,Downtown_CBD,Rain,0.28,60.0,1.303,78.19,155.0,103.0,73.1,0.4719,0.4719,0.505,5717.86,58.64,False,0.0202
2026-01-03 10:00:00,2026-01-03,10,Saturday,True,Downtown_CBD,Rain,0.344,60.0,1.404,84.25,177.5,106.0,78.9,0.4447,0.4447,0.674,6648.88,63.19,False,0.0252
2026-01-03 11:00:00,2026-01-03,11,Saturday,True,Downtown_CBD,Rain,0.424,60.0,1.81,108.59,269.1,114.5,92.0,0.3418,0.3418,1.35,9988.7,81.44,False,0.0455
2026-01-03 12:00:00,2026-01-03,12,Saturday,True,Downtown_CBD,Rain,0.494,60.0,1.854,111.23,295.5,122.0,103.4,0.3498,0.3498,1.423,11498.75,83.42,False,0.0477
2026-01-03 13:00:00,2026-01-03,13,Saturday,True,Downtown_CBD,Rain,0.49,60.0,1.795,107.72,316.3,136.0,109.1,0.3449,0.3449,1.326,11751.16,80.79,False,0.0448
2026-01-03 14:00:00,2026-01-03,14,Saturday,True,Downtown_CBD,Rain,0.498,60.0,1.878,112.65,291.6,118.4,92.9,0.3187,0.3187,1.463,10469.37,84.49,False,0.0489
2026-01-03 15:00:00,2026-01-03,15,Saturday,True,Downtown_CBD,Rain,0.452,60.0,1.816,108.95,332.1,140.8,112.9,0.34,0.34,1.36,12303.05,81.71,False,0.0458
2026-01-03 16:00:00,2026-01-03,16,Saturday,True,Downtown_CBD,Rain,0.409,60.0,1.507,90.45,250.6,135.8,103.4,0.4127,0.4127,0.846,9354.5,67.84,False,0.0304
2026-01-03 17:00:00,2026-01-03,17,Saturday,True,Downtown_CBD,Rain,0.373,60.0,1.554,93.26,249.1,129.5,101.7,0.4084,0.4084,0.924,9486.58,69.95,False,0.0327
2026-01-03 18:00:00,2026-01-03,18,Saturday,True,Downtown_CBD,Rain,0.347,60.0,1.327,79.61,181.0,117.2,84.8,0.4687,0.4687,0.545,6754.78,59.71,False,0.0213
2026-01-03 19:00:00,2026-01-03,19,Saturday,True,Downtown_CBD,Rain,0.392,60.0,1.439,86.35,199.1,114.9,86.6,0.4349,0.4349,0.732,7476.39,64.76,False,0.027
2026-01-03 20:00:00,2026-01-03,20,Saturday,True,Downtown_CBD,Rain,0.353,60.0,1.831,109.88,231.8,97.2,79.1,0.3413,0.3413,1.385,8692.11,82.41,False,0.0466
2026-01-03 21:00:00,2026-01-03,21,Saturday,True,Downtown_CBD,Rain,0.453,60.0,2.255,135.31,263.8,85.3,75.8,0.2873,0.2873,2.092,10255.29,101.48,False,0.0678
2026-01-03 22:00:00,2026-01-03,22,Saturday,True,Downtown_CBD,Rain,0.505,60.0,2.818,169.09,356.7,88.5,82.3,0.2308,0.2308,3.03,13921.21,126.82,False,0.0959
2026-01-03 23:00:00,2026-01-03,23,Saturday,True,Downtown_CBD,Rain,0.543,60.0,2.591,155.44,350.5,96.0,87.7,0.2504,0.2504,2.651,13639.67,116.58,False,0.0845
2026-01-04 00:00:00,2026-01-04,0,Sunday,True,Downtown_CBD,Clear,0.046,60.0,1.0,60.0,58.5,83.8,39.6,0.6772,0.6772,-0.302,2378.45,45.0,False,0.02
2026-01-04 01:00:00,2026-01-04,1,Sunday,True,Downtown_CBD,Clear,0.119,60.0,1.0,60.0,63.7,79.3,42.7,0.6707,0.6707,-0.197,2563.6,45.0,False,0.02
2026-01-04 02:00:00,2026-01-04,2,Sunday,True,Downtown_CBD,Clear,0.062,60.0,1.0,60.0,65.4,71.5,44.2,0.6757,0.6757,-0.084,2652.45,45.0,False,0.02
2026-01-04 03:00:00,2026-01-04,3,Sunday,True,Downtown_CBD,Clear,0.004,60.0,1.0,60.0,59.5,72.0,39.6,0.6654,0.6654,-0.173,2375.29,45.0,False,0.02
2026-01-04 04:00:00,2026-01-04,4,Sunday,True,Downtown_CBD,Clear,0.069,60.0,1.0,60.0,63.7,82.9,42.8,0.6729,0.6729,-0.232,2570.47,45.0,False,0.02
2026-01-04 05:00:00,2026-01-04,5,Sunday,True,Downtown_CBD,Clear,0.091,60.0,1.0,60.0,70.0,85.9,47.6,0.6795,0.6795,-0.185,2855.3,45.0,False,0.02
2026-01-04 06:00:00,2026-01-04,6,Sunday,True,Downtown_CBD,Clear,0.064,60.0,1.0,60.0,66.8,81.3,44.5,0.6654,0.6654,-0.178,2667.93,45.0,False,0.02
2026-01-04 07:00:00,2026-01-04,7,Sunday,True,Downtown_CBD,Clear,0.102,60.0,1.0,60.0,79.3,97.3,53.0,0.669,0.669,-0.185,3181.05,45.0,False,0.02
2026-01-04 08:00:00,2026-01-04,8,Sunday,True,Downtown_CBD,Clear,0.141,60.0,1.115,66.92,106.3,89.2,62.8,0.5909,0.5909,0.192,4203.7,50.19,False,0.02
2026-01-04 09:00:00,2026-01-04,9,Sunday,True,Downtown_CBD,Clear,0.167,60.0,1.042,62.52,119.9,112.1,77.6,0.6471,0.6471,0.07,4852.16,46.89,False,0.02
2026-01-04 10:00:00,2026-01-04,10,Sunday,True,Downtown_CBD,Clear,0.138,60.0,1.286,77.16,160.1,108.4,82.6,0.5159,0.5159,0.477,6373.62,57.87,False,0.02
2026-01-04 11:00:00,2026-01-04,11,Sunday,True,Downtown_CBD,Clear,0.228,60.0,1.445,86.68,206.5,118.6,94.0,0.4552,0.4552,0.741,8145.72,65.01,False,0.0272
2026-01-04 12:00:00,2026-01-04,12,Sunday,True,Downtown_CBD,Clear,0.365,60.0,1.596,95.76,226.2,113.5,92.1,0.4071,0.4071,0.993,8820.0,71.82,False,0.0348
2026-01-04 13:00:00,2026-01-04,13,Sunday,True,Downtown_CBD,Clear,0.345,60.0,1.51,90.58,243.6,131.7,106.0,0.435,0.435,0.849,9599.69,67.94,False,0.0305
2026-01-04 14:00:00,2026-01-04,14,Sunday,True,Downtown_CBD,Clear,0.319,60.0,1.699,101.93,296.4,136.9,113.0,0.3812,0.3812,1.165,11515.99,76.45,False,0.0399
2026-01-04 15:00:00,2026-01-04,15,Sunday,True,Downtown_CBD,Clear,0.28,60.0,1.724,103.43,266.4,120.7,100.2,0.376,0.376,1.206,10358.53,77.57,False,0.0412
2026-01-04 16:00:00,2026-01-04,16,Sunday,True,Downtown_CBD,Clear,0.289,60.0,1.489,89.34,228.8,126.1,101.7,0.4443,0.4443,0.815,9084.09,67.0,False,0.0294
2026-01-04 17:00:00,2026-01-04,17,Sunday,True,Downtown_CBD,Clear,0.231,60.0,1.214,72.83,178.2,131.4,96.6,0.542,0.542,0.356,7033.69,54.62,False,0.02
2026-01-04 18:00:00,2026-01-04,18,Sunday,True,Downtown_CBD,Clear,0.167,60.0,1.0,60.0,134.6,134.8,90.3,0.6707,0.6707,-0.001,5417.62,45.0,False,0.02
2026-01-04 19:00:00,2026-01-04,19,Sunday,True,Downtown_CBD,Clear,0.2,60.0,1.292,77.5,171.8,115.6,87.1,0.5072,0.5072,0.486,6753.16,58.12,False,0.02
2026-01-04 20:00:00,2026-01-04,20,Sunday,True,Downtown_CBD,Clear,0.213,60.0,1.507,90.41,228.7,124.0,98.9,0.4326,0.4326,0.845,8943.54,67.81,False,0.0303
2026-01-04 21:00:00,2026-01-04,21,Sunday,True,Downtown_CBD,Clear,0.343,60.0,1.745,104.67,234.8,104.8,89.7,0.3818,0.3818,1.241,9383.92,78.5,False,0.0422
2026-01-04 22:00:00,2026-01-04,22,Sunday,True,Downtown_CBD,Clear,0.422,60.0,2.092,125.51,285.0,101.1,89.9,0.3155,0.3155,1.82,11286.8,94.13,False,0.0596
2026-01-04 23:00:00,2026-01-04,23,Sunday,True,Downtown_CBD,Clear,0.405,60.0,2.585,155.12,302.0,82.9,78.4,0.2596,0.2596,2.642,12161.43,116.34,False,0.0843
2026-01-05 00:00:00,2026-01-05,0,Monday,False,Downtown_CBD,Clear,0.056,60.0,1.0,60.0,42.3,63.6,27.6,0.6534,0.6534,-0.334,1658.85,45.0,False,0.02
2026-01-05 01:00:00,2026-01-05,1,Monday,False,Downtown_CBD,Clear,0.082,60.0,1.0,60.0,50.1,70.3,33.6,0.6702,0.6702,-0.288,2013.62,45.0,False,0.02
2026-01-05 02:00:00,2026-01-05,2,Monday,False,Downtown_CBD,Clear,0.13,60.0,1.0,60.0,50.7,79.7,34.4,0.6787,0.6787,-0.364,2065.52,45.0,False,0.02
2026-01-05 03:00:00,2026-01-05,3,Monday,False,Downtown_CBD,Clear,0.097,60.0,1.0,60.0,47.6,81.7,32.5,0.6817,0.6817,-0.417,1948.82,45.0,False,0.02
2026-01-05 04:00:00,2026-01-05,4,Monday,False,Downtown_CBD,Clear,0.051,60.0,1.0,60.0,52.3,93.0,34.6,0.6628,0.6628,-0.438,2078.03,45.0,False,0.02
2026-01-05 05:00:00,2026-01-05,5,Monday,False,Downtown_CBD,Clear,0.062,60.0,1.0,60.0,68.7,85.7,45.0,0.6549,0.6549,-0.198,2700.55,45.0,False,0.02
2026-01-05 06:00:00,2026-01-05,6,Monday,False,Downtown_CBD,Clear,0.185,60.0,1.141,68.47,125.0,101.2,72.7,0.5819,0.5819,0.235,4979.14,51.35,False,0.02
2026-01-05 07:00:00,2026-01-05,7,Monday,False,Downtown_CBD,Clear,0.235,60.0,1.615,96.88,230.3,113.7,94.4,0.41,0.41,1.024,9145.24,72.66,False,0.0357
2026-01-05 08:00:00,2026-01-05,8,Monday,False,Downtown_CBD,Clear,0.329,60.0,1.919,115.15,302.0,119.3,100.5,0.3327,0.3327,1.532,11569.96,86.36,False,0.051
2026-01-05 09:00:00,2026-01-05,9,Monday,False,Downtown_CBD,Clear,0.349,60.0,1.752,105.13,277.6,123.2,101.8,0.3665,0.3665,1.254,10697.25,78.85,False,0.0426
2026-01-05 10:00:00,2026-01-05,10,Monday,False,Downtown_CBD,Clear,0.235,60.0,1.566,93.96,246.2,126.7,101.6,0.4129,0.4129,0.943,9550.77,70.47,False,0.0333
2026-01-05 11:00:00,2026-01-05,11,Monday,False,Downtown_CBD,Clear,0.165,60.0,1.003,60.17,128.1,127.5,85.8,0.6694,0.6694,0.005,5160.97,45.13,False,0.02
2026-01-05 12:00:00,2026-01-05,12,Monday,False,Downtown_CBD,Clear,0.111,60.0,1.0,60.0,78.5,110.0,52.7,0.6707,0.6707,-0.286,3161.02,45.0,False,0.02
2026-01-05 13:00:00,2026-01-05,13,Monday,False,Downtown_CBD,Clear,0.037,60.0,1.0,60.0,48.6,121.5,33.7,0.6929,0.6929,-0.6,2021.28,45.0,False,0.02
2026-01-05 14:00:00,2026-01-05,14,Monday,False,Downtown_CBD,Clear,0.065,60.0,1.0,60.0,59.3,121.5,39.8,0.6712,0.6712,-0.512,2388.43,45.0,False,0.02
2026-01-05 15:00:00,2026-01-05,15,Monday,False,Downtown_CBD,Clear,0.17,60.0,1.0,60.0,106.6,117.0,72.7,0.6825,0.6825,-0.089,4364.35,45.0,False,0.02
2026-01-05 16:00:00,2026-01-05,16,Monday,False,Downtown_CBD,Clear,0.242,60.0,1.212,72.71,180.5,133.4,97.8,0.5418,0.5418,0.353,7108.93,54.53,False,0.02
2026-01-05 17:00:00,2026-01-05,17,Monday,False,Downtown_CBD,Clear,0.332,60.0,1.704,102.24,264.2,121.6,106.6,0.4033,0.4033,1.173,10896.47,76.68,False,0.0402
2026-01-05 18:00:00,2026-01-05,18,Monday,False,Downtown_CBD,Clear,0.435,60.0,2.174,130.46,397.6,134.4,120.7,0.3036,0.3036,1.957,15749.85,97.84,False,0.0637
2026-01-05 19:00:00,2026-01-05,19,Monday,False,Downtown_CBD,Clear,0.429,60.0,1.839,110.35,321.4,134.0,117.7,0.3662,0.3662,1.399,12986.94,82.76,False,0.047
2026-01-05 20:00:00,2026-01-05,20,Monday,False,Downtown_CBD,Clear,0.33,60.0,1.686,101.17,282.0,131.6,107.8,0.3821,0.3821,1.144,10902.44,75.88,False,0.0393
2026-01-05 21:00:00,2026-01-05,21,Monday,False,Downtown_CBD,Clear,0.182,60.0,1.121,67.24,154.6,128.7,89.6,0.5795,0.5795,0.201,6022.53,50.43,False,0.02
2026-01-05 22:00:00,2026-01-05,22,Monday,False,Downtown_CBD,Clear,0.146,60.0,1.0,60.0,105.9,123.2,69.5,0.6566,0.6566,-0.141,4171.81,45.0,False,0.02
2026-01-05 23:00:00,2026-01-05,23,Monday,False,Downtown_CBD,Clear,0.086,60.0,1.0,60.0,65.1,114.4,43.5,0.668,0.668,-0.431,2607.76,45.0,False,0.02
2026-01-06 00:00:00,2026-01-06,0,Tuesday,False,Downtown_CBD,Fog,0.249,60.0,1.0,60.0,53.8,69.5,32.9,0.6119,0.6119,-0.226,1976.65,45.0,False,0.02
2026-01-06 01:00:00,2026-01-06,1,Tuesday,False,Downtown_CBD,Fog,0.239,60.0,1.0,60.0,54.2,71.7,33.3,0.6133,0.6133,-0.243,1996.11,45.0,False,0.02
2026-01-06 02:00:00,2026-01-06,2,Tuesday,False,Downtown_CBD,Fog,0.244,60.0,1.0,60.0,59.1,72.5,34.9,0.5901,0.5901,-0.185,2092.3,45.0,False,0.02
2026-01-06 03:00:00,2026-01-06,3,Tuesday,False,Downtown_CBD,Fog,0.26,60.0,1.0,60.0,53.2,90.0,32.6,0.6121,0.6121,-0.409,1953.6,45.0,False,0.02
2026-01-06 04:00:00,2026-01-06,4,Tuesday,False,Downtown_CBD,Fog,0.231,60.0,1.0,60.0,56.6,87.1,34.9,0.616,0.616,-0.35,2093.77,45.0,False,0.02
2026-01-06 05:00:00,2026-01-06,5,Tuesday,False,Downtown_CBD,Fog,0.342,60.0,1.0,60.0,77.0,110.9,48.4,0.6288,0.6288,-0.305,2906.91,45.0,False,0.02
2026-01-06 06:00:00,2026-01-06,6,Tuesday,False,Downtown_CBD,Fog,0.356,60.0,1.062,63.72,141.7,128.4,82.3,0.5805,0.5805,0.103,5241.71,47.79,False,0.02
2026-01-06 07:00:00,2026-01-06,7,Tuesday,False,Downtown_CBD,Fog,0.452,60.0,1.529,91.74,228.7,121.6,90.3,0.3949,0.3949,0.882,8285.78,68.8,False,0.0314
2026-01-06 08:00:00,2026-01-06,8,Tuesday,False,Downtown_CBD,Fog,0.57,60.0,2.297,137.83,337.6,106.8,89.8,0.266,0.266,2.162,12376.51,103.37,False,0.0699
2026-01-06 09:00:00,2026-01-06,9,Tuesday,False,Downtown_CBD,Fog,0.558,60.0,2.061,123.65,328.7,118.7,96.6,0.2939,0.2939,1.768,11946.12,92.74,False,0.058
2026-01-06 10:00:00,2026-01-06,10,Tuesday,False,Downtown_CBD,Fog,0.445,60.0,1.524,91.42,237.2,126.6,93.4,0.3936,0.3936,0.873,8534.5,68.56,False,0.0312
2026-01-06 11:00:00,2026-01-06,11,Tuesday,False,Downtown_CBD,Fog,0.295,60.0,1.0,60.0,116.2,123.4,71.3,0.6138,0.6138,-0.059,4277.4,45.0,False,0.02
2026-01-06 12:00:00,2026-01-06,12,Tuesday,False,Downtown_CBD,Fog,0.295,60.0,1.0,60.0,85.7,113.7,51.7,0.6026,0.6026,-0.246,3099.82,45.0,False,0.02
2026-01-06 13:00:00,2026-01-06,13,Tuesday,False,Downtown_CBD,Fog,0.305,60.0,1.0,60.0,59.6,102.7,35.6,0.5971,0.5971,-0.42,2133.73,45.0,False,0.02
2026-01-06 14:00:00,2026-01-06,14,Tuesday,False,Downtown_CBD,Fog,0.264,60.0,1.0,60.0,69.2,119.1,42.4,0.6122,0.6122,-0.419,2541.68,45.0,False,0.02
2026-01-06 15:00:00,2026-01-06,15,Tuesday,False,Downtown_CBD,Fog,0.331,60.0,1.0,60.0,92.5,126.8,57.7,0.6239,0.6239,-0.27,3464.14,45.0,False,0.02
2026-01-06 16:00:00,2026-01-06,16,Tuesday,False,Downtown_CBD,Fog,0.386,60.0,1.429,85.74,216.1,126.0,89.1,0.4124,0.4124,0.715,7638.53,64.3,False,0.0264
2026-01-06 17:00:00,2026-01-06,17,Tuesday,False,Downtown_CBD,Fog,0.507,60.0,1.759,105.52,308.2,136.1,106.8,0.3465,0.3465,1.265,11266.71,79.14,False,0.0429
2026-01-06 18:00:00,2026-01-06,18,Tuesday,False,Downtown_CBD,Fog,0.67,60.0,2.068,124.06,403.9,145.3,115.0,0.2848,0.2848,1.779,14272.41,93.05,False,0.0584
2026-01-06 19:00:00,2026-01-06,19,Tuesday,False,Downtown_CBD,Fog,0.631,60.0,2.067,124.04,369.8,133.1,111.9,0.3025,0.3025,1.779,13874.68,93.03,False,0.0584
2026-01-06 20:00:00,2026-01-06,20,Tuesday,False,Downtown_CBD,Fog,0.522,60.0,1.773,106.4,300.5,131.3,105.2,0.35,0.35,1.289,11190.0,79.8,False,0.0437
2026-01-06 21:00:00,2026-01-06,21,Tuesday,False,Downtown_CBD,Fog,0.414,60.0,1.403,84.15,194.2,116.2,84.7,0.4361,0.4361,0.671,7126.86,63.11,False,0.0251
2026-01-06 22:00:00,2026-01-06,22,Tuesday,False,Downtown_CBD,Fog,0.323,60.0,1.0,60.0,112.9,119.5,70.3,0.623,0.623,-0.055,4220.69,45.0,False,0.02
2026-01-06 23:00:00,2026-01-06,23,Tuesday,False,Downtown_CBD,Fog,0.285,60.0,1.0,60.0,52.2,108.6,30.5,0.5848,0.5848,-0.519,1831.83,45.0,False,0.02
2026-01-07 00:00:00,2026-01-07,0,Wednesday,False,Downtown_CBD,Rain,0.223,60.0,1.0,60.0,48.9,67.4,31.9,0.6526,0.6526,-0.274,1914.21,45.0,False,0.02
2026-01-07 01:00:00,2026-01-07,1,Wednesday,False,Downtown_CBD,Rain,0.208,60.0,1.0,60.0,55.7,80.6,35.0,0.6284,0.6284,-0.309,2098.84,45.0,False,0.02
2026-01-07 02:00:00,2026-01-07,2,Wednesday,False,Downtown_CBD,Rain,0.207,60.0,1.0,60.0,48.1,76.7,30.7,0.639,0.639,-0.373,1843.64,45.0,False,0.02
2026-01-07 03:00:00,2026-01-07,3,Wednesday,False,Downtown_CBD,Rain,0.201,60.0,1.0,60.0,54.2,85.0,34.0,0.6262,0.6262,-0.362,2037.43,45.0,False,0.02
2026-01-07 04:00:00,2026-01-07,4,Wednesday,False,Downtown_CBD,Rain,0.248,60.0,1.0,60.0,57.5,83.5,36.5,0.6338,0.6338,-0.311,2188.27,45.0,False,0.02
2026-01-07 05:00:00,2026-01-07,5,Wednesday,False,Downtown_CBD,Rain,0.244,60.0,1.0,60.0,85.4,101.7,53.8,0.6306,0.6306,-0.161,3230.96,45.0,False,0.02
2026-01-07 06:00:00,2026-01-07,6,Wednesday,False,Downtown_CBD,Rain,0.293,60.0,1.113,66.76,134.8,113.5,79.8,0.592,0.592,0.188,5327.61,50.07,False,0.02
2026-01-07 07:00:00,2026-01-07,7,Wednesday,False,Downtown_CBD,Rain,0.409,60.0,1.641,98.43,249.3,120.6,95.2,0.3819,0.3819,1.068,9371.31,73.82,False,0.037
2026-01-07 08:00:00,2026-01-07,8,Wednesday,False,Downtown_CBD,Rain,0.508,60.0,1.995,119.69,313.2,117.8,99.5,0.3178,0.3178,1.658,11912.67,89.77,False,0.0547
2026-01-07 09:00:00,2026-01-07,9,Wednesday,False,Downtown_CBD,Rain,0.53,60.0,1.894,113.66,322.6,129.5,106.3,0.3295,0.3295,1.491,12080.6,85.25,False,0.0497
2026-01-07 10:00:00,2026-01-07,10,Wednesday,False,Downtown_CBD,Rain,0.397,60.0,1.481,88.86,210.4,116.7,87.1,0.4139,0.4139,0.802,7736.9,66.64,False,0.0291
2026-01-07 11:00:00,2026-01-07,11,Wednesday,False,Downtown_CBD,Rain,0.292,60.0,1.101,66.07,147.2,126.0,85.3,0.5793,0.5793,0.169,5635.83,49.55,False,0.02
2026-01-07 12:00:00,2026-01-07,12,Wednesday,False,Downtown_CBD,Rain,0.175,60.0,1.0,60.0,78.8,105.9,50.6,0.6419,0.6419,-0.256,3034.97,45.0,False,0.02
2026-01-07 13:00:00,2026-01-07,13,Wednesday,False,Downtown_CBD,Rain,0.254,60.0,1.0,60.0,63.9,117.2,40.5,0.6348,0.6348,-0.455,2431.77,45.0,False,0.02
2026-01-07 14:00:00,2026-01-07,14,Wednesday,False,Downtown_CBD,Rain,0.256,60.0,1.0,60.0,67.1,127.3,42.8,0.6379,0.6379,-0.473,2569.14,45.0,False,0.02
2026-01-07 15:00:00,2026-01-07,15,Wednesday,False,Downtown_CBD,Rain,0.287,60.0,1.0,60.0,108.3,118.2,68.2,0.6298,0.6298,-0.084,4094.01,45.0,False,0.02
2026-01-07 16:00:00,2026-01-07,16,Wednesday,False,Downtown_CBD,Rain,0.326,60.0,1.393,83.55,195.5,118.2,88.6,0.4532,0.4532,0.654,7404.41,62.66,False,0.0246
2026-01-07 17:00:00,2026-01-07,17,Wednesday,False,Downtown_CBD,Rain,0.438,60.0,1.935,116.12,340.0,132.9,111.0,0.3265,0.3265,1.559,12892.05,87.09,False,0.0518
2026-01-07 18:00:00,2026-01-07,18,Wednesday,False,Downtown_CBD,Rain,0.573,60.0,2.423,145.39,440.6,130.7,117.4,0.2664,0.2664,2.372,17067.29,109.04,False,0.0762
2026-01-07 19:00:00,2026-01-07,19,Wednesday,False,Downtown_CBD,Rain,0.545,60.0,2.08,124.82,409.1,146.1,122.8,0.3001,0.3001,1.8,15322.27,93.61,False,0.059
2026-01-07 20:00:00,2026-01-07,20,Wednesday,False,Downtown_CBD,Rain,0.472,60.0,1.684,101.04,265.4,124.0,101.4,0.3821,0.3821,1.14,10247.95,75.78,False,0.0392
2026-01-07 21:00:00,2026-01-07,21,Wednesday,False,Downtown_CBD,Rain,0.337,60.0,1.397,83.85,210.6,126.7,94.0,0.4465,0.4465,0.662,7885.6,62.89,False,0.0249
2026-01-07 22:00:00,2026-01-07,22,Wednesday,False,Downtown_CBD,Rain,0.27,60.0,1.0,60.0,103.9,106.4,65.5,0.6306,0.6306,-0.023,3930.05,45.0,False,0.02
2026-01-07 23:00:00,2026-01-07,23,Wednesday,False,Downtown_CBD,Rain,0.207,60.0,1.0,60.0,69.5,111.2,44.4,0.6387,0.6387,-0.375,2663.84,45.0,False,0.02
2026-01-08 00:00:00,2026-01-08,0,Thursday,False,Downtown_CBD,Rain,0.256,60.0,1.0,60.0,56.0,74.5,36.7,0.6554,0.6554,-0.248,2203.47,45.0,False,0.02
2026-01-08 01:00:00,2026-01-08,1,Thursday,False,Downtown_CBD,Rain,0.226,60.0,1.0,60.0,56.1,68.6,35.1,0.6252,0.6252,-0.182,2106.31,45.0,False,0.02
2026-01-08 02:00:00,2026-01-08,2,Thursday,False,Downtown_CBD,Rain,0.248,60.0,1.0,60.0,57.6,84.9,36.0,0.6242,0.6242,-0.321,2157.35,45.0,False,0.02
2026-01-08 03:00:00,2026-01-08,3,Thursday,False,Downtown_CBD,Rain,0.212,60.0,1.0,60.0,55.0,89.6,34.7,0.6312,0.6312,-0.386,2084.56,45.0,False,0.02
2026-01-08 04:00:00,2026-01-08,4,Thursday,False,Downtown_CBD,Rain,0.228,60.0,1.0,60.0,59.5,87.1,37.6,0.6317,0.6317,-0.317,2256.07,45.0,False,0.02
2026-01-08 05:00:00,2026-01-08,5,Thursday,False,Downtown_CBD,Rain,0.29,60.0,1.0,60.0,80.0,98.0,49.2,0.6154,0.6154,-0.184,2954.15,45.0,False,0.02
2026-01-08 06:00:00,2026-01-08,6,Thursday,False,Downtown_CBD,Rain,0.281,60.0,1.275,76.5,155.7,106.8,77.3,0.4963,0.4963,0.458,5912.44,57.38,False,0.02
2026-01-08 07:00:00,2026-01-08,7,Thursday,False,Downtown_CBD,Rain,0.41,60.0,1.544,92.66,242.5,127.2,92.2,0.3801,0.3801,0.907,8541.7,69.5,False,0.0322
2026-01-08 08:00:00,2026-01-08,8,Thursday,False,Downtown_CBD,Rain,0.51,60.0,2.095,125.68,350.9,124.2,106.7,0.3041,0.3041,1.824,13411.61,94.26,False,0.0597
2026-01-08 09:00:00,2026-01-08,9,Thursday,False,Downtown_CBD,Rain,0.515,60.0,2.107,126.39,358.2,125.9,107.2,0.2994,0.2994,1.844,13553.74,94.79,False,0.0603
2026-01-08 10:00:00,2026-01-08,10,Thursday,False,Downtown_CBD,Rain,0.412,60.0,1.931,115.84,271.0,106.2,84.9,0.3131,0.3131,1.551,9830.25,86.88,False,0.0515
2026-01-08 11:00:00,2026-01-08,11,Thursday,False,Downtown_CBD,Rain,0.294,60.0,1.037,62.23,123.4,116.2,78.1,0.6333,0.6333,0.062,4862.25,46.67,False,0.02
2026-01-08 12:00:00,2026-01-08,12,Thursday,False,Downtown_CBD,Rain,0.225,60.0,1.0,60.0,78.8,113.4,48.7,0.6185,0.6185,-0.305,2924.36,45.0,False,0.02
2026-01-08 13:00:00,2026-01-08,13,Thursday,False,Downtown_CBD,Rain,0.215,60.0,1.0,60.0,54.8,115.3,35.2,0.642,0.642,-0.525,2110.49,45.0,False,0.02
2026-01-08 14:00:00,2026-01-08,14,Thursday,False,Downtown_CBD,Rain,0.186,60.0,1.0,60.0,75.1,115.6,47.4,0.6321,0.6321,-0.351,2846.73,45.0,False,0.02
2026-01-08 15:00:00,2026-01-08,15,Thursday,False,Downtown_CBD,Rain,0.257,60.0,1.0,60.0,110.6,128.4,72.2,0.6526,0.6526,-0.139,4330.82,45.0,False,0.02
2026-01-08 16:00:00,2026-01-08,16,Thursday,False,Downtown_CBD,Rain,0.347,60.0,1.243,74.58,200.3,142.5,100.5,0.5018,0.5018,0.405,7494.17,55.94,False,0.02
2026-01-08 17:00:00,2026-01-08,17,Thursday,False,Downtown_CBD,Rain,0.524,60.0,1.778,106.68,278.4,121.2,97.4,0.3499,0.3499,1.297,10394.4,80.01,False,0.0439
2026-01-08 18:00:00,2026-01-08,18,Thursday,False,Downtown_CBD,Rain,0.558,60.0,2.142,128.53,373.4,128.6,111.7,0.2991,0.2991,1.904,14354.4,96.4,False,0.0621
2026-01-08 19:00:00,2026-01-08,19,Thursday,False,Downtown_CBD,Rain,0.604,60.0,2.112,126.72,379.3,132.9,107.9,0.2846,0.2846,1.853,13677.89,95.04,False,0.0606
2026-01-08 20:00:00,2026-01-08,20,Thursday,False,Downtown_CBD,Rain,0.425,60.0,1.629,97.72,249.4,121.8,97.4,0.3905,0.3905,1.048,9519.57,73.29,False,0.0364
2026-01-08 21:00:00,2026-01-08,21,Thursday,False,Downtown_CBD,Rain,0.367,60.0,1.42,85.19,200.7,118.1,88.8,0.4425,0.4425,0.7,7566.89,63.89,False,0.026
2026-01-08 22:00:00,2026-01-08,22,Thursday,False,Downtown_CBD,Rain,0.283,60.0,1.0,60.0,112.3,112.3,69.7,0.6208,0.6208,-0.0,4180.84,45.0,False,0.02
2026-01-08 23:00:00,2026-01-08,23,Thursday,False,Downtown_CBD,Rain,0.235,60.0,1.0,60.0,65.1,106.3,42.5,0.6527,0.6527,-0.388,2547.68,45.0,False,0.02
2026-01-09 00:00:00,2026-01-09,0,Friday,False,Downtown_CBD,Clear,0.097,60.0,1.0,60.0,45.1,77.5,30.4,0.6752,0.6752,-0.418,1825.96,45.0,False,0.02
2026-01-09 01:00:00,2026-01-09,1,Friday,False,Downtown_CBD,Clear,0.046,60.0,1.0,60.0,41.9,72.7,28.4,0.6766,0.6766,-0.423,1701.6,45.0,False,0.02
2026-01-09 02:00:00,2026-01-09,2,Friday,False,Downtown_CBD,Clear,0.035,60.0,1.0,60.0,50.3,74.5,33.8,0.6717,0.6717,-0.326,2025.46,45.0,False,0.02
2026-01-09 03:00:00,2026-01-09,3,Friday,False,Downtown_CBD,Clear,0.111,60.0,1.0,60.0,47.8,88.9,32.2,0.674,0.674,-0.462,1933.24,45.0,False,0.02
2026-01-09 04:00:00,2026-01-09,4,Friday,False,Downtown_CBD,Clear,0.063,60.0,1.0,60.0,53.6,86.7,36.6,0.6823,0.6823,-0.382,2194.13,45.0,False,0.02
2026-01-09 05:00:00,2026-01-09,5,Friday,False,Downtown_CBD,Clear,0.133,60.0,1.0,60.0,81.8,97.3,54.6,0.6668,0.6668,-0.159,3273.29,45.0,False,0.02
2026-01-09 06:00:00,2026-01-09,6,Friday,False,Downtown_CBD,Clear,0.134,60.0,1.184,71.04,144.0,110.2,79.8,0.5544,0.5544,0.307,5671.34,53.28,False,0.02
2026-01-09 07:00:00,2026-01-09,7,Friday,False,Downtown_CBD,Clear,0.202,60.0,1.616,96.95,234.4,115.7,93.7,0.3997,0.3997,1.026,9083.74,72.71,False,0.0358
2026-01-09 08:00:00,2026-01-09,8,Friday,False,Downtown_CBD,Clear,0.42,60.0,1.984,119.06,322.3,122.0,105.0,0.3258,0.3258,1.641,12501.0,89.3,False,0.0542
2026-01-09 09:00:00,2026-01-09,9,Friday,False,Downtown_CBD,Clear,0.368,60.0,2.126,127.58,322.8,112.2,98.1,0.3039,0.3039,1.877,12514.54,95.69,False,0.0613
2026-01-09 10:00:00,2026-01-09,10,Friday,False,Downtown_CBD,Clear,0.264,60.0,1.253,75.19,183.7,129.1,95.0,0.5173,0.5173,0.422,7143.99,56.39,False,0.02
2026-01-09 11:00:00,2026-01-09,11,Friday,False,Downtown_CBD,Clear,0.122,60.0,1.217,73.02,140.1,102.9,74.8,0.5342,0.5342,0.362,5464.94,54.77,False,0.02
2026-01-09 12:00:00,2026-01-09,12,Friday,False,Downtown_CBD,Clear,0.068,60.0,1.0,60.0,76.2,125.9,51.9,0.6813,0.6813,-0.395,3113.7,45.0,False,0.02
2026-01-09 13:00:00,2026-01-09,13,Friday,False,Downtown_CBD,Clear,0.023,60.0,1.0,60.0,62.6,115.3,41.1,0.6568,0.6568,-0.457,2465.48,45.0,False,0.02
2026-01-09 14:00:00,2026-01-09,14,Friday,False,Downtown_CBD,Clear,0.083,60.0,1.0,60.0,68.8,123.5,45.6,0.663,0.663,-0.443,2737.43,45.0,False,0.02
2026-01-09 15:00:00,2026-01-09,15,Friday,False,Downtown_CBD,Clear,0.06,60.0,1.0,60.0,89.3,130.4,61.2,0.6853,0.6853,-0.315,3671.37,45.0,False,0.02
2026-01-09 16:00:00,2026-01-09,16,Friday,False,Downtown_CBD,Clear,0.219,60.0,1.13,67.83,180.8,148.5,104.9,0.5801,0.5801,0.217,7113.6,50.87,False,0.02
2026-01-09 17:00:00,2026-01-09,17,Friday,False,Downtown_CBD,Clear,0.342,60.0,1.687,101.2,264.9,123.5,105.8,0.3994,0.3994,1.144,10706.72,75.9,False,0.0393
2026-01-09 18:00:00,2026-01-09,18,Friday,False,Downtown_CBD,Clear,0.455,60.0,2.013,120.78,355.7,132.3,116.2,0.3266,0.3266,1.688,14029.89,90.59,False,0.0556
2026-01-09 19:00:00,2026-01-09,19,Friday,False,Downtown_CBD,Clear,0.485,60.0,2.1,125.99,372.2,131.4,116.1,0.3118,0.3118,1.833,14621.64,94.49,False,0.06
2026-01-09 20:00:00,2026-01-09,20,Friday,False,Downtown_CBD,Clear,0.318,60.0,1.915,114.88,296.8,117.6,103.0,0.3472,0.3472,1.524,11837.15,86.16,False,0.0507
2026-01-09 21:00:00,2026-01-09,21,Friday,False,Downtown_CBD,Clear,0.171,60.0,1.25,74.97,190.0,134.2,99.7,0.5247,0.5247,0.416,7472.99,56.23,False,0.02
2026-01-09 22:00:00,2026-01-09,22,Friday,False,Downtown_CBD,Clear,0.128,60.0,1.0,60.0,85.1,115.9,57.6,0.6773,0.6773,-0.266,3457.78,45.0,False,0.02
2026-01-09 23:00:00,2026-01-09,23,Friday,False,Downtown_CBD,Clear,0.084,60.0,1.0,60.0,70.6,114.0,45.8,0.6483,0.6483,-0.381,2746.0,45.0,False,0.02
2026-01-10 00:00:00,2026-01-10,0,Saturday,True,Downtown_CBD,Clear,0.022,60.0,1.0,60.0,63.5,83.4,41.9,0.6603,0.6603,-0.239,2515.0,45.0,False,0.02
2026-01-10 01:00:00,2026-01-10,1,Saturday,True,Downtown_CBD,Clear,0.055,60.0,1.0,60.0,70.5,75.5,47.1,0.6678,0.6678,-0.067,2824.46,45.0,False,0.02
2026-01-10 02:00:00,2026-01-10,2,Saturday,True,Downtown_CBD,Clear,0.093,60.0,1.0,60.0,62.2,81.6,41.6,0.6686,0.6686,-0.237,2496.15,45.0,False,0.02
2026-01-10 03:00:00,2026-01-10,3,Saturday,True,Downtown_CBD,Clear,0.069,60.0,1.0,60.0,61.0,77.3,41.5,0.6796,0.6796,-0.211,2487.13,45.0,False,0.02
2026-01-10 04:00:00,2026-01-10,4,Saturday,True,Downtown_CBD,Clear,0.077,60.0,1.0,60.0,67.1,79.8,45.5,0.6777,0.6777,-0.159,2729.89,45.0,False,0.02
2026-01-10 05:00:00,2026-01-10,5,Saturday,True,Downtown_CBD,Clear,0.121,60.0,1.0,60.0,62.5,95.7,42.7,0.6837,0.6837,-0.347,2562.9,45.0,False,0.02
2026-01-10 06:00:00,2026-01-10,6,Saturday,True,Downtown_CBD,Clear,0.08,60.0,1.0,60.0,71.6,89.9,48.3,0.6743,0.6743,-0.204,2897.81,45.0,False,0.02
2026-01-10 07:00:00,2026-01-10,7,Saturday,True,Downtown_CBD,Clear,0.125,60.0,1.0,60.0,90.6,95.9,60.4,0.6665,0.6665,-0.055,3624.88,45.0,False,0.02
2026-01-10 08:00:00,2026-01-10,8,Saturday,True,Downtown_CBD,Clear,0.099,60.0,1.0,60.0,91.0,99.0,59.0,0.6483,0.6483,-0.081,3540.75,45.0,False,0.02
2026-01-10 09:00:00,2026-01-10,9,Saturday,True,Downtown_CBD,Clear,0.124,60.0,1.291,77.44,147.9,99.6,75.0,0.5069,0.5069,0.484,5805.09,58.08,False,0.02
2026-01-10 10:00:00,2026-01-10,10,Saturday,True,Downtown_CBD,Clear,0.206,60.0,1.261,75.67,180.5,125.8,94.8,0.5249,0.5249,0.435,7170.12,56.75,False,0.02
2026-01-10 11:00:00,2026-01-10,11,Saturday,True,Downtown_CBD,Clear,0.254,60.0,1.589,95.35,230.3,116.2,95.9,0.4165,0.4165,0.982,9145.92,71.51,False,0.0345
2026-01-10 12:00:00,2026-01-10,12,Saturday,True,Downtown_CBD,Clear,0.379,60.0,1.557,93.45,262.6,136.1,111.5,0.4246,0.4246,0.929,10418.84,70.09,False,0.0329
2026-01-10 13:00:00,2026-01-10,13,Saturday,True,Downtown_CBD,Clear,0.312,60.0,1.705,102.3,294.4,135.3,110.6,0.3757,0.3757,1.175,11312.88,76.72,False,0.0402
2026-01-10 14:00:00,2026-01-10,14,Saturday,True,Downtown_CBD,Clear,0.295,60.0,1.511,90.63,243.9,131.8,105.5,0.4324,0.4324,0.851,9557.89,67.97,False,0.0305
2026-01-10 15:00:00,2026-01-10,15,Saturday,True,Downtown_CBD,Clear,0.306,60.0,1.442,86.51,258.0,148.6,115.8,0.4488,0.4488,0.736,10019.09,64.88,False,0.0271
2026-01-10 16:00:00,2026-01-10,16,Saturday,True,Downtown_CBD,Clear,0.281,60.0,1.468,88.08,234.6,131.8,105.3,0.449,0.449,0.78,9278.18,66.06,False,0.0284
2026-01-10 17:00:00,2026-01-10,17,Saturday,True,Downtown_CBD,Clear,0.25,60.0,1.169,70.12,166.9,130.3,93.7,0.5613,0.5613,0.281,6568.43,52.59,False,0.02
2026-01-10 18:00:00,2026-01-10,18,Saturday,True,Downtown_CBD,Clear,0.18,60.0,1.161,69.63,152.5,120.3,85.4,0.5596,0.5596,0.268,5943.49,52.22,False,0.02
2026-01-10 19:00:00,2026-01-10,19,Saturday,True,Downtown_CBD,Clear,0.231,60.0,1.246,74.73,159.2,113.0,85.0,0.5339,0.5339,0.409,6351.27,56.05,False,0.02
2026-01-10 20:00:00,2026-01-10,20,Saturday,True,Downtown_CBD,Clear,0.251,60.0,1.802,108.09,225.2,96.4,84.0,0.373,0.373,1.336,9079.69,81.07,False,0.0451
2026-01-10 21:00:00,2026-01-10,21,Saturday,True,Downtown_CBD,Clear,0.327,60.0,1.961,117.67,284.5,109.3,91.4,0.3212,0.3212,1.602,10752.3,88.25,False,0.0531
2026-01-10 22:00:00,2026-01-10,22,Saturday,True,Downtown_CBD,Clear,0.351,60.0,2.564,153.81,345.4,95.8,86.5,0.2503,0.2503,2.606,13296.88,115.36,False,0.0832
2026-01-10 23:00:00,2026-01-10,23,Saturday,True,Downtown_CBD,Clear,0.362,60.0,2.437,146.24,305.4,89.9,86.8,0.2843,0.2843,2.395,12698.97,109.68,False,0.0769
2026-01-11 00:00:00,2026-01-11,0,Sunday,True,Downtown_CBD,Clear,0.011,60.0,1.0,60.0,66.1,80.2,44.5,0.6727,0.6727,-0.176,2668.7,45.0,False,0.02
2026-01-11 01:00:00,2026-01-11,1,Sunday,True,Downtown_CBD,Clear,0.135,60.0,1.0,60.0,58.2,81.6,38.4,0.6603,0.6603,-0.287,2305.71,45.0,False,0.02
2026-01-11 02:00:00,2026-01-11,2,Sunday,True,Downtown_CBD,Clear,0.067,60.0,1.0,60.0,67.4,80.0,45.7,0.6786,0.6786,-0.158,2743.81,45.0,False,0.02
2026-01-11 03:00:00,2026-01-11,3,Sunday,True,Downtown_CBD,Clear,0.022,60.0,1.0,60.0,59.4,82.7,38.9,0.655,0.655,-0.282,2334.69,45.0,False,0.02
2026-01-11 04:00:00,2026-01-11,4,Sunday,True,Downtown_CBD,Clear,0.059,60.0,1.0,60.0,62.6,75.1,41.6,0.6641,0.6641,-0.167,2494.65,45.0,False,0.02
2026-01-11 05:00:00,2026-01-11,5,Sunday,True,Downtown_CBD,Clear,0.104,60.0,1.0,60.0,66.3,82.5,43.5,0.6571,0.6571,-0.196,2612.42,45.0,False,0.02
2026-01-11 06:00:00,2026-01-11,6,Sunday,True,Downtown_CBD,Clear,0.059,60.0,1.0,60.0,69.1,81.7,46.1,0.6673,0.6673,-0.154,2768.27,45.0,False,0.02
2026-01-11 07:00:00,2026-01-11,7,Sunday,True,Downtown_CBD,Clear,0.101,60.0,1.0,60.0,82.9,94.2,53.9,0.6503,0.6503,-0.119,3235.87,45.0,False,0.02
2026-01-11 08:00:00,2026-01-11,8,Sunday,True,Downtown_CBD,Clear,0.126,60.0,1.203,72.19,113.3,84.7,63.1,0.5565,0.5565,0.339,4553.54,54.14,False,0.02
2026-01-11 09:00:00,2026-01-11,9,Sunday,True,Downtown_CBD,Clear,0.178,60.0,1.146,68.76,128.1,103.0,71.1,0.555,0.555,0.243,4887.76,51.57,False,0.02
2026-01-11 10:00:00,2026-01-11,10,Sunday,True,Downtown_CBD,Clear,0.18,60.0,1.408,84.48,170.0,101.2,77.2,0.454,0.454,0.68,6519.5,63.36,False,0.0254
2026-01-11 11:00:00,2026-01-11,11,Sunday,True,Downtown_CBD,Clear,0.275,60.0,1.554,93.26,229.3,119.2,97.9,0.4271,0.4271,0.924,9132.94,69.95,False,0.0327
2026-01-11 12:00:00,2026-01-11,12,Sunday,True,Downtown_CBD,Clear,0.309,60.0,1.69,101.38,284.3,132.3,108.7,0.3822,0.3822,1.149,11016.9,76.03,False,0.0395
2026-01-11 13:00:00,2026-01-11,13,Sunday,True,Downtown_CBD,Clear,0.353,60.0,1.772,106.32,288.4,126.1,106.4,0.3691,0.3691,1.287,11317.65,79.74,False,0.0436
2026-01-11 14:00:00,2026-01-11,14,Sunday,True,Downtown_CBD,Clear,0.337,60.0,1.766,105.94,285.8,125.6,109.5,0.3832,0.3832,1.276,11603.48,79.45,False,0.0433
2026-01-11 15:00:00,2026-01-11,15,Sunday,True,Downtown_CBD,Clear,0.321,60.0,1.479,88.72,245.5,136.6,110.4,0.4497,0.4497,0.798,9796.98,66.54,False,0.0289
2026-01-11 16:00:00,2026-01-11,16,Sunday,True,Downtown_CBD,Clear,0.273,60.0,1.706,102.35,244.8,112.5,96.9,0.3958,0.3958,1.176,9917.0,76.76,False,0.0403
2026-01-11 17:00:00,2026-01-11,17,Sunday,True,Downtown_CBD,Clear,0.187,60.0,1.215,72.89,175.0,128.9,95.9,0.5479,0.5479,0.358,6989.51,54.67,False,0.02
2026-01-11 18:00:00,2026-01-11,18,Sunday,True,Downtown_CBD,Clear,0.146,60.0,1.277,76.63,179.8,123.0,90.9,0.5054,0.5054,0.462,6964.76,57.47,False,0.02
2026-01-11 19:00:00,2026-01-11,19,Sunday,True,Downtown_CBD,Clear,0.137,60.0,1.442,86.53,184.9,106.5,84.4,0.4565,0.4565,0.737,7305.34,64.9,False,0.0271
2026-01-11 20:00:00,2026-01-11,20,Sunday,True,Downtown_CBD,Clear,0.252,60.0,1.547,92.81,204.5,107.0,88.1,0.4308,0.4308,0.911,8178.29,69.61,False,0.0323
2026-01-11 21:00:00,2026-01-11,21,Sunday,True,Downtown_CBD,Clear,0.317,60.0,1.747,104.82,238.4,106.2,88.3,0.3705,0.3705,1.245,9257.82,78.61,False,0.0424
2026-01-11 22:00:00,2026-01-11,22,Sunday,True,Downtown_CBD,Clear,0.444,60.0,2.163,129.77,285.1,97.0,90.8,0.3185,0.3185,1.938,11784.49,97.33,False,0.0631
2026-01-11 23:00:00,2026-01-11,23,Sunday,True,Downtown_CBD,Clear,0.376,60.0,2.383,142.95,310.1,93.9,85.9,0.277,0.277,2.304,12277.93,107.21,False,0.0741
2026-01-12 00:00:00,2026-01-12,0,Monday,False,Downtown_CBD,Heavy_Rain,0.362,60.0,1.0,60.0,53.3,69.4,30.3,0.5693,0.5693,-0.232,1820.64,45.0,False,0.02
2026-01-12 01:00:00,2026-01-12,1,Monday,False,Downtown_CBD,Heavy_Rain,0.337,60.0,1.0,60.0,50.3,66.8,28.5,0.566,0.566,-0.247,1708.22,45.0,False,0.02
2026-01-12 02:00:00,2026-01-12,2,Monday,False,Downtown_CBD,Heavy_Rain,0.339,60.0,1.0,60.0,54.2,75.4,31.1,0.5737,0.5737,-0.282,1864.28,45.0,False,0.02
2026-01-12 03:00:00,2026-01-12,3,Monday,False,Downtown_CBD,Heavy_Rain,0.343,60.0,1.0,60.0,45.6,76.9,25.5,0.5596,0.5596,-0.407,1532.56,45.0,False,0.02
2026-01-12 04:00:00,2026-01-12,4,Monday,False,Downtown_CBD,Heavy_Rain,0.35,60.0,1.0,60.0,67.6,81.7,37.8,0.5599,0.5599,-0.173,2270.63,45.0,False,0.02
2026-01-12 05:00:00,2026-01-12,5,Monday,False,Downtown_CBD,Heavy_Rain,0.392,60.0,1.0,60.0,62.7,100.9,36.2,0.5772,0.5772,-0.379,2169.74,45.0,False,0.02
2026-01-12 06:00:00,2026-01-12,6,Monday,False,Downtown_CBD,Heavy_Rain,0.483,60.0,1.161,69.68,132.1,104.1,62.8,0.4753,0.4753,0.269,4374.85,52.26,False,0.02
2026-01-12 07:00:00,2026-01-12,7,Monday,False,Downtown_CBD,Heavy_Rain,0.532,60.0,1.661,99.66,233.8,111.2,77.8,0.3326,0.3326,1.102,7749.4,74.75,False,0.038
2026-01-12 08:00:00,2026-01-12,8,Monday,False,Downtown_CBD,Heavy_Rain,0.691,60.0,1.858,111.49,281.9,116.0,88.1,0.3125,0.3125,1.43,9823.41,83.62,False,0.0479
2026-01-12 09:00:00,2026-01-12,9,Monday,False,Downtown_CBD,Heavy_Rain,0.632,60.0,1.866,111.94,304.0,124.4,91.0,0.2994,0.2994,1.443,10189.82,83.95,False,0.0483
2026-01-12 10:00:00,2026-01-12,10,Monday,False,Downtown_CBD,Heavy_Rain,0.556,60.0,1.418,85.06,204.7,120.7,79.7,0.3893,0.3893,0.696,6779.84,63.8,False,0.0259
2026-01-12 11:00:00,2026-01-12,11,Monday,False,Downtown_CBD,Heavy_Rain,0.427,60.0,1.072,64.33,135.1,120.6,71.9,0.5319,0.5319,0.12,4622.83,48.25,False,0.02
2026-01-12 12:00:00,2026-01-12,12,Monday,False,Downtown_CBD,Heavy_Rain,0.408,60.0,1.0,60.0,72.7,117.6,41.5,0.5717,0.5717,-0.382,2492.78,45.0,False,0.02
2026-01-12 13:00:00,2026-01-12,13,Monday,False,Downtown_CBD,Heavy_Rain,0.345,60.0,1.0,60.0,57.0,116.0,32.9,0.5768,0.5768,-0.509,1972.94,45.0,False,0.02
2026-01-12 14:00:00,2026-01-12,14,Monday,False,Downtown_CBD,Heavy_Rain,0.427,60.0,1.0,60.0,79.2,113.9,44.2,0.5575,0.5575,-0.304,2650.1,45.0,False,0.02
2026-01-12 15:00:00,2026-01-12,15,Monday,False,Downtown_CBD,Heavy_Rain,0.397,60.0,1.0,60.0,93.9,116.1,53.0,0.564,0.564,-0.191,3177.76,45.0,False,0.02
2026-01-12 16:00:00,2026-01-12,16,Monday,False,Downtown_CBD,Heavy_Rain,0.477,60.0,1.466,87.99,220.9,124.3,83.4,0.3775,0.3775,0.777,7336.78,65.99,False,0.0283
2026-01-12 17:00:00,2026-01-12,17,Monday,False,Downtown_CBD,Heavy_Rain,0.663,60.0,1.873,112.41,297.3,121.0,88.5,0.2977,0.2977,1.456,9946.59,84.31,False,0.0487
2026-01-12 18:00:00,2026-01-12,18,Monday,False,Downtown_CBD,Heavy_Rain,0.751,60.0,2.386,143.15,379.6,114.7,90.7,0.239,0.239,2.31,12986.35,107.36,False,0.0743
2026-01-12 19:00:00,2026-01-12,19,Monday,False,Downtown_CBD,Heavy_Rain,0.76,60.0,1.841,110.49,328.8,136.8,99.1,0.3015,0.3015,1.402,10953.31,82.87,False,0.0471
2026-01-12 20:00:00,2026-01-12,20,Monday,False,Downtown_CBD,Heavy_Rain,0.637,60.0,1.858,111.46,283.4,116.6,84.5,0.2982,0.2982,1.43,9419.0,83.59,False,0.0479
2026-01-12 21:00:00,2026-01-12,21,Monday,False,Downtown_CBD,Heavy_Rain,0.488,60.0,1.238,74.27,173.9,124.6,78.4,0.4505,0.4505,0.396,5819.16,55.7,False,0.02
2026-01-12 22:00:00,2026-01-12,22,Monday,False,Downtown_CBD,Heavy_Rain,0.419,60.0,1.0,60.0,86.8,119.4,49.8,0.5741,0.5741,-0.274,2988.1,45.0,False,0.02
2026-01-12 23:00:00,2026-01-12,23,Monday,False,Downtown_CBD,Heavy_Rain,0.317,60.0,1.0,60.0,55.8,107.9,31.7,0.5679,0.5679,-0.483,1902.69,45.0,False,0.02
2026-01-13 00:00:00,2026-01-13,0,Tuesday,False,Downtown_CBD,Clear,0.078,60.0,1.0,60.0,52.7,72.4,34.5,0.6551,0.6551,-0.273,2069.83,45.0,False,0.02
2026-01-13 01:00:00,2026-01-13,1,Tuesday,False,Downtown_CBD,Clear,0.095,60.0,1.0,60.0,51.5,69.6,35.5,0.6897,0.6897,-0.259,2132.37,45.0,False,0.02
2026-01-13 02:00:00,2026-01-13,2,Tuesday,False,Downtown_CBD,Clear,0.032,60.0,1.0,60.0,48.2,81.4,31.9,0.6631,0.6631,-0.408,1916.99,45.0,False,0.02
2026-01-13 03:00:00,2026-01-13,3,Tuesday,False,Downtown_CBD,Clear,0.077,60.0,1.0,60.0,50.1,85.0,33.8,0.6748,0.6748,-0.411,2027.25,45.0,False,0.02
2026-01-13 04:00:00,2026-01-13,4,Tuesday,False,Downtown_CBD,Clear,0.047,60.0,1.0,60.0,54.1,96.1,34.5,0.6378,0.6378,-0.436,2072.06,45.0,False,0.02
2026-01-13 05:00:00,2026-01-13,5,Tuesday,False,Downtown_CBD,Clear,0.088,60.0,1.0,60.0,66.8,97.2,44.7,0.6697,0.6697,-0.313,2682.1,45.0,False,0.02
2026-01-13 06:00:00,2026-01-13,6,Tuesday,False,Downtown_CBD,Clear,0.143,60.0,1.127,67.6,134.3,110.9,78.8,0.5869,0.5869,0.211,5329.2,50.7,False,0.02
2026-01-13 07:00:00,2026-01-13,7,Tuesday,False,Downtown_CBD,Clear,0.274,60.0,1.38,82.83,195.8,119.8,93.9,0.4797,0.4797,0.634,7778.63,62.12,False,0.024
2026-01-13 08:00:00,2026-01-13,8,Tuesday,False,Downtown_CBD,Clear,0.369,60.0,1.94,116.38,306.1,119.3,104.7,0.3419,0.3419,1.566,12182.4,87.28,False,0.052
2026-01-13 09:00:00,2026-01-13,9,Tuesday,False,Downtown_CBD,Clear,0.386,60.0,1.852,111.12,288.7,119.3,98.7,0.3417,0.3417,1.42,10962.03,83.34,False,0.0476
2026-01-13 10:00:00,2026-01-13,10,Tuesday,False,Downtown_CBD,Clear,0.284,60.0,1.52,91.18,252.3,135.2,108.4,0.4295,0.4295,0.866,9880.09,68.39,False,0.031
2026-01-13 11:00:00,2026-01-13,11,Tuesday,False,Downtown_CBD,Clear,0.138,60.0,1.11,66.62,128.6,108.6,76.0,0.5914,0.5914,0.184,5065.19,49.97,False,0.02
2026-01-13 12:00:00,2026-01-13,12,Tuesday,False,Downtown_CBD,Clear,0.041,60.0,1.0,60.0,77.0,129.3,49.5,0.643,0.643,-0.404,2970.05,45.0,False,0.02
2026-01-13 13:00:00,2026-01-13,13,Tuesday,False,Downtown_CBD,Clear,0.06,60.0,1.0,60.0,54.5,109.5,36.1,0.6624,0.6624,-0.503,2164.52,45.0,False,0.02
2026-01-13 14:00:00,2026-01-13,14,Tuesday,False,Downtown_CBD,Clear,0.059,60.0,1.0,60.0,69.3,125.8,46.3,0.667,0.667,-0.449,2775.36,45.0,False,0.02
2026-01-13 15:00:00,2026-01-13,15,Tuesday,False,Downtown_CBD,Clear,0.117,60.0,1.0,60.0,98.8,120.4,66.1,0.6688,0.6688,-0.179,3966.17,45.0,False,0.02
2026-01-13 16:00:00,2026-01-13,16,Tuesday,False,Downtown_CBD,Clear,0.221,60.0,1.0,60.0,131.7,136.8,85.8,0.6517,0.6517,-0.038,5147.86,45.0,False,0.02
2026-01-13 17:00:00,2026-01-13,17,Tuesday,False,Downtown_CBD,Clear,0.32,60.0,1.59,95.42,244.1,123.0,100.0,0.4097,0.4097,0.984,9543.72,71.56,False,0.0345
2026-01-13 18:00:00,2026-01-13,18,Tuesday,False,Downtown_CBD,Clear,0.426,60.0,1.902,114.13,324.6,129.6,112.4,0.3463,0.3463,1.504,12827.08,85.6,False,0.0501
2026-01-13 19:00:00,2026-01-13,19,Tuesday,False,Downtown_CBD,Clear,0.376,60.0,2.035,122.08,347.2,127.5,114.0,0.3284,0.3284,1.724,13920.41,91.56,False,0.0567
2026-01-13 20:00:00,2026-01-13,20,Tuesday,False,Downtown_CBD,Clear,0.328,60.0,1.595,95.73,250.8,125.9,100.3,0.4,0.4,0.992,9603.89,71.8,False,0.0348
2026-01-13 21:00:00,2026-01-13,21,Tuesday,False,Downtown_CBD,Clear,0.168,60.0,1.097,65.83,141.8,122.0,82.8,0.5838,0.5838,0.162,5448.58,49.37,False,0.02
2026-01-13 22:00:00,2026-01-13,22,Tuesday,False,Downtown_CBD,Clear,0.09,60.0,1.0,60.0,113.3,116.5,73.9,0.6527,0.6527,-0.028,4435.41,45.0,False,0.02
2026-01-13 23:00:00,2026-01-13,23,Tuesday,False,Downtown_CBD,Clear,0.082,60.0,1.0,60.0,58.0,111.9,38.1,0.6564,0.6564,-0.482,2283.11,45.0,False,0.02
2026-01-14 00:00:00,2026-01-14,0,Wednesday,False,Downtown_CBD,Rain,0.213,60.0,1.0,60.0,51.1,69.2,32.3,0.6316,0.6316,-0.261,1937.98,45.0,False,0.02
2026-01-14 01:00:00,2026-01-14,1,Wednesday,False,Downtown_CBD,Rain,0.215,60.0,1.0,60.0,53.5,71.5,34.1,0.6372,0.6372,-0.252,2046.18,45.0,False,0.02
2026-01-14 02:00:00,2026-01-14,2,Wednesday,False,Downtown_CBD,Rain,0.212,60.0,1.0,60.0,61.3,71.6,38.4,0.627,0.627,-0.144,2306.34,45.0,False,0.02
2026-01-14 03:00:00,2026-01-14,3,Wednesday,False,Downtown_CBD,Rain,0.256,60.0,1.0,60.0,56.8,84.7,35.9,0.6316,0.6316,-0.329,2153.78,45.0,False,0.02
2026-01-14 04:00:00,2026-01-14,4,Wednesday,False,Downtown_CBD,Rain,0.191,60.0,1.0,60.0,58.1,92.3,35.9,0.6178,0.6178,-0.37,2154.7,45.0,False,0.02
2026-01-14 05:00:00,2026-01-14,5,Wednesday,False,Downtown_CBD,Rain,0.249,60.0,1.0,60.0,84.2,100.9,54.2,0.6445,0.6445,-0.166,3254.44,45.0,False,0.02
2026-01-14 06:00:00,2026-01-14,6,Wednesday,False,Downtown_CBD,Rain,0.311,60.0,1.2,71.99,139.2,104.4,73.5,0.5279,0.5279,0.333,5289.78,53.99,False,0.02
2026-01-14 07:00:00,2026-01-14,7,Wednesday,False,Downtown_CBD,Rain,0.425,60.0,1.806,108.35,247.3,105.6,86.1,0.348,0.348,1.343,9326.38,81.26,False,0.0453
2026-01-14 08:00:00,2026-01-14,8,Wednesday,False,Downtown_CBD,Rain,0.546,60.0,2.277,136.6,349.2,111.6,100.6,0.2882,0.2882,2.128,13745.89,102.45,False,0.0688
2026-01-14 09:00:00,2026-01-14,9,Wednesday,False,Downtown_CBD,Rain,0.558,60.0,2.034,122.02,336.8,123.7,104.1,0.309,0.309,1.723,12698.43,91.52,False,0.0567
2026-01-14 10:00:00,2026-01-14,10,Wednesday,False,Downtown_CBD,Rain,0.413,60.0,1.486,89.14,227.1,125.5,92.5,0.4072,0.4072,0.809,8243.78,66.86,False,0.0293
2026-01-14 11:00:00,2026-01-14,11,Wednesday,False,Downtown_CBD,Rain,0.319,60.0,1.0,60.0,111.1,125.0,71.2,0.6407,0.6407,-0.111,4270.05,45.0,False,0.02
2026-01-14 12:00:00,2026-01-14,12,Wednesday,False,Downtown_CBD,Rain,0.258,60.0,1.0,60.0,78.6,122.6,50.5,0.6422,0.6422,-0.359,3028.15,45.0,False,0.02
2026-01-14 13:00:00,2026-01-14,13,Wednesday,False,Downtown_CBD,Rain,0.188,60.0,1.0,60.0,64.3,127.5,41.8,0.6505,0.6505,-0.495,2510.28,45.0,False,0.02
2026-01-14 14:00:00,2026-01-14,14,Wednesday,False,Downtown_CBD,Rain,0.185,60.0,1.0,60.0,64.7,126.2,41.0,0.6336,0.6336,-0.488,2458.31,45.0,False,0.02
2026-01-14 15:00:00,2026-01-14,15,Wednesday,False,Downtown_CBD,Rain,0.289,60.0,1.0,60.0,96.9,132.5,63.9,0.6588,0.6588,-0.268,3831.37,45.0,False,0.02
2026-01-14 16:00:00,2026-01-14,16,Wednesday,False,Downtown_CBD,Rain,0.34,60.0,1.187,71.25,161.6,123.1,83.8,0.5189,0.5189,0.312,5973.2,53.44,False,0.02
2026-01-14 17:00:00,2026-01-14,17,Wednesday,False,Downtown_CBD,Rain,0.487,60.0,1.855,111.3,313.4,129.2,106.5,0.3397,0.3397,1.425,11850.33,83.47,False,0.0478
2026-01-14 18:00:00,2026-01-14,18,Wednesday,False,Downtown_CBD,Rain,0.593,60.0,2.171,130.29,388.5,131.6,108.2,0.2784,0.2784,1.952,14091.98,97.72,False,0.0636
2026-01-14 19:00:00,2026-01-14,19,Wednesday,False,Downtown_CBD,Rain,0.579,60.0,1.984,119.03,354.1,134.1,108.8,0.3072,0.3072,1.64,12945.94,89.27,False,0.0542
2026-01-14 20:00:00,2026-01-14,20,Wednesday,False,Downtown_CBD,Rain,0.491,60.0,1.941,116.44,313.6,122.1,103.0,0.3285,0.3285,1.568,11996.76,87.33,False,0.052
2026-01-14 21:00:00,2026-01-14,21,Wednesday,False,Downtown_CBD,Rain,0.352,60.0,1.308,78.49,181.8,120.1,87.6,0.4818,0.4818,0.514,6876.35,58.87,False,0.0204
2026-01-14 22:00:00,2026-01-14,22,Wednesday,False,Downtown_CBD,Rain,0.27,60.0,1.0,60.0,114.4,116.8,73.6,0.6429,0.6429,-0.02,4413.97,45.0,False,0.02
2026-01-14 23:00:00,2026-01-14,23,Wednesday,False,Downtown_CBD,Rain,0.171,60.0,1.0,60.0,78.0,107.8,48.8,0.6247,0.6247,-0.276,2925.13,45.0,False,0.02
2026-01-15 00:00:00,2026-01-15,0,Thursday,False,Downtown_CBD,Clear,0.05,60.0,1.0,60.0,47.0,76.3,30.9,0.6578,0.6578,-0.384,1854.62,45.0,False,0.02
2026-01-15 01:00:00,2026-01-15,1,Thursday,False,Downtown_CBD,Clear,0.07,60.0,1.0,60.0,51.0,77.5,34.3,0.6732,0.6732,-0.342,2058.04,45.0,False,0.02
2026-01-15 02:00:00,2026-01-15,2,Thursday,False,Downtown_CBD,Clear,0.06,60.0,1.0,60.0,49.5,78.9,33.6,0.679,0.679,-0.373,2016.39,45.0,False,0.02
2026-01-15 03:00:00,2026-01-15,3,Thursday,False,Downtown_CBD,Clear,0.035,60.0,1.0,60.0,50.0,83.7,34.3,0.6857,0.6857,-0.403,2056.67,45.0,False,0.02
2026-01-15 04:00:00,2026-01-15,4,Thursday,False,Downtown_CBD,Clear,0.077,60.0,1.0,60.0,58.7,91.8,40.1,0.6827,0.6827,-0.36,2405.15,45.0,False,0.02
2026-01-15 05:00:00,2026-01-15,5,Thursday,False,Downtown_CBD,Clear,0.063,60.0,1.0,60.0,71.2,101.0,48.8,0.6846,0.6846,-0.294,2926.54,45.0,False,0.02
2026-01-15 06:00:00,2026-01-15,6,Thursday,False,Downtown_CBD,Clear,0.149,60.0,1.0,60.0,124.1,125.3,82.2,0.662,0.662,-0.01,4929.13,45.0,False,0.02
2026-01-15 07:00:00,2026-01-15,7,Thursday,False,Downtown_CBD,Clear,0.234,60.0,1.661,99.65,236.9,112.8,93.9,0.3961,0.3961,1.101,9352.28,74.74,False,0.038
2026-01-15 08:00:00,2026-01-15,8,Thursday,False,Downtown_CBD,Clear,0.335,60.0,1.754,105.24,276.3,122.4,104.0,0.3765,0.3765,1.257,10949.49,78.93,False,0.0427
2026-01-15 09:00:00,2026-01-15,9,Thursday,False,Downtown_CBD,Clear,0.38,60.0,1.821,109.28,284.3,120.0,103.2,0.3629,0.3629,1.369,11276.51,81.96,False,0.0461
2026-01-15 10:00:00,2026-01-15,10,Thursday,False,Downtown_CBD,Clear,0.281,60.0,1.399,83.94,242.4,145.6,109.7,0.4526,0.4526,0.665,9208.38,62.95,False,0.025
2026-01-15 11:00:00,2026-01-15,11,Thursday,False,Downtown_CBD,Clear,0.126,60.0,1.0,60.0,116.5,121.2,77.5,0.6651,0.6651,-0.039,4650.17,45.0,False,0.02
2026-01-15 12:00:00,2026-01-15,12,Thursday,False,Downtown_CBD,Clear,0.102,60.0,1.0,60.0,76.8,126.2,52.7,0.6859,0.6859,-0.392,3159.74,45.0,False,0.02
2026-01-15 13:00:00,2026-01-15,13,Thursday,False,Downtown_CBD,Clear,0.012,60.0,1.0,60.0,52.5,108.2,35.0,0.6659,0.6659,-0.514,2099.16,45.0,False,0.02
2026-01-15 14:00:00,2026-01-15,14,Thursday,False,Downtown_CBD,Clear,0.136,60.0,1.0,60.0,66.7,126.7,43.7,0.6558,0.6558,-0.474,2623.68,45.0,False,0.02
2026-01-15 15:00:00,2026-01-15,15,Thursday,False,Downtown_CBD,Clear,0.121,60.0,1.0,60.0,83.2,122.5,55.2,0.6631,0.6631,-0.321,3309.79,45.0,False,0.02
2026-01-15 16:00:00,2026-01-15,16,Thursday,False,Downtown_CBD,Clear,0.188,60.0,1.191,71.47,169.3,128.4,95.3,0.5627,0.5627,0.319,6808.54,53.6,False,0.02
2026-01-15 17:00:00,2026-01-15,17,Thursday,False,Downtown_CBD,Clear,0.316,60.0,1.658,99.48,286.2,136.5,114.1,0.3986,0.3986,1.097,11349.12,74.61,False,0.0379
2026-01-15 18:00:00,2026-01-15,18,Thursday,False,Downtown_CBD,Clear,0.466,60.0,2.331,139.85,409.9,127.4,117.8,0.2875,0.2875,2.218,16479.74,104.89,False,0.0715
2026-01-15 19:00:00,2026-01-15,19,Thursday,False,Downtown_CBD,Clear,0.408,60.0,1.803,108.21,316.2,135.2,113.6,0.3593,0.3593,1.339,12291.25,81.16,False,0.0452
2026-01-15 20:00:00,2026-01-15,20,Thursday,False,Downtown_CBD,Clear,0.296,60.0,1.677,100.6,281.7,132.4,113.8,0.4041,0.4041,1.128,11452.03,75.45,False,0.0388
2026-01-15 21:00:00,2026-01-15,21,Thursday,False,Downtown_CBD,Clear,0.219,60.0,1.217,73.04,156.9,115.2,84.6,0.5392,0.5392,0.362,6180.55,54.78,False,0.02
2026-01-15 22:00:00,2026-01-15,22,Thursday,False,Downtown_CBD,Clear,0.115,60.0,1.0,60.0,96.9,109.8,65.2,0.673,0.673,-0.117,3913.63,45.0,False,0.02
2026-01-15 23:00:00,2026-01-15,23,Thursday,False,Downtown_CBD,Clear,0.033,60.0,1.0,60.0,67.9,109.3,44.0,0.6485,0.6485,-0.379,2642.25,45.0,False,0.02
2026-01-16 00:00:00,2026-01-16,0,Friday,False,Downtown_CBD,Clear,0.057,60.0,1.0,60.0,53.6,66.0,35.4,0.6607,0.6607,-0.188,2123.73,45.0,False,0.02
2026-01-16 01:00:00,2026-01-16,1,Friday,False,Downtown_CBD,Clear,0.089,60.0,1.0,60.0,44.4,74.9,30.3,0.683,0.683,-0.408,1818.37,45.0,False,0.02
2026-01-16 02:00:00,2026-01-16,2,Friday,False,Downtown_CBD,Clear,0.0,60.0,1.0,60.0,46.0,78.5,31.1,0.6768,0.6768,-0.415,1867.39,45.0,False,0.02
2026-01-16 03:00:00,2026-01-16,3,Friday,False,Downtown_CBD,Clear,0.077,60.0,1.0,60.0,48.9,74.6,32.4,0.6638,0.6638,-0.345,1946.41,45.0,False,0.02
2026-01-16 04:00:00,2026-01-16,4,Friday,False,Downtown_CBD,Clear,0.083,60.0,1.0,60.0,58.0,91.9,37.8,0.6511,0.6511,-0.369,2266.96,45.0,False,0.02
2026-01-16 05:00:00,2026-01-16,5,Friday,False,Downtown_CBD,Clear,0.071,60.0,1.0,60.0,61.7,106.9,42.0,0.6802,0.6802,-0.423,2517.03,45.0,False,0.02
2026-01-16 06:00:00,2026-01-16,6,Friday,False,Downtown_CBD,Clear,0.166,60.0,1.1,66.03,131.2,112.4,80.7,0.6153,0.6153,0.167,5329.82,49.52,False,0.02
2026-01-16 07:00:00,2026-01-16,7,Friday,False,Downtown_CBD,Clear,0.276,60.0,1.568,94.07,240.5,123.6,101.8,0.4231,0.4231,0.946,9573.24,70.55,False,0.0334
2026-01-16 08:00:00,2026-01-16,8,Friday,False,Downtown_CBD,Clear,0.437,60.0,1.856,111.34,284.2,117.1,99.3,0.3492,0.3492,1.426,11050.5,83.5,False,0.0478
2026-01-16 09:00:00,2026-01-16,9,Friday,False,Downtown_CBD,Clear,0.277,60.0,1.782,106.95,291.8,126.6,109.2,0.3742,0.3742,1.304,11678.41,80.21,False,0.0441
2026-01-16 10:00:00,2026-01-16,10,Friday,False,Downtown_CBD,Clear,0.301,60.0,1.433,85.96,225.0,130.7,104.8,0.4656,0.4656,0.721,9006.81,64.47,False,0.0266
2026-01-16 11:00:00,2026-01-16,11,Friday,False,Downtown_CBD,Clear,0.167,60.0,1.049,62.95,131.3,121.3,85.7,0.6531,0.6531,0.082,5396.84,47.21,False,0.02
2026-01-16 12:00:00,2026-01-16,12,Friday,False,Downtown_CBD,Clear,0.1,60.0,1.0,60.0,81.2,130.1,53.0,0.6531,0.6531,-0.376,3182.32,45.0,False,0.02
2026-01-16 13:00:00,2026-01-16,13,Friday,False,Downtown_CBD,Clear,0.001,60.0,1.0,60.0,63.8,122.0,42.1,0.6593,0.6593,-0.477,2525.31,45.0,False,0.02
2026-01-16 14:00:00,2026-01-16,14,Friday,False,Downtown_CBD,Clear,0.084,60.0,1.0,60.0,63.7,117.8,44.4,0.6974,0.6974,-0.459,2665.5,45.0,False,0.02
2026-01-16 15:00:00,2026-01-16,15,Friday,False,Downtown_CBD,Clear,0.148,60.0,1.0,60.0,104.3,134.9,67.8,0.6505,0.6505,-0.227,4070.25,45.0,False,0.02
2026-01-16 16:00:00,2026-01-16,16,Friday,False,Downtown_CBD,Clear,0.229,60.0,1.152,69.13,158.4,126.4,92.4,0.583,0.583,0.254,6384.98,51.85,False,0.02
2026-01-16 17:00:00,2026-01-16,17,Friday,False,Downtown_CBD,Clear,0.349,60.0,1.726,103.54,290.3,131.4,107.6,0.3708,0.3708,1.209,11146.06,77.66,False,0.0413
2026-01-16 18:00:00,2026-01-16,18,Friday,False,Downtown_CBD,Clear,0.432,60.0,1.933,115.97,368.1,144.1,129.8,0.3527,0.3527,1.555,15057.45,86.98,False,0.0516
2026-01-16 19:00:00,2026-01-16,19,Friday,False,Downtown_CBD,Clear,0.417,60.0,1.844,110.63,372.6,154.8,136.9,0.3673,0.3673,1.406,15141.89,82.97,False,0.0472
2026-01-16 20:00:00,2026-01-16,20,Friday,False,Downtown_CBD,Clear,0.303,60.0,1.839,110.36,294.0,122.6,105.5,0.3587,0.3587,1.399,11638.31,82.77,False,0.047
2026-01-16 21:00:00,2026-01-16,21,Friday,False,Downtown_CBD,Clear,0.194,60.0,1.045,62.68,138.2,128.6,87.6,0.6334,0.6334,0.075,5487.77,47.01,False,0.02
2026-01-16 22:00:00,2026-01-16,22,Friday,False,Downtown_CBD,Clear,0.108,60.0,1.0,60.0,103.8,105.4,69.4,0.6684,0.6684,-0.015,4162.38,45.0,False,0.02
2026-01-16 23:00:00,2026-01-16,23,Friday,False,Downtown_CBD,Clear,0.027,60.0,1.0,60.0,66.5,113.3,43.7,0.6573,0.6573,-0.413,2623.62,45.0,False,0.02
2026-01-17 00:00:00,2026-01-17,0,Saturday,True,Downtown_CBD,Clear,0.025,60.0,1.0,60.0,64.6,73.5,42.5,0.6577,0.6577,-0.121,2547.9,45.0,False,0.02
2026-01-17 01:00:00,2026-01-17,1,Saturday,True,Downtown_CBD,Clear,0.056,60.0,1.0,60.0,66.0,76.0,44.5,0.6738,0.6738,-0.132,2668.5,45.0,False,0.02
2026-01-17 02:00:00,2026-01-17,2,Saturday,True,Downtown_CBD,Clear,0.049,60.0,1.0,60.0,54.8,80.2,35.4,0.6449,0.6449,-0.317,2121.18,45.0,False,0.02
2026-01-17 03:00:00,2026-01-17,3,Saturday,True,Downtown_CBD,Clear,0.049,60.0,1.0,60.0,71.5,71.9,48.4,0.6775,0.6775,-0.006,2906.32,45.0,False,0.02
2026-01-17 04:00:00,2026-01-17,4,Saturday,True,Downtown_CBD,Clear,0.054,60.0,1.0,60.0,61.2,84.9,39.1,0.6384,0.6384,-0.279,2345.18,45.0,False,0.02
2026-01-17 05:00:00,2026-01-17,5,Saturday,True,Downtown_CBD,Clear,0.126,60.0,1.0,60.0,64.7,85.0,44.7,0.6903,0.6903,-0.238,2680.25,45.0,False,0.02
2026-01-17 06:00:00,2026-01-17,6,Saturday,True,Downtown_CBD,Clear,0.086,60.0,1.027,61.62,83.5,79.9,54.1,0.6486,0.6486,0.045,3335.81,46.21,False,0.02
2026-01-17 07:00:00,2026-01-17,7,Saturday,True,Downtown_CBD,Clear,0.093,60.0,1.0,60.0,78.0,86.8,52.9,0.6786,0.6786,-0.102,3173.77,45.0,False,0.02
2026-01-17 08:00:00,2026-01-17,8,Saturday,True,Downtown_CBD,Clear,0.127,60.0,1.115,66.88,109.5,91.9,67.5,0.6167,0.6167,0.191,4516.74,50.16,False,0.02
2026-01-17 09:00:00,2026-01-17,9,Saturday,True,Downtown_CBD,Clear,0.15,60.0,1.123,67.36,130.7,108.6,77.0,0.5886,0.5886,0.204,5183.67,50.52,False,0.02
2026-01-17 10:00:00,2026-01-17,10,Saturday,True,Downtown_CBD,Clear,0.226,60.0,1.318,79.1,164.7,107.6,82.6,0.5016,0.5016,0.53,6536.08,59.32,False,0.0209
2026-01-17 11:00:00,2026-01-17,11,Saturday,True,Downtown_CBD,Clear,0.208,60.0,1.44,86.39,187.4,108.1,83.0,0.443,0.443,0.733,7170.2,64.79,False,0.027
2026-01-17 12:00:00,2026-01-17,12,Saturday,True,Downtown_CBD,Clear,0.289,60.0,1.626,97.55,244.5,119.7,100.8,0.4122,0.4122,1.043,9831.88,73.16,False,0.0363
2026-01-17 13:00:00,2026-01-17,13,Saturday,True,Downtown_CBD,Clear,0.324,60.0,1.662,99.74,274.1,130.3,107.6,0.3925,0.3925,1.104,10730.31,74.8,False,0.0381
2026-01-17 14:00:00,2026-01-17,14,Saturday,True,Downtown_CBD,Clear,0.277,60.0,1.666,99.96,288.9,136.9,115.0,0.398,0.398,1.11,11493.37,74.97,False,0.0383
2026-01-17 15:00:00,2026-01-17,15,Saturday,True,Downtown_CBD,Clear,0.318,60.0,1.592,95.53,260.7,131.2,107.6,0.4128,0.4128,0.987,10280.67,71.65,False,0.0346
2026-01-17 16:00:00,2026-01-17,16,Saturday,True,Downtown_CBD,Clear,0.309,60.0,1.381,82.85,224.5,137.3,106.0,0.4722,0.4722,0.635,8781.81,62.14,False,0.024
2026-01-17 17:00:00,2026-01-17,17,Saturday,True,Downtown_CBD,Clear,0.256,60.0,1.444,86.63,220.6,126.8,97.6,0.4421,0.4421,0.74,8451.4,64.97,False,0.0272
2026-01-17 18:00:00,2026-01-17,18,Saturday,True,Downtown_CBD,Clear,0.215,60.0,1.183,70.98,170.2,130.4,97.3,0.5721,0.5721,0.305,6909.75,53.23,False,0.02
2026-01-17 19:00:00,2026-01-17,19,Saturday,True,Downtown_CBD,Clear,0.255,60.0,1.28,76.81,180.9,123.3,92.9,0.5134,0.5134,0.467,7132.49,57.61,False,0.02
2026-01-17 20:00:00,2026-01-17,20,Saturday,True,Downtown_CBD,Clear,0.264,60.0,1.644,98.63,230.5,111.2,91.9,0.3986,0.3986,1.073,9060.85,73.97,False,0.0372
2026-01-17 21:00:00,2026-01-17,21,Saturday,True,Downtown_CBD,Clear,0.341,60.0,1.778,106.68,235.3,102.4,87.7,0.373,0.373,1.297,9360.69,80.01,False,0.0439
2026-01-17 22:00:00,2026-01-17,22,Saturday,True,Downtown_CBD,Clear,0.429,60.0,2.434,146.07,329.7,97.2,91.6,0.2779,0.2779,2.391,13382.32,109.55,False,0.0767
2026-01-17 23:00:00,2026-01-17,23,Saturday,True,Downtown_CBD,Clear,0.404,60.0,2.473,148.37,323.5,93.6,88.7,0.2741,0.2741,2.455,13158.64,111.28,False,0.0786
2026-01-18 00:00:00,2026-01-18,0,Sunday,True,Downtown_CBD,Clear,0.049,60.0,1.0,60.0,54.8,80.5,37.3,0.6797,0.6797,-0.319,2236.07,45.0,False,0.02
2026-01-18 01:00:00,2026-01-18,1,Sunday,True,Downtown_CBD,Clear,0.065,60.0,1.0,60.0,67.0,77.9,45.3,0.6756,0.6756,-0.14,2716.41,45.0,False,0.02
2026-01-18 02:00:00,2026-01-18,2,Sunday,True,Downtown_CBD,Clear,0.023,60.0,1.0,60.0,65.7,70.9,42.9,0.6533,0.6533,-0.074,2573.92,45.0,False,0.02
2026-01-18 03:00:00,2026-01-18,3,Sunday,True,Downtown_CBD,Clear,0.087,60.0,1.0,60.0,61.6,70.0,42.8,0.695,0.695,-0.121,2566.96,45.0,False,0.02
2026-01-18 04:00:00,2026-01-18,4,Sunday,True,Downtown_CBD,Clear,0.088,60.0,1.0,60.0,64.7,88.4,44.3,0.6837,0.6837,-0.268,2655.04,45.0,False,0.02
2026-01-18 05:00:00,2026-01-18,5,Sunday,True,Downtown_CBD,Clear,0.086,60.0,1.0,60.0,69.4,75.3,48.2,0.6946,0.6946,-0.078,2892.59,45.0,False,0.02
2026-01-18 06:00:00,2026-01-18,6,Sunday,True,Downtown_CBD,Clear,0.131,60.0,1.0,60.0,73.9,87.5,48.8,0.6596,0.6596,-0.155,2925.07,45.0,False,0.02
2026-01-18 07:00:00,2026-01-18,7,Sunday,True,Downtown_CBD,Clear,0.138,60.0,1.048,62.86,93.7,86.8,60.2,0.6428,0.6428,0.079,3785.57,47.14,False,0.02
2026-01-18 08:00:00,2026-01-18,8,Sunday,True,Downtown_CBD,Clear,0.138,60.0,1.091,65.48,113.1,98.1,70.3,0.6217,0.6217,0.152,4602.0,49.11,False,0.02
2026-01-18 09:00:00,2026-01-18,9,Sunday,True,Downtown_CBD,Clear,0.137,60.0,1.295,77.7,159.2,106.7,79.2,0.4976,0.4976,0.492,6153.26,58.28,False,0.02
2026-01-18 10:00:00,2026-01-18,10,Sunday,True,Downtown_CBD,Clear,0.247,60.0,1.508,90.51,180.5,97.7,79.4,0.4397,0.4397,0.847,7182.28,67.88,False,0.0304
2026-01-18 11:00:00,2026-01-18,11,Sunday,True,Downtown_CBD,Clear,0.261,60.0,1.478,88.67,224.9,125.2,97.2,0.432,0.432,0.796,8615.12,66.5,False,0.0289
2026-01-18 12:00:00,2026-01-18,12,Sunday,True,Downtown_CBD,Clear,0.335,60.0,1.663,99.79,232.9,110.6,91.8,0.3939,0.3939,1.105,9156.21,74.84,False,0.0382
2026-01-18 13:00:00,2026-01-18,13,Sunday,True,Downtown_CBD,Clear,0.282,60.0,1.661,99.69,268.5,127.7,107.1,0.3987,0.3987,1.102,10671.87,74.77,False,0.0381
2026-01-18 14:00:00,2026-01-18,14,Sunday,True,Downtown_CBD,Clear,0.318,60.0,1.527,91.61,268.5,143.0,114.4,0.426,0.426,0.878,10480.83,68.71,False,0.0313
2026-01-18 15:00:00,2026-01-18,15,Sunday,True,Downtown_CBD,Clear,0.352,60.0,1.796,107.77,292.1,125.5,106.2,0.3637,0.3637,1.327,11450.19,80.83,False,0.0448
2026-01-18 16:00:00,2026-01-18,16,Sunday,True,Downtown_CBD,Clear,0.266,60.0,1.363,81.81,224.6,139.9,108.7,0.484,0.484,0.606,8893.69,61.36,False,0.0232
2026-01-18 17:00:00,2026-01-18,17,Sunday,True,Downtown_CBD,Clear,0.243,60.0,1.211,72.64,178.7,132.3,95.2,0.5329,0.5329,0.351,6918.28,54.48,False,0.02
2026-01-18 18:00:00,2026-01-18,18,Sunday,True,Downtown_CBD,Clear,0.242,60.0,1.132,67.92,164.7,135.0,97.9,0.5943,0.5943,0.22,6650.12,50.94,False,0.02
2026-01-18 19:00:00,2026-01-18,19,Sunday,True,Downtown_CBD,Clear,0.178,60.0,1.11,66.62,149.1,126.0,87.8,0.5888,0.5888,0.184,5849.75,49.97,False,0.02
2026-01-18 20:00:00,2026-01-18,20,Sunday,True,Downtown_CBD,Clear,0.266,60.0,1.5,89.98,200.1,109.2,86.3,0.4311,0.4311,0.833,7760.88,67.48,False,0.03
2026-01-18 21:00:00,2026-01-18,21,Sunday,True,Downtown_CBD,Clear,0.314,60.0,1.832,109.93,241.4,101.1,86.2,0.357,0.357,1.387,9474.69,82.45,False,0.0466
2026-01-18 22:00:00,2026-01-18,22,Sunday,True,Downtown_CBD,Clear,0.372,60.0,2.148,128.87,296.2,101.7,93.2,0.3148,0.3148,1.913,12015.72,96.65,False,0.0624
2026-01-18 23:00:00,2026-01-18,23,Sunday,True,Downtown_CBD,Clear,0.362,60.0,2.297,137.79,319.1,101.0,92.0,0.2883,0.2883,2.161,12676.16,103.34,False,0.0698
2026-01-19 00:00:00,2026-01-19,0,Monday,False,Downtown_CBD,Rain,0.245,60.0,1.0,60.0,52.9,74.6,32.9,0.6213,0.6213,-0.29,1973.52,45.0,False,0.02
2026-01-19 01:00:00,2026-01-19,1,Monday,False,Downtown_CBD,Rain,0.156,60.0,1.0,60.0,52.9,79.1,32.2,0.6093,0.6093,-0.332,1932.81,45.0,False,0.02
2026-01-19 02:00:00,2026-01-19,2,Monday,False,Downtown_CBD,Rain,0.207,60.0,1.0,60.0,52.4,84.4,33.9,0.6462,0.6462,-0.379,2031.66,45.0,False,0.02
2026-01-19 03:00:00,2026-01-19,3,Monday,False,Downtown_CBD,Rain,0.221,60.0,1.0,60.0,50.9,88.2,32.7,0.6425,0.6425,-0.423,1963.13,45.0,False,0.02
2026-01-19 04:00:00,2026-01-19,4,Monday,False,Downtown_CBD,Rain,0.221,60.0,1.0,60.0,58.7,93.4,36.4,0.621,0.621,-0.372,2186.01,45.0,False,0.02
2026-01-19 05:00:00,2026-01-19,5,Monday,False,Downtown_CBD,Rain,0.236,60.0,1.0,60.0,85.2,99.1,53.6,0.6286,0.6286,-0.14,3213.59,45.0,False,0.02
2026-01-19 06:00:00,2026-01-19,6,Monday,False,Downtown_CBD,Rain,0.305,60.0,1.144,68.63,142.0,114.6,78.1,0.5496,0.5496,0.24,5357.3,51.47,False,0.02
2026-01-19 07:00:00,2026-01-19,7,Monday,False,Downtown_CBD,Rain,0.36,60.0,1.727,103.6,245.9,111.2,87.2,0.3547,0.3547,1.211,9037.21,77.7,False,0.0413
2026-01-19 08:00:00,2026-01-19,8,Monday,False,Downtown_CBD,Rain,0.565,60.0,1.997,119.79,298.9,112.3,94.0,0.3143,0.3143,1.661,11254.93,89.84,False,0.0548
2026-01-19 09:00:00,2026-01-19,9,Monday,False,Downtown_CBD,Rain,0.509,60.0,2.052,123.13,321.8,116.9,101.7,0.3161,0.3161,1.754,12528.04,92.35,False,0.0576
2026-01-19 10:00:00,2026-01-19,10,Monday,False,Downtown_CBD,Rain,0.387,60.0,1.693,101.57,255.0,118.3,93.4,0.3662,0.3662,1.155,9484.61,76.18,False,0.0396
2026-01-19 11:00:00,2026-01-19,11,Monday,False,Downtown_CBD,Rain,0.333,60.0,1.063,63.76,135.0,122.2,81.0,0.5997,0.5997,0.105,5162.81,47.82,False,0.02
2026-01-19 12:00:00,2026-01-19,12,Monday,False,Downtown_CBD,Rain,0.189,60.0,1.0,60.0,81.9,129.7,52.1,0.6358,0.6358,-0.368,3124.44,45.0,False,0.02
2026-01-19 13:00:00,2026-01-19,13,Monday,False,Downtown_CBD,Rain,0.241,60.0,1.0,60.0,67.2,115.8,42.2,0.6273,0.6273,-0.419,2529.88,45.0,False,0.02
2026-01-19 14:00:00,2026-01-19,14,Monday,False,Downtown_CBD,Rain,0.21,60.0,1.0,60.0,66.4,108.1,43.6,0.6569,0.6569,-0.386,2615.34,45.0,False,0.02
2026-01-19 15:00:00,2026-01-19,15,Monday,False,Downtown_CBD,Rain,0.295,60.0,1.0,60.0,112.4,122.1,72.6,0.6462,0.6462,-0.079,4358.84,45.0,False,0.02
2026-01-19 16:00:00,2026-01-19,16,Monday,False,Downtown_CBD,Rain,0.371,60.0,1.231,73.88,181.9,131.3,92.5,0.5087,0.5087,0.386,6836.88,55.41,False,0.02
2026-01-19 17:00:00,2026-01-19,17,Monday,False,Downtown_CBD,Rain,0.494,60.0,1.87,112.21,330.1,134.7,110.4,0.3345,0.3345,1.45,12391.69,84.16,False,0.0485
2026-01-19 18:00:00,2026-01-19,18,Monday,False,Downtown_CBD,Rain,0.56,60.0,1.961,117.65,380.5,146.3,120.0,0.3155,0.3155,1.601,14122.56,88.24,False,0.053
2026-01-19 19:00:00,2026-01-19,19,Monday,False,Downtown_CBD,Rain,0.61,60.0,2.197,131.8,416.0,138.9,119.8,0.288,0.288,1.994,15794.26,98.85,False,0.0648
2026-01-19 20:00:00,2026-01-19,20,Monday,False,Downtown_CBD,Rain,0.471,60.0,1.824,109.45,327.8,138.1,109.7,0.3345,0.3345,1.373,12002.11,82.09,False,0.0462
2026-01-19 21:00:00,2026-01-19,21,Monday,False,Downtown_CBD,Rain,0.406,60.0,1.156,69.36,160.0,126.9,84.7,0.5293,0.5293,0.26,5872.87,52.02,False,0.02
2026-01-19 22:00:00,2026-01-19,22,Monday,False,Downtown_CBD,Rain,0.254,60.0,1.0,60.0,102.8,116.1,64.3,0.6258,0.6258,-0.115,3860.2,45.0,False,0.02
2026-01-19 23:00:00,2026-01-19,23,Monday,False,Downtown_CBD,Rain,0.248,60.0,1.0,60.0,74.1,96.3,47.3,0.6374,0.6374,-0.23,2835.51,45.0,False,0.02
2026-01-20 00:00:00,2026-01-20,0,Tuesday,False,Downtown_CBD,Clear,0.059,60.0,1.0,60.0,48.5,78.2,33.1,0.6822,0.6822,-0.379,1986.9,45.0,False,0.02
2026-01-20 01:00:00,2026-01-20,1,Tuesday,False,Downtown_CBD,Clear,0.031,60.0,1.0,60.0,52.8,77.7,35.2,0.6668,0.6668,-0.32,2114.33,45.0,False,0.02
2026-01-20 02:00:00,2026-01-20,2,Tuesday,False,Downtown_CBD,Clear,0.075,60.0,1.0,60.0,50.0,83.5,33.7,0.6749,0.6749,-0.401,2023.75,45.0,False,0.02
2026-01-20 03:00:00,2026-01-20,3,Tuesday,False,Downtown_CBD,Clear,0.077,60.0,1.0,60.0,52.6,80.5,34.5,0.6549,0.6549,-0.346,2068.05,45.0,False,0.02
2026-01-20 04:00:00,2026-01-20,4,Tuesday,False,Downtown_CBD,Clear,0.088,60.0,1.0,60.0,58.3,90.4,40.3,0.6909,0.6909,-0.355,2417.48,45.0,False,0.02
2026-01-20 05:00:00,2026-01-20,5,Tuesday,False,Downtown_CBD,Clear,0.063,60.0,1.0,60.0,82.6,99.1,54.7,0.6624,0.6624,-0.167,3280.7,45.0,False,0.02
2026-01-20 06:00:00,2026-01-20,6,Tuesday,False,Downtown_CBD,Clear,0.108,60.0,1.182,70.91,133.9,102.8,75.3,0.5626,0.5626,0.303,5342.64,53.18,False,0.02
2026-01-20 07:00:00,2026-01-20,7,Tuesday,False,Downtown_CBD,Clear,0.278,60.0,1.683,100.96,247.4,115.7,94.5,0.382,0.382,1.138,9539.61,75.72,False,0.0391
2026-01-20 08:00:00,2026-01-20,8,Tuesday,False,Downtown_CBD,Clear,0.328,60.0,1.665,99.9,256.5,121.7,96.1,0.3749,0.3749,1.108,9605.02,74.93,False,0.0382
2026-01-20 09:00:00,2026-01-20,9,Tuesday,False,Downtown_CBD,Clear,0.335,60.0,1.883,113.0,311.9,126.2,111.9,0.3587,0.3587,1.472,12641.82,84.75,False,0.0492
2026-01-20 10:00:00,2026-01-20,10,Tuesday,False,Downtown_CBD,Clear,0.262,60.0,1.455,87.31,225.8,128.4,100.9,0.447,0.447,0.759,8811.24,65.48,False,0.0278
2026-01-20 11:00:00,2026-01-20,11,Tuesday,False,Downtown_CBD,Clear,0.127,60.0,1.044,62.66,131.8,122.8,82.1,0.6225,0.6225,0.074,5141.86,46.99,False,0.02
2026-01-20 12:00:00,2026-01-20,12,Tuesday,False,Downtown_CBD,Clear,0.117,60.0,1.0,60.0,74.2,115.5,49.1,0.6618,0.6618,-0.357,2948.19,45.0,False,0.02
2026-01-20 13:00:00,2026-01-20,13,Tuesday,False,Downtown_CBD,Clear,0.099,60.0,1.0,60.0,54.7,117.8,37.1,0.6792,0.6792,-0.536,2227.68,45.0,False,0.02
2026-01-20 14:00:00,2026-01-20,14,Tuesday,False,Downtown_CBD,Clear,0.04,60.0,1.0,60.0,66.6,117.9,44.5,0.6682,0.6682,-0.435,2672.09,45.0,False,0.02
2026-01-20 15:00:00,2026-01-20,15,Tuesday,False,Downtown_CBD,Clear,0.127,60.0,1.0,60.0,112.9,135.6,76.5,0.6777,0.6777,-0.167,4590.44,45.0,False,0.02
2026-01-20 16:00:00,2026-01-20,16,Tuesday,False,Downtown_CBD,Clear,0.183,60.0,1.289,77.35,174.8,118.0,88.2,0.5044,0.5044,0.482,6820.63,58.01,False,0.02
2026-01-20 17:00:00,2026-01-20,17,Tuesday,False,Downtown_CBD,Clear,0.353,60.0,1.801,108.09,282.7,121.0,102.2,0.3615,0.3615,1.336,11044.6,81.07,False,0.0451
2026-01-20 18:00:00,2026-01-20,18,Tuesday,False,Downtown_CBD,Clear,0.463,60.0,2.22,133.23,389.1,128.3,110.7,0.2844,0.2844,2.034,14744.72,99.92,False,0.066
2026-01-20 19:00:00,2026-01-20,19,Tuesday,False,Downtown_CBD,Clear,0.415,60.0,1.77,106.22,337.3,147.7,126.8,0.3761,0.3761,1.284,13473.07,79.66,False,0.0435
2026-01-20 20:00:00,2026-01-20,20,Tuesday,False,Downtown_CBD,Clear,0.325,60.0,1.575,94.48,281.6,143.8,119.4,0.4239,0.4239,0.958,11277.32,70.86,False,0.0337
2026-01-20 21:00:00,2026-01-20,21,Tuesday,False,Downtown_CBD,Clear,0.169,60.0,1.291,77.45,182.1,122.6,87.0,0.4776,0.4776,0.485,6736.27,58.09,False,0.02
2026-01-20 22:00:00,2026-01-20,22,Tuesday,False,Downtown_CBD,Clear,0.132,60.0,1.0,60.0,98.5,117.4,66.1,0.671,0.671,-0.161,3966.03,45.0,False,0.02
2026-01-20 23:00:00,2026-01-20,23,Tuesday,False,Downtown_CBD,Clear,0.084,60.0,1.0,60.0,59.4,106.3,39.7,0.6672,0.6672,-0.441,2379.13,45.0,False,0.02
2026-01-21 00:00:00,2026-01-21,0,Wednesday,False,Downtown_CBD,Rain,0.269,60.0,1.0,60.0,53.8,74.7,34.0,0.6323,0.6323,-0.28,2039.46,45.0,False,0.02
2026-01-21 01:00:00,2026-01-21,1,Wednesday,False,Downtown_CBD,Rain,0.212,60.0,1.0,60.0,55.3,70.0,35.6,0.6432,0.6432,-0.21,2133.16,45.0,False,0.02
2026-01-21 02:00:00,2026-01-21,2,Wednesday,False,Downtown_CBD,Rain,0.206,60.0,1.0,60.0,60.6,77.0,37.9,0.6248,0.6248,-0.212,2273.76,45.0,False,0.02
2026-01-21 03:00:00,2026-01-21,3,Wednesday,False,Downtown_CBD,Rain,0.216,60.0,1.0,60.0,61.6,85.0,40.6,0.658,0.658,-0.275,2433.36,45.0,False,0.02
2026-01-21 04:00:00,2026-01-21,4,Wednesday,False,Downtown_CBD,Rain,0.213,60.0,1.0,60.0,70.9,88.6,45.0,0.635,0.635,-0.2,2700.49,45.0,False,0.02
2026-01-21 05:00:00,2026-01-21,5,Wednesday,False,Downtown_CBD,Rain,0.262,60.0,1.0,60.0,78.5,107.0,50.8,0.6468,0.6468,-0.266,3045.86,45.0,False,0.02
2026-01-21 06:00:00,2026-01-21,6,Wednesday,False,Downtown_CBD,Rain,0.294,60.0,1.252,75.13,135.0,95.1,68.2,0.5051,0.5051,0.42,5124.02,56.35,False,0.02
2026-01-21 07:00:00,2026-01-21,7,Wednesday,False,Downtown_CBD,Rain,0.483,60.0,1.658,99.49,235.6,112.4,89.2,0.3787,0.3787,1.097,8877.68,74.62,False,0.0379
2026-01-21 08:00:00,2026-01-21,8,Wednesday,False,Downtown_CBD,Rain,0.491,60.0,2.151,129.09,360.7,123.6,102.1,0.283,0.283,1.919,13174.93,96.82,False,0.0626
2026-01-21 09:00:00,2026-01-21,9,Wednesday,False,Downtown_CBD,Rain,0.522,60.0,1.928,115.67,312.3,122.6,101.6,0.3254,0.3254,1.546,11752.8,86.75,False,0.0514
2026-01-21 10:00:00,2026-01-21,10,Wednesday,False,Downtown_CBD,Rain,0.387,60.0,1.601,96.04,247.7,123.8,95.6,0.3861,0.3861,1.001,9185.9,72.03,False,0.035
2026-01-21 11:00:00,2026-01-21,11,Wednesday,False,Downtown_CBD,Rain,0.335,60.0,1.102,66.14,145.7,124.5,82.3,0.5645,0.5645,0.171,5441.94,49.61,False,0.02
2026-01-21 12:00:00,2026-01-21,12,Wednesday,False,Downtown_CBD,Rain,0.276,60.0,1.0,60.0,80.4,115.3,50.9,0.6327,0.6327,-0.303,3051.59,45.0,False,0.02
2026-01-21 13:00:00,2026-01-21,13,Wednesday,False,Downtown_CBD,Rain,0.233,60.0,1.0,60.0,65.5,127.2,42.3,0.6469,0.6469,-0.486,2540.87,45.0,False,0.02
2026-01-21 14:00:00,2026-01-21,14,Wednesday,False,Downtown_CBD,Rain,0.199,60.0,1.0,60.0,69.8,118.1,43.5,0.6233,0.6233,-0.409,2611.76,45.0,False,0.02
2026-01-21 15:00:00,2026-01-21,15,Wednesday,False,Downtown_CBD,Rain,0.246,60.0,1.0,60.0,104.7,132.6,68.8,0.6573,0.6573,-0.21,4130.96,45.0,False,0.02
2026-01-21 16:00:00,2026-01-21,16,Wednesday,False,Downtown_CBD,Rain,0.346,60.0,1.274,76.46,189.0,129.7,94.7,0.501,0.501,0.457,7238.49,57.34,False,0.02
2026-01-21 17:00:00,2026-01-21,17,Wednesday,False,Downtown_CBD,Rain,0.505,60.0,1.956,117.34,309.3,119.3,101.2,0.3271,0.3271,1.593,11870.14,88.0,False,0.0528
2026-01-21 18:00:00,2026-01-21,18,Wednesday,False,Downtown_CBD,Rain,0.577,60.0,2.044,122.61,340.2,124.2,105.1,0.3088,0.3088,1.739,12882.41,91.96,False,0.0572
2026-01-21 19:00:00,2026-01-21,19,Wednesday,False,Downtown_CBD,Rain,0.584,60.0,2.137,128.24,378.2,130.6,110.9,0.2932,0.2932,1.895,14222.26,96.18,False,0.0619
2026-01-21 20:00:00,2026-01-21,20,Wednesday,False,Downtown_CBD,Rain,0.484,60.0,1.795,107.71,327.8,141.0,113.7,0.3468,0.3468,1.325,12242.88,80.78,False,0.0448
2026-01-21 21:00:00,2026-01-21,21,Wednesday,False,Downtown_CBD,Rain,0.409,60.0,1.165,69.87,171.8,134.8,94.5,0.5504,0.5504,0.274,6606.08,52.4,False,0.02
2026-01-21 22:00:00,2026-01-21,22,Wednesday,False,Downtown_CBD,Rain,0.236,60.0,1.0,60.0,102.9,121.5,66.0,0.6419,0.6419,-0.153,3962.92,45.0,False,0.02
2026-01-21 23:00:00,2026-01-21,23,Wednesday,False,Downtown_CBD,Rain,0.248,60.0,1.0,60.0,70.2,97.9,44.9,0.6398,0.6398,-0.283,2694.5,45.0,False,0.02
2026-01-22 00:00:00,2026-01-22,0,Thursday,False,Downtown_CBD,Clear,0.107,60.0,1.0,60.0,52.1,71.6,34.8,0.6678,0.6678,-0.273,2085.71,45.0,False,0.02
2026-01-22 01:00:00,2026-01-22,1,Thursday,False,Downtown_CBD,Clear,0.034,60.0,1.0,60.0,44.1,74.9,30.0,0.6794,0.6794,-0.411,1798.07,45.0,False,0.02
2026-01-22 02:00:00,2026-01-22,2,Thursday,False,Downtown_CBD,Clear,0.066,60.0,1.0,60.0,51.3,77.7,34.3,0.6682,0.6682,-0.34,2055.04,45.0,False,0.02
2026-01-22 03:00:00,2026-01-22,3,Thursday,False,Downtown_CBD,Clear,0.079,60.0,1.0,60.0,47.1,84.1,30.8,0.6549,0.6549,-0.441,1849.05,45.0,False,0.02
2026-01-22 04:00:00,2026-01-22,4,Thursday,False,Downtown_CBD,Clear,0.102,60.0,1.0,60.0,58.7,94.2,41.0,0.6976,0.6976,-0.377,2457.25,45.0,False,0.02
2026-01-22 05:00:00,2026-01-22,5,Thursday,False,Downtown_CBD,Clear,0.08,60.0,1.0,60.0,74.8,97.1,50.7,0.678,0.678,-0.23,3042.94,45.0,False,0.02
2026-01-22 06:00:00,2026-01-22,6,Thursday,False,Downtown_CBD,Clear,0.205,60.0,1.111,66.67,129.9,109.6,77.1,0.5932,0.5932,0.185,5137.72,50.0,False,0.02
2026-01-22 07:00:00,2026-01-22,7,Thursday,False,Downtown_CBD,Clear,0.244,60.0,1.327,79.64,206.7,133.7,99.5,0.4812,0.4812,0.546,7921.22,59.73,False,0.0214
2026-01-22 08:00:00,2026-01-22,8,Thursday,False,Downtown_CBD,Clear,0.358,60.0,1.917,115.0,315.5,124.8,108.8,0.3448,0.3448,1.528,12513.65,86.25,False,0.0508
2026-01-22 09:00:00,2026-01-22,9,Thursday,False,Downtown_CBD,Clear,0.334,60.0,1.873,112.35,287.3,117.1,101.0,0.3514,0.3514,1.454,11344.43,84.26,False,0.0486
2026-01-22 10:00:00,2026-01-22,10,Thursday,False,Downtown_CBD,Clear,0.292,60.0,1.418,85.06,221.1,130.4,101.2,0.4575,0.4575,0.696,8604.39,63.8,False,0.0259
2026-01-22 11:00:00,2026-01-22,11,Thursday,False,Downtown_CBD,Clear,0.171,60.0,1.079,64.73,131.4,116.2,79.4,0.6042,0.6042,0.131,5139.74,48.55,False,0.02
2026-01-22 12:00:00,2026-01-22,12,Thursday,False,Downtown_CBD,Clear,0.109,60.0,1.0,60.0,65.7,114.6,43.0,0.6543,0.6543,-0.427,2579.55,45.0,False,0.02
2026-01-22 13:00:00,2026-01-22,13,Thursday,False,Downtown_CBD,Clear,0.025,60.0,1.0,60.0,53.4,121.4,35.6,0.6674,0.6674,-0.56,2136.92,45.0,False,0.02
2026-01-22 14:00:00,2026-01-22,14,Thursday,False,Downtown_CBD,Clear,0.037,60.0,1.0,60.0,62.8,128.9,42.0,0.669,0.669,-0.513,2521.29,45.0,False,0.02
2026-01-22 15:00:00,2026-01-22,15,Thursday,False,Downtown_CBD,Clear,0.107,60.0,1.0,60.0,106.3,127.1,71.6,0.6732,0.6732,-0.163,4294.43,45.0,False,0.02
2026-01-22 16:00:00,2026-01-22,16,Thursday,False,Downtown_CBD,Clear,0.235,60.0,1.17,70.17,164.2,128.0,92.6,0.5641,0.5641,0.283,6500.23,52.63,False,0.02
2026-01-22 17:00:00,2026-01-22,17,Thursday,False,Downtown_CBD,Clear,0.36,60.0,1.819,109.15,286.9,121.3,108.5,0.3781,0.3781,1.365,11838.82,81.86,False,0.046
2026-01-22 18:00:00,2026-01-22,18,Thursday,False,Downtown_CBD,Clear,0.47,60.0,2.192,131.53,361.3,121.0,106.9,0.2959,0.2959,1.987,14059.97,98.65,False,0.0646
2026-01-22 19:00:00,2026-01-22,19,Thursday,False,Downtown_CBD,Clear,0.4,60.0,1.937,116.21,357.0,139.4,119.4,0.3345,0.3345,1.561,13879.0,87.16,False,0.0518
2026-01-22 20:00:00,2026-01-22,20,Thursday,False,Downtown_CBD,Clear,0.297,60.0,1.793,107.58,295.8,127.4,110.9,0.3748,0.3748,1.322,11927.69,80.69,False,0.0446
2026-01-22 21:00:00,2026-01-22,21,Thursday,False,Downtown_CBD,Clear,0.232,60.0,1.102,66.14,155.9,133.2,93.5,0.5994,0.5994,0.171,6181.63,49.61,False,0.02
2026-01-22 22:00:00,2026-01-22,22,Thursday,False,Downtown_CBD,Clear,0.131,60.0,1.0,60.0,100.3,110.2,67.1,0.6694,0.6694,-0.09,4026.61,45.0,False,0.02
2026-01-22 23:00:00,2026-01-22,23,Thursday,False,Downtown_CBD,Clear,0.11,60.0,1.0,60.0,62.9,97.2,42.4,0.6744,0.6744,-0.353,2546.04,45.0,False,0.02
2026-01-23 00:00:00,2026-01-23,0,Friday,False,Downtown_CBD,Fog,0.239,60.0,1.0,60.0,59.9,66.7,36.5,0.609,0.609,-0.102,2188.2,45.0,False,0.02
2026-01-23 01:00:00,2026-01-23,1,Friday,False,Downtown_CBD,Fog,0.268,60.0,1.0,60.0,59.7,71.3,35.7,0.5973,0.5973,-0.162,2141.41,45.0,False,0.02
2026-01-23 02:00:00,2026-01-23,2,Friday,False,Downtown_CBD,Fog,0.249,60.0,1.0,60.0,49.5,83.0,30.2,0.6108,0.6108,-0.403,1814.86,45.0,False,0.02
2026-01-23 03:00:00,2026-01-23,3,Friday,False,Downtown_CBD,Fog,0.202,60.0,1.0,60.0,48.8,88.7,29.1,0.5961,0.5961,-0.45,1746.8,45.0,False,0.02
2026-01-23 04:00:00,2026-01-23,4,Friday,False,Downtown_CBD,Fog,0.317,60.0,1.0,60.0,62.0,88.2,38.6,0.6231,0.6231,-0.297,2318.61,45.0,False,0.02
2026-01-23 05:00:00,2026-01-23,5,Friday,False,Downtown_CBD,Fog,0.247,60.0,1.0,60.0,86.0,97.1,52.4,0.61,0.61,-0.114,3146.45,45.0,False,0.02
2026-01-23 06:00:00,2026-01-23,6,Friday,False,Downtown_CBD,Fog,0.337,60.0,1.229,73.73,143.8,104.1,71.6,0.498,0.498,0.381,5278.76,55.3,False,0.02
2026-01-23 07:00:00,2026-01-23,7,Friday,False,Downtown_CBD,Fog,0.449,60.0,1.614,96.84,240.9,119.1,93.6,0.3886,0.3886,1.023,9066.68,72.63,False,0.0357
2026-01-23 08:00:00,2026-01-23,8,Friday,False,Downtown_CBD,Fog,0.653,60.0,2.041,122.45,340.0,124.3,101.0,0.2971,0.2971,1.735,12369.5,91.84,False,0.057
2026-01-23 09:00:00,2026-01-23,9,Friday,False,Downtown_CBD,Fog,0.545,60.0,2.081,124.84,343.4,122.6,102.5,0.2985,0.2985,1.801,12795.77,93.63,False,0.059
2026-01-23 10:00:00,2026-01-23,10,Friday,False,Downtown_CBD,Fog,0.458,60.0,1.416,84.96,225.3,133.0,94.5,0.4197,0.4197,0.693,8032.4,63.72,False,0.0258
2026-01-23 11:00:00,2026-01-23,11,Friday,False,Downtown_CBD,Fog,0.357,60.0,1.074,64.45,146.3,130.2,84.1,0.575,0.575,0.124,5421.91,48.34,False,0.02
2026-01-23 12:00:00,2026-01-23,12,Friday,False,Downtown_CBD,Fog,0.268,60.0,1.0,60.0,78.0,121.9,46.8,0.5995,0.5995,-0.36,2806.36,45.0,False,0.02
2026-01-23 13:00:00,2026-01-23,13,Friday,False,Downtown_CBD,Fog,0.27,60.0,1.0,60.0,60.3,119.0,36.3,0.602,0.602,-0.493,2177.86,45.0,False,0.02
2026-01-23 14:00:00,2026-01-23,14,Friday,False,Downtown_CBD,Fog,0.266,60.0,1.0,60.0,73.2,133.7,44.5,0.6081,0.6081,-0.452,2670.69,45.0,False,0.02
2026-01-23 15:00:00,2026-01-23,15,Friday,False,Downtown_CBD,Fog,0.324,60.0,1.0,60.0,107.0,127.9,65.6,0.6135,0.6135,-0.163,3938.78,45.0,False,0.02
2026-01-23 16:00:00,2026-01-23,16,Friday,False,Downtown_CBD,Fog,0.429,60.0,1.232,73.95,173.5,125.1,81.8,0.4713,0.4713,0.387,6047.72,55.46,False,0.02
2026-01-23 17:00:00,2026-01-23,17,Friday,False,Downtown_CBD,Fog,0.499,60.0,1.783,107.01,302.6,131.2,99.2,0.3278,0.3278,1.306,10616.42,80.26,False,0.0442
2026-01-23 18:00:00,2026-01-23,18,Friday,False,Downtown_CBD,Fog,0.642,60.0,1.95,117.03,347.8,134.6,108.2,0.3112,0.3112,1.584,12665.99,87.77,False,0.0525
2026-01-23 19:00:00,2026-01-23,19,Friday,False,Downtown_CBD,Fog,0.62,60.0,2.065,123.88,339.9,122.5,99.2,0.2919,0.2919,1.775,12289.72,92.91,False,0.0582
2026-01-23 20:00:00,2026-01-23,20,Friday,False,Downtown_CBD,Fog,0.548,60.0,1.817,109.03,292.0,123.6,97.2,0.3328,0.3328,1.362,10594.52,81.77,False,0.0459
2026-01-23 21:00:00,2026-01-23,21,Friday,False,Downtown_CBD,Fog,0.461,60.0,1.247,74.84,175.6,124.3,85.1,0.4849,0.4849,0.412,6370.94,56.13,False,0.02
2026-01-23 22:00:00,2026-01-23,22,Friday,False,Downtown_CBD,Fog,0.27,60.0,1.0,60.0,101.1,108.6,60.1,0.5946,0.5946,-0.069,3607.95,45.0,False,0.02
2026-01-23 23:00:00,2026-01-23,23,Friday,False,Downtown_CBD,Fog,0.293,60.0,1.0,60.0,71.5,100.4,42.7,0.5979,0.5979,-0.288,2564.2,45.0,False,0.02
2026-01-24 00:00:00,2026-01-24,0,Saturday,True,Downtown_CBD,Rain,0.237,60.0,1.0,60.0,73.9,74.3,46.1,0.6236,0.6236,-0.005,2764.34,45.0,False,0.02
2026-01-24 01:00:00,2026-01-24,1,Saturday,True,Downtown_CBD,Rain,0.246,60.0,1.0,60.0,78.6,80.4,47.8,0.6077,0.6077,-0.022,2866.25,45.0,False,0.02
2026-01-24 02:00:00,2026-01-24,2,Saturday,True,Downtown_CBD,Rain,0.229,60.0,1.0,60.0,67.5,73.6,43.3,0.6425,0.6425,-0.084,2600.86,45.0,False,0.02
2026-01-24 03:00:00,2026-01-24,3,Saturday,True,Downtown_CBD,Rain,0.23,60.0,1.0,60.0,76.7,80.1,49.0,0.6382,0.6382,-0.043,2937.24,45.0,False,0.02
2026-01-24 04:00:00,2026-01-24,4,Saturday,True,Downtown_CBD,Rain,0.311,60.0,1.0,60.0,73.1,83.8,48.1,0.658,0.658,-0.128,2884.65,45.0,False,0.02
2026-01-24 05:00:00,2026-01-24,5,Saturday,True,Downtown_CBD,Rain,0.182,60.0,1.0,60.0,82.0,82.7,51.6,0.6296,0.6296,-0.008,3098.92,45.0,False,0.02
2026-01-24 06:00:00,2026-01-24,6,Saturday,True,Downtown_CBD,Rain,0.217,60.0,1.0,60.0,80.8,86.4,53.5,0.6629,0.6629,-0.065,3212.44,45.0,False,0.02
2026-01-24 07:00:00,2026-01-24,7,Saturday,True,Downtown_CBD,Rain,0.252,60.0,1.0,60.0,90.1,98.4,57.3,0.6362,0.6362,-0.085,3438.95,45.0,False,0.02
2026-01-24 08:00:00,2026-01-24,8,Saturday,True,Downtown_CBD,Rain,0.259,60.0,1.18,70.78,114.8,88.4,63.2,0.5502,0.5502,0.3,4472.72,53.09,False,0.02
2026-01-24 09:00:00,2026-01-24,9,Saturday,True,Downtown_CBD,Rain,0.355,60.0,1.194,71.61,139.2,105.2,72.5,0.5209,0.5209,0.323,5191.9,53.71,False,0.02
2026-01-24 10:00:00,2026-01-24,10,Saturday,True,Downtown_CBD,Rain,0.363,60.0,1.416,84.96,172.1,101.7,75.8,0.4405,0.4405,0.693,6442.24,63.72,False,0.0258
2026-01-24 11:00:00,2026-01-24,11,Saturday,True,Downtown_CBD,Rain,0.454,60.0,1.376,82.58,206.5,126.9,92.3,0.4472,0.4472,0.627,7625.93,61.94,False,0.0238
2026-01-24 12:00:00,2026-01-24,12,Saturday,True,Downtown_CBD,Rain,0.493,60.0,1.986,119.14,299.4,113.3,92.9,0.3104,0.3104,1.643,11072.37,89.36,False,0.0543
2026-01-24 13:00:00,2026-01-24,13,Saturday,True,Downtown_CBD,Rain,0.522,60.0,1.914,114.85,312.8,123.9,105.3,0.3367,0.3367,1.524,12094.61,86.14,False,0.0507
2026-01-24 14:00:00,2026-01-24,14,Saturday,True,Downtown_CBD,Rain,0.514,60.0,1.89,113.43,339.5,136.7,112.7,0.3319,0.3319,1.484,12780.58,85.07,False,0.0495
2026-01-24 15:00:00,2026-01-24,15,Saturday,True,Downtown_CBD,Rain,0.425,60.0,1.628,97.68,265.6,129.8,103.4,0.3894,0.3894,1.047,10101.61,73.26,False,0.0364
2026-01-24 16:00:00,2026-01-24,16,Saturday,True,Downtown_CBD,Rain,0.447,60.0,1.647,98.81,268.3,129.1,102.5,0.3821,0.3821,1.078,10128.37,74.11,False,0.0373
2026-01-24 17:00:00,2026-01-24,17,Saturday,True,Downtown_CBD,Rain,0.392,60.0,1.268,76.07,186.6,129.0,93.5,0.5011,0.5011,0.446,7112.96,57.05,False,0.02
2026-01-24 18:00:00,2026-01-24,18,Saturday,True,Downtown_CBD,Rain,0.365,60.0,1.197,71.82,168.3,126.7,86.8,0.5155,0.5155,0.328,6231.23,53.86,False,0.02
2026-01-24 19:00:00,2026-01-24,19,Saturday,True,Downtown_CBD,Rain,0.37,60.0,1.343,80.57,188.7,120.1,87.8,0.4652,0.4652,0.571,7072.67,60.43,False,0.0221
2026-01-24 20:00:00,2026-01-24,20,Saturday,True,Downtown_CBD,Rain,0.386,60.0,1.724,103.44,239.0,108.3,84.4,0.3531,0.3531,1.207,8728.02,77.58,False,0.0412
2026-01-24 21:00:00,2026-01-24,21,Saturday,True,Downtown_CBD,Rain,0.486,60.0,2.108,126.47,268.1,94.2,81.4,0.3036,0.3036,1.847,10294.95,94.85,False,0.0604
2026-01-24 22:00:00,2026-01-24,22,Saturday,True,Downtown_CBD,Rain,0.561,60.0,2.513,150.77,353.6,100.4,89.4,0.2528,0.2528,2.521,13477.49,113.08,False,0.0806
2026-01-24 23:00:00,2026-01-24,23,Saturday,True,Downtown_CBD,Rain,0.545,60.0,2.451,147.07,318.9,93.3,83.7,0.2626,0.2626,2.419,12316.61,110.3,False,0.0776
2026-01-25 00:00:00,2026-01-25,0,Sunday,True,Downtown_CBD,Rain,0.217,60.0,1.0,60.0,65.7,85.1,42.0,0.6394,0.6394,-0.228,2520.83,45.0,False,0.02
2026-01-25 01:00:00,2026-01-25,1,Sunday,True,Downtown_CBD,Rain,0.203,60.0,1.0,60.0,62.8,82.9,39.7,0.6319,0.6319,-0.243,2379.74,45.0,False,0.02
2026-01-25 02:00:00,2026-01-25,2,Sunday,True,Downtown_CBD,Rain,0.219,60.0,1.0,60.0,71.7,81.6,45.7,0.6374,0.6374,-0.121,2743.38,45.0,False,0.02
2026-01-25 03:00:00,2026-01-25,3,Sunday,True,Downtown_CBD,Rain,0.188,60.0,1.0,60.0,68.9,86.7,44.4,0.6449,0.6449,-0.206,2665.42,45.0,False,0.02
2026-01-25 04:00:00,2026-01-25,4,Sunday,True,Downtown_CBD,Rain,0.241,60.0,1.0,60.0,75.8,85.5,48.7,0.643,0.643,-0.113,2923.19,45.0,False,0.02
2026-01-25 05:00:00,2026-01-25,5,Sunday,True,Downtown_CBD,Rain,0.212,60.0,1.0,60.0,62.6,86.2,39.7,0.6341,0.6341,-0.274,2379.87,45.0,False,0.02
2026-01-25 06:00:00,2026-01-25,6,Sunday,True,Downtown_CBD,Rain,0.256,60.0,1.034,62.04,93.3,88.3,58.3,0.6253,0.6253,0.057,3619.16,46.53,False,0.02
2026-01-25 07:00:00,2026-01-25,7,Sunday,True,Downtown_CBD,Rain,0.22,60.0,1.044,62.67,94.4,87.9,57.5,0.6094,0.6094,0.074,3604.0,47.0,False,0.02
2026-01-25 08:00:00,2026-01-25,8,Sunday,True,Downtown_CBD,Rain,0.329,60.0,1.15,69.01,119.3,95.4,66.1,0.554,0.554,0.25,4561.86,51.76,False,0.02
2026-01-25 09:00:00,2026-01-25,9,Sunday,True,Downtown_CBD,Rain,0.258,60.0,1.307,78.42,166.0,109.8,80.7,0.486,0.486,0.512,6324.99,58.81,False,0.0203
2026-01-25 10:00:00,2026-01-25,10,Sunday,True,Downtown_CBD,Rain,0.362,60.0,1.646,98.78,206.6,99.4,80.1,0.3879,0.3879,1.077,7916.08,74.09,False,0.0373
2026-01-25 11:00:00,2026-01-25,11,Sunday,True,Downtown_CBD,Rain,0.433,60.0,1.615,96.88,228.5,112.9,86.0,0.3762,0.3762,1.025,8327.81,72.66,False,0.0357
2026-01-25 12:00:00,2026-01-25,12,Sunday,True,Downtown_CBD,Rain,0.496,60.0,1.694,101.63,270.7,125.5,99.1,0.3662,0.3662,1.157,10073.86,76.22,False,0.0397
2026-01-25 13:00:00,2026-01-25,13,Sunday,True,Downtown_CBD,Rain,0.462,60.0,1.996,119.77,338.6,127.3,109.0,0.3218,0.3218,1.66,13050.95,89.83,False,0.0548
2026-01-25 14:00:00,2026-01-25,14,Sunday,True,Downtown_CBD,Rain,0.525,60.0,1.841,110.49,328.2,136.6,112.1,0.3415,0.3415,1.402,12386.5,82.87,False,0.0471
2026-01-25 15:00:00,2026-01-25,15,Sunday,True,Downtown_CBD,Rain,0.456,60.0,1.591,95.46,257.9,129.9,101.8,0.3948,0.3948,0.985,9719.74,71.59,False,0.0346
2026-01-25 16:00:00,2026-01-25,16,Sunday,True,Downtown_CBD,Rain,0.371,60.0,1.69,101.37,279.8,130.2,101.0,0.361,0.361,1.149,10240.13,76.03,False,0.0395
2026-01-25 17:00:00,2026-01-25,17,Sunday,True,Downtown_CBD,Rain,0.416,60.0,1.267,76.01,199.8,138.3,100.3,0.5021,0.5021,0.445,7622.86,57.01,False,0.02
2026-01-25 18:00:00,2026-01-25,18,Sunday,True,Downtown_CBD,Rain,0.374,60.0,1.313,78.78,194.1,127.5,93.4,0.4811,0.4811,0.522,7355.68,59.09,False,0.0207
2026-01-25 19:00:00,2026-01-25,19,Sunday,True,Downtown_CBD,Rain,0.332,60.0,1.392,83.5,193.5,117.0,86.5,0.4473,0.4473,0.653,7226.06,62.62,False,0.0246
2026-01-25 20:00:00,2026-01-25,20,Sunday,True,Downtown_CBD,Rain,0.403,60.0,1.531,91.83,208.1,110.4,81.6,0.3924,0.3924,0.884,7497.77,68.87,False,0.0315
2026-01-25 21:00:00,2026-01-25,21,Sunday,True,Downtown_CBD,Rain,0.489,60.0,2.147,128.83,312.5,107.3,88.8,0.2841,0.2841,1.912,11437.62,96.62,False,0.0624
2026-01-25 22:00:00,2026-01-25,22,Sunday,True,Downtown_CBD,Rain,0.491,60.0,2.712,162.7,360.7,93.6,86.1,0.2386,0.2386,2.853,14001.34,122.02,False,0.0906
2026-01-25 23:00:00,2026-01-25,23,Sunday,True,Downtown_CBD,Rain,0.523,60.0,2.682,160.89,328.8,86.5,78.9,0.2399,0.2399,2.803,12694.59,120.67,False,0.0891
2026-01-26 00:00:00,2026-01-26,0,Monday,False,Downtown_CBD,Clear,0.137,60.0,1.0,60.0,54.3,73.4,35.0,0.6455,0.6455,-0.26,2102.82,45.0,False,0.02
2026-01-26 01:00:00,2026-01-26,1,Monday,False,Downtown_CBD,Clear,0.097,60.0,1.0,60.0,45.9,70.4,30.0,0.6527,0.6527,-0.348,1797.95,45.0,False,0.02
2026-01-26 02:00:00,2026-01-26,2,Monday,False,Downtown_CBD,Clear,0.057,60.0,1.0,60.0,45.6,74.4,30.4,0.6676,0.6676,-0.388,1825.38,45.0,False,0.02
2026-01-26 03:00:00,2026-01-26,3,Monday,False,Downtown_CBD,Clear,0.054,60.0,1.0,60.0,52.1,83.2,35.2,0.6755,0.6755,-0.374,2111.46,45.0,False,0.02
2026-01-26 04:00:00,2026-01-26,4,Monday,False,Downtown_CBD,Clear,0.06,60.0,1.0,60.0,54.4,87.0,36.6,0.6731,0.6731,-0.374,2198.65,45.0,False,0.02
2026-01-26 05:00:00,2026-01-26,5,Monday,False,Downtown_CBD,Clear,0.101,60.0,1.0,60.0,75.0,99.8,51.5,0.6867,0.6867,-0.249,3088.31,45.0,False,0.02
2026-01-26 06:00:00,2026-01-26,6,Monday,False,Downtown_CBD,Clear,0.149,60.0,1.177,70.63,141.6,109.3,80.3,0.5667,0.5667,0.295,5668.97,52.97,False,0.02
2026-01-26 07:00:00,2026-01-26,7,Monday,False,Downtown_CBD,Clear,0.24,60.0,1.435,86.1,232.8,134.9,105.4,0.4529,0.4529,0.725,9076.68,64.57,False,0.0267
2026-01-26 08:00:00,2026-01-26,8,Monday,False,Downtown_CBD,Clear,0.345,60.0,2.158,129.48,339.7,115.9,101.7,0.2995,0.2995,1.93,13170.42,97.11,False,0.0629
2026-01-26 09:00:00,2026-01-26,9,Monday,False,Downtown_CBD,Clear,0.309,60.0,1.717,103.01,317.6,144.7,118.9,0.3743,0.3743,1.195,12245.75,77.26,False,0.0408
2026-01-26 10:00:00,2026-01-26,10,Monday,False,Downtown_CBD,Clear,0.241,60.0,1.592,95.54,243.3,122.5,99.4,0.4086,0.4086,0.987,9498.48,71.66,False,0.0346
2026-01-26 11:00:00,2026-01-26,11,Monday,False,Downtown_CBD,Clear,0.145,60.0,1.002,60.14,122.5,122.0,80.0,0.6529,0.6529,0.004,4808.8,45.11,False,0.02
2026-01-26 12:00:00,2026-01-26,12,Monday,False,Downtown_CBD,Clear,0.075,60.0,1.0,60.0,78.3,124.0,53.2,0.6794,0.6794,-0.369,3190.29,45.0,False,0.02
2026-01-26 13:00:00,2026-01-26,13,Monday,False,Downtown_CBD,Clear,0.096,60.0,1.0,60.0,59.2,127.5,39.2,0.6628,0.6628,-0.536,2352.47,45.0,False,0.02
2026-01-26 14:00:00,2026-01-26,14,Monday,False,Downtown_CBD,Clear,0.089,60.0,1.0,60.0,66.7,129.3,43.9,0.659,0.659,-0.485,2635.77,45.0,False,0.02
2026-01-26 15:00:00,2026-01-26,15,Monday,False,Downtown_CBD,Clear,0.114,60.0,1.0,60.0,83.0,126.7,54.6,0.6582,0.6582,-0.345,3276.07,45.0,False,0.02
2026-01-26 16:00:00,2026-01-26,16,Monday,False,Downtown_CBD,Clear,0.259,60.0,1.143,68.58,155.0,125.2,91.3,0.5887,0.5887,0.238,6259.55,51.44,False,0.02
2026-01-26 17:00:00,2026-01-26,17,Monday,False,Downtown_CBD,Clear,0.315,60.0,1.849,110.92,310.8,128.7,109.6,0.3525,0.3525,1.414,12153.14,83.19,False,0.0474
2026-01-26 18:00:00,2026-01-26,18,Monday,False,Downtown_CBD,Clear,0.377,60.0,1.797,107.81,328.5,141.1,119.0,0.3623,0.3623,1.328,12830.79,80.86,False,0.0448
2026-01-26 19:00:00,2026-01-26,19,Monday,False,Downtown_CBD,Clear,0.421,60.0,1.949,116.93,367.5,142.3,118.9,0.3235,0.3235,1.581,13897.84,87.7,False,0.0524
2026-01-26 20:00:00,2026-01-26,20,Monday,False,Downtown_CBD,Clear,0.326,60.0,1.685,101.08,285.5,133.3,109.7,0.3843,0.3843,1.141,11088.19,75.81,False,0.0392
2026-01-26 21:00:00,2026-01-26,21,Monday,False,Downtown_CBD,Clear,0.239,60.0,1.18,70.79,161.7,124.4,92.0,0.5692,0.5692,0.3,6514.35,53.09,False,0.02
2026-01-26 22:00:00,2026-01-26,22,Monday,False,Downtown_CBD,Clear,0.145,60.0,1.0,60.0,107.2,115.7,71.2,0.664,0.664,-0.073,4272.94,45.0,False,0.02
2026-01-26 23:00:00,2026-01-26,23,Monday,False,Downtown_CBD,Clear,0.101,60.0,1.0,60.0,64.3,107.6,42.9,0.6671,0.6671,-0.403,2574.12,45.0,False,0.02
2026-01-27 00:00:00,2026-01-27,0,Tuesday,False,Downtown_CBD,Clear,0.053,60.0,1.0,60.0,46.0,76.4,31.0,0.6752,0.6752,-0.399,1861.93,45.0,False,0.02
2026-01-27 01:00:00,2026-01-27,1,Tuesday,False,Downtown_CBD,Clear,0.049,60.0,1.0,60.0,48.3,67.4,33.0,0.6821,0.6821,-0.282,1978.24,45.0,False,0.02
2026-01-27 02:00:00,2026-01-27,2,Tuesday,False,Downtown_CBD,Clear,0.061,60.0,1.0,60.0,39.9,77.5,27.5,0.6887,0.6887,-0.485,1649.1,45.0,False,0.02
2026-01-27 03:00:00,2026-01-27,3,Tuesday,False,Downtown_CBD,Clear,0.077,60.0,1.0,60.0,46.8,77.1,30.7,0.6573,0.6573,-0.393,1844.54,45.0,False,0.02
2026-01-27 04:00:00,2026-01-27,4,Tuesday,False,Downtown_CBD,Clear,0.03,60.0,1.0,60.0,54.1,89.0,36.1,0.6661,0.6661,-0.392,2163.91,45.0,False,0.02
2026-01-27 05:00:00,2026-01-27,5,Tuesday,False,Downtown_CBD,Clear,0.052,60.0,1.0,60.0,82.9,89.3,56.1,0.6758,0.6758,-0.071,3363.25,45.0,False,0.02
2026-01-27 06:00:00,2026-01-27,6,Tuesday,False,Downtown_CBD,Clear,0.161,60.0,1.14,68.42,133.2,108.0,75.2,0.5647,0.5647,0.234,5147.36,51.31,False,0.02
2026-01-27 07:00:00,2026-01-27,7,Tuesday,False,Downtown_CBD,Clear,0.224,60.0,1.67,100.18,227.5,107.5,88.3,0.3883,0.3883,1.116,8848.9,75.14,False,0.0385
2026-01-27 08:00:00,2026-01-27,8,Tuesday,False,Downtown_CBD,Clear,0.345,60.0,2.039,122.32,336.3,123.2,110.1,0.3274,0.3274,1.731,13468.36,91.74,False,0.0569
2026-01-27 09:00:00,2026-01-27,9,Tuesday,False,Downtown_CBD,Clear,0.33,60.0,1.838,110.29,292.3,122.0,101.3,0.3464,0.3464,1.397,11168.04,82.72,False,0.0469
2026-01-27 10:00:00,2026-01-27,10,Tuesday,False,Downtown_CBD,Clear,0.192,60.0,1.337,80.2,201.8,129.2,96.7,0.4794,0.4794,0.561,7758.09,60.15,False,0.0218
2026-01-27 11:00:00,2026-01-27,11,Tuesday,False,Downtown_CBD,Clear,0.133,60.0,1.012,60.72,130.8,128.2,85.2,0.6511,0.6511,0.02,5171.37,45.54,False,0.02
2026-01-27 12:00:00,2026-01-27,12,Tuesday,False,Downtown_CBD,Clear,0.039,60.0,1.0,60.0,88.2,110.1,57.0,0.6459,0.6459,-0.199,3419.2,45.0,False,0.02
2026-01-27 13:00:00,2026-01-27,13,Tuesday,False,Downtown_CBD,Clear,0.109,60.0,1.0,60.0,68.2,117.3,43.8,0.6417,0.6417,-0.419,2625.46,45.0,False,0.02
2026-01-27 14:00:00,2026-01-27,14,Tuesday,False,Downtown_CBD,Clear,0.067,60.0,1.0,60.0,60.5,123.0,40.7,0.6727,0.6727,-0.508,2443.77,45.0,False,0.02
2026-01-27 15:00:00,2026-01-27,15,Tuesday,False,Downtown_CBD,Clear,0.083,60.0,1.0,60.0,102.9,124.0,69.3,0.6732,0.6732,-0.17,4156.22,45.0,False,0.02
2026-01-27 16:00:00,2026-01-27,16,Tuesday,False,Downtown_CBD,Clear,0.161,60.0,1.209,72.56,161.4,119.6,89.6,0.5553,0.5553,0.349,6502.22,54.42,False,0.02
2026-01-27 17:00:00,2026-01-27,17,Tuesday,False,Downtown_CBD,Clear,0.341,60.0,1.595,95.7,281.2,141.2,117.1,0.4163,0.4163,0.992,11202.49,71.78,False,0.0347
2026-01-27 18:00:00,2026-01-27,18,Tuesday,False,Downtown_CBD,Clear,0.431,60.0,2.046,122.77,350.1,127.6,115.9,0.3311,0.3311,1.744,14230.76,92.08,False,0.0573
2026-01-27 19:00:00,2026-01-27,19,Tuesday,False,Downtown_CBD,Clear,0.466,60.0,1.754,105.22,302.3,134.0,113.5,0.3754,0.3754,1.256,11939.57,78.91,False,0.0427
2026-01-27 20:00:00,2026-01-27,20,Tuesday,False,Downtown_CBD,Clear,0.327,60.0,1.621,97.28,267.5,131.4,104.9,0.3923,0.3923,1.035,10209.23,72.96,False,0.0361
2026-01-27 21:00:00,2026-01-27,21,Tuesday,False,Downtown_CBD,Clear,0.186,60.0,1.114,66.87,160.3,134.7,96.8,0.6037,0.6037,0.191,6472.85,50.15,False,0.02
2026-01-27 22:00:00,2026-01-27,22,Tuesday,False,Downtown_CBD,Clear,0.109,60.0,1.0,60.0,91.3,109.2,59.6,0.6521,0.6521,-0.163,3573.69,45.0,False,0.02
2026-01-27 23:00:00,2026-01-27,23,Tuesday,False,Downtown_CBD,Clear,0.028,60.0,1.0,60.0,64.3,107.6,43.5,0.6762,0.6762,-0.403,2607.06,45.0,False,0.02
2026-01-28 00:00:00,2026-01-28,0,Wednesday,False,Downtown_CBD,Clear,0.068,60.0,1.0,60.0,48.0,73.5,32.4,0.6755,0.6755,-0.347,1945.54,45.0,False,0.02
2026-01-28 01:00:00,2026-01-28,1,Wednesday,False,Downtown_CBD,Clear,0.048,60.0,1.0,60.0,43.6,69.9,28.8,0.659,0.659,-0.376,1725.74,45.0,False,0.02
2026-01-28 02:00:00,2026-01-28,2,Wednesday,False,Downtown_CBD,Clear,0.094,60.0,1.0,60.0,45.5,79.2,29.9,0.6567,0.6567,-0.426,1792.88,45.0,False,0.02
2026-01-28 03:00:00,2026-01-28,3,Wednesday,False,Downtown_CBD,Clear,0.077,60.0,1.0,60.0,47.0,89.0,30.8,0.6555,0.6555,-0.471,1849.26,45.0,False,0.02
2026-01-28 04:00:00,2026-01-28,4,Wednesday,False,Downtown_CBD,Clear,0.072,60.0,1.0,60.0,58.0,92.7,40.2,0.6932,0.6932,-0.375,2410.95,45.0,False,0.02
2026-01-28 05:00:00,2026-01-28,5,Wednesday,False,Downtown_CBD,Clear,0.078,60.0,1.0,60.0,76.1,94.5,51.8,0.6811,0.6811,-0.195,3108.51,45.0,False,0.02
2026-01-28 06:00:00,2026-01-28,6,Wednesday,False,Downtown_CBD,Clear,0.172,60.0,1.199,71.92,145.0,109.0,81.6,0.5629,0.5629,0.331,5871.72,53.94,False,0.02
2026-01-28 07:00:00,2026-01-28,7,Wednesday,False,Downtown_CBD,Clear,0.253,60.0,1.534,92.07,220.5,116.6,91.9,0.417,0.417,0.891,8465.26,69.05,False,0.0317
2026-01-28 08:00:00,2026-01-28,8,Wednesday,False,Downtown_CBD,Clear,0.333,60.0,1.841,110.47,279.0,116.1,100.3,0.3596,0.3596,1.402,11082.63,82.85,False,0.0471
2026-01-28 09:00:00,2026-01-28,9,Wednesday,False,Downtown_CBD,Clear,0.323,60.0,1.762,105.72,291.2,128.3,108.4,0.3722,0.3722,1.27,11458.05,79.29,False,0.0431
2026-01-28 10:00:00,2026-01-28,10,Wednesday,False,Downtown_CBD,Clear,0.328,60.0,1.506,90.37,220.1,119.4,95.4,0.4332,0.4332,0.844,8617.24,67.78,False,0.0303
2026-01-28 11:00:00,2026-01-28,11,Wednesday,False,Downtown_CBD,Clear,0.151,60.0,1.0,60.0,112.8,116.3,74.9,0.664,0.664,-0.03,4493.86,45.0,False,0.02
2026-01-28 12:00:00,2026-01-28,12,Wednesday,False,Downtown_CBD,Clear,0.083,60.0,1.0,60.0,74.1,128.3,49.6,0.669,0.669,-0.422,2976.28,45.0,False,0.02
2026-01-28 13:00:00,2026-01-28,13,Wednesday,False,Downtown_CBD,Clear,0.085,60.0,1.0,60.0,58.8,127.1,39.9,0.6781,0.6781,-0.537,2393.88,45.0,False,0.02
2026-01-28 14:00:00,2026-01-28,14,Wednesday,False,Downtown_CBD,Clear,0.083,60.0,1.0,60.0,69.3,116.6,46.4,0.6695,0.6695,-0.406,2784.02,45.0,False,0.02
2026-01-28 15:00:00,2026-01-28,15,Wednesday,False,Downtown_CBD,Clear,0.092,60.0,1.0,60.0,97.1,123.2,63.4,0.6532,0.6532,-0.212,3805.76,45.0,False,0.02
2026-01-28 16:00:00,2026-01-28,16,Wednesday,False,Downtown_CBD,Clear,0.2,60.0,1.369,82.13,191.2,118.4,87.4,0.4572,0.4572,0.615,7178.94,61.6,False,0.0234
2026-01-28 17:00:00,2026-01-28,17,Wednesday,False,Downtown_CBD,Clear,0.317,60.0,1.533,92.0,265.3,140.4,114.1,0.4302,0.4302,0.889,10498.73,69.0,False,0.0317
2026-01-28 18:00:00,2026-01-28,18,Wednesday,False,Downtown_CBD,Clear,0.458,60.0,2.083,124.95,358.2,127.7,111.1,0.3102,0.3102,1.804,13885.69,93.71,False,0.0591
2026-01-28 19:00:00,2026-01-28,19,Wednesday,False,Downtown_CBD,Clear,0.495,60.0,2.087,125.22,360.6,128.2,112.4,0.3118,0.3118,1.812,14079.18,93.91,False,0.0594
2026-01-28 20:00:00,2026-01-28,20,Wednesday,False,Downtown_CBD,Clear,0.346,60.0,1.713,102.77,294.6,134.7,113.3,0.3844,0.3844,1.188,11638.87,77.08,False,0.0406
2026-01-28 21:00:00,2026-01-28,21,Wednesday,False,Downtown_CBD,Clear,0.181,60.0,1.368,82.07,197.2,122.2,93.2,0.4729,0.4729,0.613,7651.64,61.55,False,0.0234
2026-01-28 22:00:00,2026-01-28,22,Wednesday,False,Downtown_CBD,Clear,0.16,60.0,1.0,60.0,97.9,120.0,65.6,0.6708,0.6708,-0.184,3938.84,45.0,False,0.02
2026-01-28 23:00:00,2026-01-28,23,Wednesday,False,Downtown_CBD,Clear,0.051,60.0,1.0,60.0,60.1,113.3,40.0,0.6655,0.6655,-0.47,2398.67,45.0,False,0.02
2026-01-29 00:00:00,2026-01-29,0,Thursday,False,Downtown_CBD,Clear,0.039,60.0,1.0,60.0,51.9,66.2,35.1,0.6773,0.6773,-0.216,2107.91,45.0,False,0.02
2026-01-29 01:00:00,2026-01-29,1,Thursday,False,Downtown_CBD,Clear,0.089,60.0,1.0,60.0,47.8,72.5,31.9,0.6674,0.6674,-0.341,1914.46,45.0,False,0.02
2026-01-29 02:00:00,2026-01-29,2,Thursday,False,Downtown_CBD,Clear,0.069,60.0,1.0,60.0,48.8,73.0,33.1,0.6782,0.6782,-0.331,1985.35,45.0,False,0.02
2026-01-29 03:00:00,2026-01-29,3,Thursday,False,Downtown_CBD,Clear,0.029,60.0,1.0,60.0,50.9,83.1,35.2,0.6909,0.6909,-0.387,2111.47,45.0,False,0.02
2026-01-29 04:00:00,2026-01-29,4,Thursday,False,Downtown_CBD,Clear,0.107,60.0,1.0,60.0,46.1,91.8,30.9,0.6708,0.6708,-0.497,1856.6,45.0,False,0.02
2026-01-29 05:00:00,2026-01-29,5,Thursday,False,Downtown_CBD,Clear,0.075,60.0,1.0,60.0,81.8,101.7,53.6,0.6555,0.6555,-0.196,3218.9,45.0,False,0.02
2026-01-29 06:00:00,2026-01-29,6,Thursday,False,Downtown_CBD,Clear,0.163,60.0,1.138,68.31,141.1,114.7,80.1,0.5679,0.5679,0.231,5474.14,51.23,False,0.02
2026-01-29 07:00:00,2026-01-29,7,Thursday,False,Downtown_CBD,Clear,0.278,60.0,1.438,86.27,196.7,113.7,88.0,0.4472,0.4472,0.73,7587.97,64.7,False,0.0269
2026-01-29 08:00:00,2026-01-29,8,Thursday,False,Downtown_CBD,Clear,0.357,60.0,1.868,112.11,314.5,128.5,111.3,0.3538,0.3538,1.447,12475.3,84.08,False,0.0484
2026-01-29 09:00:00,2026-01-29,9,Thursday,False,Downtown_CBD,Clear,0.328,60.0,1.77,106.23,290.0,126.9,104.8,0.3614,0.3614,1.284,11132.82,79.67,False,0.0435
2026-01-29 10:00:00,2026-01-29,10,Thursday,False,Downtown_CBD,Clear,0.299,60.0,1.568,94.06,221.8,114.0,95.3,0.4298,0.4298,0.946,8966.27,70.55,False,0.0334
2026-01-29 11:00:00,2026-01-29,11,Thursday,False,Downtown_CBD,Clear,0.164,60.0,1.029,61.74,123.8,118.1,83.4,0.6739,0.6739,0.048,5149.95,46.3,False,0.02
2026-01-29 12:00:00,2026-01-29,12,Thursday,False,Downtown_CBD,Clear,0.105,60.0,1.0,60.0,67.9,131.1,44.6,0.6572,0.6572,-0.482,2675.8,45.0,False,0.02
2026-01-29 13:00:00,2026-01-29,13,Thursday,False,Downtown_CBD,Clear,0.007,60.0,1.0,60.0,58.6,114.9,39.5,0.6739,0.6739,-0.49,2368.44,45.0,False,0.02
2026-01-29 14:00:00,2026-01-29,14,Thursday,False,Downtown_CBD,Clear,0.118,60.0,1.0,60.0,62.6,121.5,42.7,0.6821,0.6821,-0.485,2560.27,45.0,False,0.02
2026-01-29 15:00:00,2026-01-29,15,Thursday,False,Downtown_CBD,Clear,0.117,60.0,1.0,60.0,100.0,128.0,67.6,0.6757,0.6757,-0.218,4055.76,45.0,False,0.02
2026-01-29 16:00:00,2026-01-29,16,Thursday,False,Downtown_CBD,Clear,0.241,60.0,1.159,69.56,178.3,140.9,103.6,0.5808,0.5808,0.266,7203.8,52.17,False,0.02
2026-01-29 17:00:00,2026-01-29,17,Thursday,False,Downtown_CBD,Clear,0.427,60.0,1.589,95.34,250.2,126.2,105.2,0.4204,0.4204,0.982,10027.16,71.5,False,0.0344
2026-01-29 18:00:00,2026-01-29,18,Thursday,False,Downtown_CBD,Clear,0.407,60.0,2.006,120.39,384.8,143.7,127.4,0.3311,0.3311,1.677,15339.92,90.29,False,0.0553
2026-01-29 19:00:00,2026-01-29,19,Thursday,False,Downtown_CBD,Clear,0.464,60.0,2.058,123.49,376.0,136.1,121.6,0.3234,0.3234,1.764,15018.54,92.62,False,0.0579
2026-01-29 20:00:00,2026-01-29,20,Thursday,False,Downtown_CBD,Clear,0.33,60.0,1.658,99.46,257.8,123.0,101.1,0.3921,0.3921,1.096,10053.68,74.59,False,0.0379
2026-01-29 21:00:00,2026-01-29,21,Thursday,False,Downtown_CBD,Clear,0.211,60.0,1.292,77.52,178.6,120.2,91.6,0.5126,0.5126,0.487,7097.32,58.14,False,0.02
2026-01-29 22:00:00,2026-01-29,22,Thursday,False,Downtown_CBD,Clear,0.131,60.0,1.0,60.0,83.3,110.6,55.6,0.6678,0.6678,-0.247,3336.96,45.0,False,0.02
2026-01-29 23:00:00,2026-01-29,23,Thursday,False,Downtown_CBD,Clear,0.121,60.0,1.0,60.0,61.3,108.0,41.5,0.6776,0.6776,-0.433,2491.4,45.0,False,0.02
2026-01-30 00:00:00,2026-01-30,0,Friday,False,Downtown_CBD,Clear,0.038,60.0,1.0,60.0,47.1,67.0,32.0,0.68,0.68,-0.297,1922.8,45.0,False,0.02
2026-01-30 01:00:00,2026-01-30,1,Friday,False,Downtown_CBD,Clear,0.02,60.0,1.0,60.0,44.8,75.2,30.5,0.6818,0.6818,-0.405,1831.09,45.0,False,0.02
2026-01-30 02:00:00,2026-01-30,2,Friday,False,Downtown_CBD,Clear,0.081,60.0,1.0,60.0,48.1,76.1,31.8,0.6604,0.6604,-0.368,1907.17,45.0,False,0.02
2026-01-30 03:00:00,2026-01-30,3,Friday,False,Downtown_CBD,Clear,0.083,60.0,1.0,60.0,47.9,81.8,32.1,0.6702,0.6702,-0.415,1925.14,45.0,False,0.02
2026-01-30 04:00:00,2026-01-30,4,Friday,False,Downtown_CBD,Clear,0.06,60.0,1.0,60.0,55.9,88.8,36.9,0.6602,0.6602,-0.371,2213.64,45.0,False,0.02
2026-01-30 05:00:00,2026-01-30,5,Friday,False,Downtown_CBD,Clear,0.09,60.0,1.0,60.0,76.0,97.9,51.5,0.678,0.678,-0.224,3090.11,45.0,False,0.02
2026-01-30 06:00:00,2026-01-30,6,Friday,False,Downtown_CBD,Clear,0.138,60.0,1.206,72.38,138.7,103.2,75.2,0.5425,0.5425,0.344,5444.1,54.28,False,0.02
2026-01-30 07:00:00,2026-01-30,7,Friday,False,Downtown_CBD,Clear,0.27,60.0,1.713,102.76,257.3,117.6,95.9,0.3726,0.3726,1.188,9851.58,77.07,False,0.0406
2026-01-30 08:00:00,2026-01-30,8,Friday,False,Downtown_CBD,Clear,0.361,60.0,1.934,116.02,308.3,120.6,105.5,0.3422,0.3422,1.556,12237.28,87.02,False,0.0517
2026-01-30 09:00:00,2026-01-30,9,Friday,False,Downtown_CBD,Clear,0.331,60.0,2.3,137.99,375.5,118.6,107.6,0.2867,0.2867,2.166,14852.22,103.49,False,0.07
2026-01-30 10:00:00,2026-01-30,10,Friday,False,Downtown_CBD,Clear,0.234,60.0,1.364,81.82,212.6,132.4,102.1,0.4802,0.4802,0.606,8352.64,61.36,False,0.0232
2026-01-30 11:00:00,2026-01-30,11,Friday,False,Downtown_CBD,Clear,0.207,60.0,1.0,60.0,115.4,134.8,77.9,0.6756,0.6756,-0.144,4676.36,45.0,False,0.02
2026-01-30 12:00:00,2026-01-30,12,Friday,False,Downtown_CBD,Clear,0.092,60.0,1.0,60.0,71.0,122.0,46.7,0.6578,0.6578,-0.418,2802.47,45.0,False,0.02
2026-01-30 13:00:00,2026-01-30,13,Friday,False,Downtown_CBD,Clear,0.066,60.0,1.0,60.0,54.9,116.7,35.8,0.6514,0.6514,-0.53,2145.82,45.0,False,0.02
2026-01-30 14:00:00,2026-01-30,14,Friday,False,Downtown_CBD,Clear,0.088,60.0,1.0,60.0,66.5,119.9,43.6,0.6547,0.6547,-0.445,2613.18,45.0,False,0.02
2026-01-30 15:00:00,2026-01-30,15,Friday,False,Downtown_CBD,Clear,0.085,60.0,1.0,60.0,91.8,130.2,62.0,0.6749,0.6749,-0.295,3718.44,45.0,False,0.02
2026-01-30 16:00:00,2026-01-30,16,Friday,False,Downtown_CBD,Clear,0.215,60.0,1.248,74.85,176.4,124.9,90.5,0.5131,0.5131,0.413,6774.87,56.14,False,0.02
2026-01-30 17:00:00,2026-01-30,17,Friday,False,Downtown_CBD,Clear,0.343,60.0,1.652,99.13,272.6,130.6,106.6,0.3911,0.3911,1.087,10567.73,74.35,False,0.0376
2026-01-30 18:00:00,2026-01-30,18,Friday,False,Downtown_CBD,Clear,0.393,60.0,2.138,128.3,409.7,141.4,121.1,0.2955,0.2955,1.897,15533.52,96.23,False,0.0619
2026-01-30 19:00:00,2026-01-30,19,Friday,False,Downtown_CBD,Clear,0.413,60.0,1.682,100.94,320.8,150.1,125.6,0.3914,0.3914,1.137,12674.62,75.7,False,0.0391
2026-01-30 20:00:00,2026-01-30,20,Friday,False,Downtown_CBD,Clear,0.351,60.0,1.647,98.83,268.1,129.0,106.3,0.3963,0.3963,1.079,10501.78,74.12,False,0.0374
2026-01-30 21:00:00,2026-01-30,21,Friday,False,Downtown_CBD,Clear,0.21,60.0,1.373,82.36,189.3,116.8,88.2,0.4661,0.4661,0.621,7267.98,61.77,False,0.0236
2026-01-30 22:00:00,2026-01-30,22,Friday,False,Downtown_CBD,Clear,0.118,60.0,1.0,60.0,94.0,109.0,61.9,0.6586,0.6586,-0.138,3714.54,45.0,False,0.02
2026-01-30 23:00:00,2026-01-30,23,Friday,False,Downtown_CBD,Clear,0.055,60.0,1.0,60.0,71.0,105.6,47.9,0.6744,0.6744,-0.328,2871.34,45.0,False,0.02
2026-01-31 00:00:00,2026-01-31,0,Saturday,True,Downtown_CBD,Clear,0.073,60.0,1.0,60.0,54.5,84.3,36.5,0.6704,0.6704,-0.354,2190.32,45.0,False,0.02
2026-01-31 01:00:00,2026-01-31,1,Saturday,True,Downtown_CBD,Clear,0.07,60.0,1.0,60.0,58.7,83.9,40.0,0.6823,0.6823,-0.301,2401.53,45.0,False,0.02
2026-01-31 02:00:00,2026-01-31,2,Saturday,True,Downtown_CBD,Clear,0.11,60.0,1.0,60.0,67.0,72.1,44.3,0.6612,0.6612,-0.071,2658.57,45.0,False,0.02
2026-01-31 03:00:00,2026-01-31,3,Saturday,True,Downtown_CBD,Clear,0.081,60.0,1.0,60.0,56.4,79.2,36.7,0.6503,0.6503,-0.287,2201.74,45.0,False,0.02
2026-01-31 04:00:00,2026-01-31,4,Saturday,True,Downtown_CBD,Clear,0.093,60.0,1.0,60.0,66.4,91.3,44.9,0.676,0.676,-0.272,2694.69,45.0,False,0.02
2026-01-31 05:00:00,2026-01-31,5,Saturday,True,Downtown_CBD,Clear,0.038,60.0,1.0,60.0,61.9,86.1,40.2,0.65,0.65,-0.282,2413.58,45.0,False,0.02
2026-01-31 06:00:00,2026-01-31,6,Saturday,True,Downtown_CBD,Clear,0.09,60.0,1.0,60.0,66.6,90.1,45.3,0.6811,0.6811,-0.261,2720.04,45.0,False,0.02
2026-01-31 07:00:00,2026-01-31,7,Saturday,True,Downtown_CBD,Clear,0.077,60.0,1.0,60.0,82.8,84.8,57.2,0.6911,0.6911,-0.025,3431.36,45.0,False,0.02
2026-01-31 08:00:00,2026-01-31,8,Saturday,True,Downtown_CBD,Clear,0.106,60.0,1.052,63.14,102.5,94.3,65.2,0.6367,0.6367,0.087,4119.57,47.36,False,0.02
2026-01-31 09:00:00,2026-01-31,9,Saturday,True,Downtown_CBD,Clear,0.194,60.0,1.104,66.26,129.0,109.9,77.6,0.6017,0.6017,0.174,5143.95,49.7,False,0.02
2026-01-31 10:00:00,2026-01-31,10,Saturday,True,Downtown_CBD,Clear,0.283,60.0,1.281,76.84,164.9,112.3,86.2,0.5226,0.5226,0.468,6621.35,57.63,False,0.02
2026-01-31 11:00:00,2026-01-31,11,Saturday,True,Downtown_CBD,Clear,0.243,60.0,1.564,93.84,230.4,118.7,96.8,0.4203,0.4203,0.94,9085.01,70.38,False,0.0332
2026-01-31 12:00:00,2026-01-31,12,Saturday,True,Downtown_CBD,Clear,0.317,60.0,1.636,98.16,259.8,126.1,103.9,0.3999,0.3999,1.06,10198.41,73.62,False,0.0368
2026-01-31 13:00:00,2026-01-31,13,Saturday,True,Downtown_CBD,Clear,0.389,60.0,1.591,95.44,260.1,131.0,108.2,0.416,0.416,0.985,10324.69,71.58,False,0.0345
2026-01-31 14:00:00,2026-01-31,14,Saturday,True,Downtown_CBD,Clear,0.316,60.0,1.578,94.68,262.0,133.5,104.8,0.3998,0.3998,0.963,9918.84,71.01,False,0.0339
2026-01-31 15:00:00,2026-01-31,15,Saturday,True,Downtown_CBD,Clear,0.318,60.0,1.653,99.16,251.0,120.2,99.6,0.397,0.397,1.088,9881.06,74.37,False,0.0376
2026-01-31 16:00:00,2026-01-31,16,Saturday,True,Downtown_CBD,Clear,0.246,60.0,1.511,90.65,253.3,136.8,107.5,0.4245,0.4245,0.851,9744.91,67.99,False,0.0305
2026-01-31 17:00:00,2026-01-31,17,Saturday,True,Downtown_CBD,Clear,0.215,60.0,1.207,72.41,185.0,137.5,100.9,0.5457,0.5457,0.345,7308.67,54.31,False,0.02
2026-01-31 18:00:00,2026-01-31,18,Saturday,True,Downtown_CBD,Clear,0.223,60.0,1.218,73.08,164.7,120.8,86.4,0.5248,0.5248,0.363,6316.17,54.81,False,0.02
2026-01-31 19:00:00,2026-01-31,19,Saturday,True,Downtown_CBD,Clear,0.205,60.0,1.254,75.25,176.9,124.2,91.3,0.5164,0.5164,0.424,6872.42,56.44,False,0.02
2026-01-31 20:00:00,2026-01-31,20,Saturday,True,Downtown_CBD,Clear,0.237,60.0,1.644,98.66,241.3,116.4,97.6,0.4044,0.4044,1.074,9630.38,74.0,False,0.0372
2026-01-31 21:00:00,2026-01-31,21,Saturday,True,Downtown_CBD,Clear,0.324,60.0,2.116,126.98,280.6,98.1,87.5,0.312,0.312,1.861,11114.81,95.23,False,0.0608
2026-01-31 22:00:00,2026-01-31,22,Saturday,True,Downtown_CBD,Clear,0.404,60.0,2.608,156.5,319.4,86.8,82.5,0.2583,0.2583,2.681,12914.89,117.38,False,0.0854
2026-01-31 23:00:00,2026-01-31,23,Saturday,True,Downtown_CBD,Clear,0.288,60.0,2.598,155.89,340.9,93.0,88.8,0.2604,0.2604,2.664,13835.84,116.92,False,0.0849
2026-02-01 00:00:00,2026-02-01,0,Sunday,True,Downtown_CBD,Fog,0.254,60.0,1.0,60.0,70.0,85.9,44.1,0.6303,0.6303,-0.185,2647.21,45.0,False,0.02
2026-02-01 01:00:00,2026-02-01,1,Sunday,True,Downtown_CBD,Fog,0.299,60.0,1.0,60.0,61.2,81.1,37.5,0.613,0.613,-0.245,2252.11,45.0,False,0.02
2026-02-01 02:00:00,2026-02-01,2,Sunday,True,Downtown_CBD,Fog,0.29,60.0,1.042,62.52,68.8,64.3,41.0,0.5962,0.5962,0.07,2565.91,46.89,False,0.02
2026-02-01 03:00:00,2026-02-01,3,Sunday,True,Downtown_CBD,Fog,0.273,60.0,1.0,60.0,77.6,81.6,48.7,0.6282,0.6282,-0.049,2923.97,45.0,False,0.02
2026-02-01 04:00:00,2026-02-01,4,Sunday,True,Downtown_CBD,Fog,0.25,60.0,1.0,60.0,56.1,79.5,34.9,0.6219,0.6219,-0.295,2091.72,45.0,False,0.02
2026-02-01 05:00:00,2026-02-01,5,Sunday,True,Downtown_CBD,Fog,0.284,60.0,1.0,60.0,79.9,82.9,50.3,0.6304,0.6304,-0.037,3020.87,45.0,False,0.02
2026-02-01 06:00:00,2026-02-01,6,Sunday,True,Downtown_CBD,Fog,0.236,60.0,1.0,60.0,75.8,92.4,47.4,0.6249,0.6249,-0.179,2841.61,45.0,False,0.02
2026-02-01 07:00:00,2026-02-01,7,Sunday,True,Downtown_CBD,Fog,0.323,60.0,1.048,62.88,97.5,90.3,58.9,0.6042,0.6042,0.08,3704.81,47.16,False,0.02
2026-02-01 08:00:00,2026-02-01,8,Sunday,True,Downtown_CBD,Fog,0.347,60.0,1.1,65.98,113.5,97.3,63.3,0.5577,0.5577,0.166,4176.69,49.48,False,0.02
2026-02-01 09:00:00,2026-02-01,9,Sunday,True,Downtown_CBD,Fog,0.33,60.0,1.404,84.25,161.8,96.7,70.0,0.4327,0.4327,0.674,5898.27,63.19,False,0.0252
2026-02-01 10:00:00,2026-02-01,10,Sunday,True,Downtown_CBD,Fog,0.397,60.0,1.414,84.85,180.4,106.7,75.1,0.4164,0.4164,0.69,6372.58,63.64,False,0.0257
2026-02-01 11:00:00,2026-02-01,11,Sunday,True,Downtown_CBD,Fog,0.545,60.0,1.775,106.53,250.3,109.2,85.5,0.3416,0.3416,1.292,9108.56,79.9,False,0.0438
2026-02-01 12:00:00,2026-02-01,12,Sunday,True,Downtown_CBD,Fog,0.566,60.0,1.864,111.85,290.3,119.0,93.9,0.3236,0.3236,1.44,10506.15,83.89,False,0.0482
2026-02-01 13:00:00,2026-02-01,13,Sunday,True,Downtown_CBD,Fog,0.485,60.0,1.731,103.88,268.3,120.9,91.8,0.3421,0.3421,1.219,9532.2,77.91,False,0.0416
2026-02-01 14:00:00,2026-02-01,14,Sunday,True,Downtown_CBD,Fog,0.444,60.0,1.726,103.57,281.2,127.2,98.9,0.3517,0.3517,1.21,10240.96,77.68,False,0.0413
2026-02-01 15:00:00,2026-02-01,15,Sunday,True,Downtown_CBD,Fog,0.538,60.0,1.685,101.08,281.9,131.7,99.3,0.3521,0.3521,1.141,10032.76,75.81,False,0.0392
2026-02-01 16:00:00,2026-02-01,16,Sunday,True,Downtown_CBD,Fog,0.472,60.0,1.556,93.34,237.9,123.5,93.3,0.3922,0.3922,0.926,8707.76,70.0,False,0.0328
2026-02-01 17:00:00,2026-02-01,17,Sunday,True,Downtown_CBD,Fog,0.428,60.0,1.396,83.78,201.1,121.1,85.6,0.4255,0.4255,0.661,7170.3,62.84,False,0.0248
2026-02-01 18:00:00,2026-02-01,18,Sunday,True,Downtown_CBD,Fog,0.35,60.0,1.226,73.56,175.0,127.1,89.0,0.5083,0.5083,0.377,6543.79,55.17,False,0.02
2026-02-01 19:00:00,2026-02-01,19,Sunday,True,Downtown_CBD,Fog,0.448,60.0,1.333,79.95,202.0,129.9,87.5,0.433,0.433,0.554,6991.72,59.96,False,0.0216
2026-02-01 20:00:00,2026-02-01,20,Sunday,True,Downtown_CBD,Fog,0.475,60.0,1.666,99.96,236.7,112.2,87.8,0.3707,0.3707,1.11,8772.08,74.97,False,0.0383
2026-02-01 21:00:00,2026-02-01,21,Sunday,True,Downtown_CBD,Fog,0.496,60.0,1.816,108.95,268.6,113.8,88.5,0.3297,0.3297,1.36,9647.26,81.71,False,0.0458
2026-02-01 22:00:00,2026-02-01,22,Sunday,True,Downtown_CBD,Fog,0.553,60.0,2.52,151.22,318.5,90.1,76.5,0.2403,0.2403,2.534,11571.75,113.41,False,0.081
2026-02-01 23:00:00,2026-02-01,23,Sunday,True,Downtown_CBD,Fog,0.602,60.0,2.593,155.59,342.7,93.8,81.6,0.2382,0.2382,2.655,12702.79,116.69,False,0.0847
2026-02-02 00:00:00,2026-02-02,0,Monday,False,Downtown_CBD,Clear,0.08,60.0,1.0,60.0,48.6,74.9,32.7,0.6732,0.6732,-0.351,1964.32,45.0,False,0.02
2026-02-02 01:00:00,2026-02-02,1,Monday,False,Downtown_CBD,Clear,0.004,60.0,1.0,60.0,50.1,76.6,33.8,0.6745,0.6745,-0.347,2025.7,45.0,False,0.02
2026-02-02 02:00:00,2026-02-02,2,Monday,False,Downtown_CBD,Clear,0.034,60.0,1.0,60.0,51.2,79.9,34.3,0.67,0.67,-0.359,2059.67,45.0,False,0.02
2026-02-02 03:00:00,2026-02-02,3,Monday,False,Downtown_CBD,Clear,0.042,60.0,1.0,60.0,56.2,88.2,37.7,0.6705,0.6705,-0.363,2262.34,45.0,False,0.02
2026-02-02 04:00:00,2026-02-02,4,Monday,False,Downtown_CBD,Clear,0.0,60.0,1.0,60.0,50.2,91.0,33.9,0.6758,0.6758,-0.448,2034.55,45.0,False,0.02
2026-02-02 05:00:00,2026-02-02,5,Monday,False,Downtown_CBD,Clear,0.078,60.0,1.0,60.0,67.1,101.4,44.6,0.6645,0.6645,-0.338,2675.72,45.0,False,0.02
2026-02-02 06:00:00,2026-02-02,6,Monday,False,Downtown_CBD,Clear,0.219,60.0,1.0,60.0,104.6,105.3,69.9,0.6683,0.6683,-0.007,4195.26,45.0,False,0.02
2026-02-02 07:00:00,2026-02-02,7,Monday,False,Downtown_CBD,Clear,0.287,60.0,1.562,93.7,219.6,113.4,91.6,0.4174,0.4174,0.936,8587.42,70.28,False,0.0331
2026-02-02 08:00:00,2026-02-02,8,Monday,False,Downtown_CBD,Clear,0.354,60.0,1.866,111.93,308.4,126.3,104.7,0.3393,0.3393,1.443,11715.11,83.95,False,0.0483
2026-02-02 09:00:00,2026-02-02,9,Monday,False,Downtown_CBD,Clear,0.386,60.0,1.849,110.97,308.4,127.7,109.5,0.3551,0.3551,1.416,12151.18,83.23,False,0.0475
2026-02-02 10:00:00,2026-02-02,10,Monday,False,Downtown_CBD,Clear,0.267,60.0,1.606,96.34,235.5,117.2,97.1,0.4124,0.4124,1.009,9355.7,72.25,False,0.0353
2026-02-02 11:00:00,2026-02-02,11,Monday,False,Downtown_CBD,Clear,0.161,60.0,1.052,63.13,143.9,132.4,91.1,0.6329,0.6329,0.087,5750.4,47.35,False,0.02
2026-02-02 12:00:00,2026-02-02,12,Monday,False,Downtown_CBD,Clear,0.043,60.0,1.0,60.0,83.2,123.3,54.5,0.6542,0.6542,-0.325,3267.13,45.0,False,0.02
2026-02-02 13:00:00,2026-02-02,13,Monday,False,Downtown_CBD,Clear,0.061,60.0,1.0,60.0,60.4,114.6,39.9,0.6611,0.6611,-0.473,2395.17,45.0,False,0.02
2026-02-02 14:00:00,2026-02-02,14,Monday,False,Downtown_CBD,Clear,0.066,60.0,1.0,60.0,70.1,115.2,46.5,0.663,0.663,-0.391,2790.19,45.0,False,0.02
2026-02-02 15:00:00,2026-02-02,15,Monday,False,Downtown_CBD,Clear,0.077,60.0,1.0,60.0,97.8,138.6,62.7,0.641,0.641,-0.295,3760.98,45.0,False,0.02
2026-02-02 16:00:00,2026-02-02,16,Monday,False,Downtown_CBD,Clear,0.226,60.0,1.149,68.96,170.4,136.5,98.1,0.5759,0.5759,0.249,6767.96,51.72,False,0.02
2026-02-02 17:00:00,2026-02-02,17,Monday,False,Downtown_CBD,Clear,0.316,60.0,1.615,96.91,267.1,131.9,109.5,0.41,0.41,1.025,10612.29,72.68,False,0.0358
2026-02-02 18:00:00,2026-02-02,18,Monday,False,Downtown_CBD,Clear,0.413,60.0,1.68,100.82,320.7,150.3,123.1,0.384,0.384,1.134,12414.39,75.61,False,0.039
2026-02-02 19:00:00,2026-02-02,19,Monday,False,Downtown_CBD,Clear,0.429,60.0,1.954,117.22,347.7,134.3,116.2,0.3342,0.3342,1.59,13620.83,87.91,False,0.0527
2026-02-02 20:00:00,2026-02-02,20,Monday,False,Downtown_CBD,Clear,0.386,60.0,1.607,96.45,273.3,135.8,108.3,0.3962,0.3962,1.012,10442.88,72.34,False,0.0354
2026-02-02 21:00:00,2026-02-02,21,Monday,False,Downtown_CBD,Clear,0.249,60.0,1.152,69.14,163.7,130.5,92.5,0.5651,0.5651,0.254,6395.47,51.86,False,0.02
2026-02-02 22:00:00,2026-02-02,22,Monday,False,Downtown_CBD,Clear,0.155,60.0,1.0,60.0,82.9,106.9,53.4,0.644,0.644,-0.225,3201.7,45.0,False,0.02
2026-02-02 23:00:00,2026-02-02,23,Monday,False,Downtown_CBD,Clear,0.027,60.0,1.0,60.0,59.4,93.3,40.1,0.6754,0.6754,-0.363,2408.58,45.0,False,0.02
2026-02-03 00:00:00,2026-02-03,0,Tuesday,False,Downtown_CBD,Clear,0.064,60.0,1.0,60.0,45.1,63.9,30.1,0.6672,0.6672,-0.295,1804.09,45.0,False,0.02
2026-02-03 01:00:00,2026-02-03,1,Tuesday,False,Downtown_CBD,Clear,0.085,60.0,1.0,60.0,51.5,70.2,34.3,0.6659,0.6659,-0.267,2056.6,45.0,False,0.02
2026-02-03 02:00:00,2026-02-03,2,Tuesday,False,Downtown_CBD,Clear,0.12,60.0,1.0,60.0,42.2,76.8,27.9,0.6613,0.6613,-0.451,1672.46,45.0,False,0.02
2026-02-03 03:00:00,2026-02-03,3,Tuesday,False,Downtown_CBD,Clear,0.043,60.0,1.0,60.0,48.8,75.8,33.3,0.6815,0.6815,-0.356,1996.94,45.0,False,0.02
2026-02-03 04:00:00,2026-02-03,4,Tuesday,False,Downtown_CBD,Clear,0.038,60.0,1.0,60.0,54.5,86.3,37.3,0.6856,0.6856,-0.369,2240.62,45.0,False,0.02
2026-02-03 05:00:00,2026-02-03,5,Tuesday,False,Downtown_CBD,Clear,0.052,60.0,1.0,60.0,74.4,91.4,48.4,0.6511,0.6511,-0.187,2905.12,45.0,False,0.02
2026-02-03 06:00:00,2026-02-03,6,Tuesday,False,Downtown_CBD,Clear,0.18,60.0,1.119,67.16,133.4,111.2,77.7,0.5823,0.5823,0.199,5215.95,50.37,False,0.02
2026-02-03 07:00:00,2026-02-03,7,Tuesday,False,Downtown_CBD,Clear,0.244,60.0,1.493,89.57,215.5,118.3,95.2,0.4418,0.4418,0.821,8526.86,67.18,False,0.0296
2026-02-03 08:00:00,2026-02-03,8,Tuesday,False,Downtown_CBD,Clear,0.355,60.0,1.99,119.39,330.8,124.9,105.8,0.3197,0.3197,1.65,12629.93,89.54,False,0.0545
2026-02-03 09:00:00,2026-02-03,9,Tuesday,False,Downtown_CBD,Clear,0.334,60.0,1.802,108.11,300.1,128.5,111.3,0.3708,0.3708,1.336,12030.51,81.08,False,0.0451
2026-02-03 10:00:00,2026-02-03,10,Tuesday,False,Downtown_CBD,Clear,0.2,60.0,1.466,87.96,221.7,124.8,102.4,0.4618,0.4618,0.777,9002.79,65.97,False,0.0283
2026-02-03 11:00:00,2026-02-03,11,Tuesday,False,Downtown_CBD,Clear,0.175,60.0,1.0,60.0,117.7,119.7,78.3,0.6655,0.6655,-0.016,4700.22,45.0,False,0.02
2026-02-03 12:00:00,2026-02-03,12,Tuesday,False,Downtown_CBD,Clear,0.099,60.0,1.0,60.0,67.4,130.5,44.2,0.6557,0.6557,-0.484,2650.22,45.0,False,0.02
2026-02-03 13:00:00,2026-02-03,13,Tuesday,False,Downtown_CBD,Clear,0.076,60.0,1.0,60.0,61.6,118.3,41.2,0.6685,0.6685,-0.48,2469.43,45.0,False,0.02
2026-02-03 14:00:00,2026-02-03,14,Tuesday,False,Downtown_CBD,Clear,0.034,60.0,1.0,60.0,69.6,130.1,48.0,0.6898,0.6898,-0.465,2880.84,45.0,False,0.02
2026-02-03 15:00:00,2026-02-03,15,Tuesday,False,Downtown_CBD,Clear,0.137,60.0,1.0,60.0,90.6,136.8,60.3,0.6658,0.6658,-0.338,3618.08,45.0,False,0.02
2026-02-03 16:00:00,2026-02-03,16,Tuesday,False,Downtown_CBD,Clear,0.212,60.0,1.071,64.25,148.8,133.1,91.5,0.6151,0.6151,0.118,5880.29,48.19,False,0.02
2026-02-03 17:00:00,2026-02-03,17,Tuesday,False,Downtown_CBD,Clear,0.321,60.0,1.595,95.71,259.8,130.4,110.9,0.427,0.427,0.992,10618.46,71.78,False,0.0348
2026-02-03 18:00:00,2026-02-03,18,Tuesday,False,Downtown_CBD,Clear,0.426,60.0,2.002,120.13,383.0,143.5,123.8,0.3231,0.3231,1.67,14867.38,90.1,False,0.0551
2026-02-03 19:00:00,2026-02-03,19,Tuesday,False,Downtown_CBD,Clear,0.461,60.0,2.257,135.44,418.1,135.1,120.3,0.2877,0.2877,2.096,16290.56,101.58,False,0.0679
2026-02-03 20:00:00,2026-02-03,20,Tuesday,False,Downtown_CBD,Clear,0.309,60.0,1.708,102.47,290.4,133.2,109.9,0.3786,0.3786,1.18,11265.27,76.85,False,0.0404
2026-02-03 21:00:00,2026-02-03,21,Tuesday,False,Downtown_CBD,Clear,0.192,60.0,1.167,70.04,156.5,122.4,87.6,0.5598,0.5598,0.279,6136.04,52.53,False,0.02
2026-02-03 22:00:00,2026-02-03,22,Tuesday,False,Downtown_CBD,Clear,0.146,60.0,1.0,60.0,76.2,113.0,51.1,0.6701,0.6701,-0.325,3065.25,45.0,False,0.02
2026-02-03 23:00:00,2026-02-03,23,Tuesday,False,Downtown_CBD,Clear,0.109,60.0,1.0,60.0,59.5,109.9,39.8,0.6677,0.6677,-0.458,2385.69,45.0,False,0.02
2026-02-04 00:00:00,2026-02-04,0,Wednesday,False,Downtown_CBD,Clear,0.015,60.0,1.0,60.0,50.6,72.0,34.0,0.6719,0.6719,-0.297,2041.8,45.0,False,0.02
2026-02-04 01:00:00,2026-02-04,1,Wednesday,False,Downtown_CBD,Clear,0.012,60.0,1.0,60.0,48.7,71.0,32.9,0.6751,0.6751,-0.313,1974.39,45.0,False,0.02
2026-02-04 02:00:00,2026-02-04,2,Wednesday,False,Downtown_CBD,Clear,0.048,60.0,1.0,60.0,52.1,78.1,34.4,0.6602,0.6602,-0.333,2065.05,45.0,False,0.02
2026-02-04 03:00:00,2026-02-04,3,Wednesday,False,Downtown_CBD,Clear,0.038,60.0,1.0,60.0,51.4,85.1,33.4,0.6487,0.6487,-0.395,2001.63,45.0,False,0.02
2026-02-04 04:00:00,2026-02-04,4,Wednesday,False,Downtown_CBD,Clear,0.04,60.0,1.0,60.0,55.4,95.5,36.6,0.6598,0.6598,-0.42,2193.41,45.0,False,0.02
2026-02-04 05:00:00,2026-02-04,5,Wednesday,False,Downtown_CBD,Clear,0.098,60.0,1.0,60.0,70.9,93.9,46.9,0.6617,0.6617,-0.246,2813.17,45.0,False,0.02
2026-02-04 06:00:00,2026-02-04,6,Wednesday,False,Downtown_CBD,Clear,0.128,60.0,1.19,71.41,138.6,105.3,74.0,0.5338,0.5338,0.317,5284.66,53.56,False,0.02
2026-02-04 07:00:00,2026-02-04,7,Wednesday,False,Downtown_CBD,Clear,0.259,60.0,1.478,88.7,217.4,121.0,95.9,0.441,0.441,0.797,8504.72,66.53,False,0.0289
2026-02-04 08:00:00,2026-02-04,8,Wednesday,False,Downtown_CBD,Clear,0.397,60.0,1.809,108.56,301.0,128.2,107.6,0.3575,0.3575,1.349,11685.16,81.42,False,0.0455
2026-02-04 09:00:00,2026-02-04,9,Wednesday,False,Downtown_CBD,Clear,0.31,60.0,1.732,103.92,275.1,123.9,102.5,0.3724,0.3724,1.22,10647.38,77.94,False,0.0416
2026-02-04 10:00:00,2026-02-04,10,Wednesday,False,Downtown_CBD,Clear,0.199,60.0,1.518,91.06,244.6,131.3,104.7,0.4281,0.4281,0.863,9536.44,68.3,False,0.0309
2026-02-04 11:00:00,2026-02-04,11,Wednesday,False,Downtown_CBD,Clear,0.164,60.0,1.0,60.0,129.0,131.6,85.8,0.6652,0.6652,-0.019,5150.03,45.0,False,0.02
2026-02-04 12:00:00,2026-02-04,12,Wednesday,False,Downtown_CBD,Clear,0.08,60.0,1.0,60.0,71.5,122.3,47.6,0.6658,0.6658,-0.416,2855.6,45.0,False,0.02
2026-02-04 13:00:00,2026-02-04,13,Wednesday,False,Downtown_CBD,Clear,0.039,60.0,1.0,60.0,56.1,118.6,37.0,0.6596,0.6596,-0.527,2220.93,45.0,False,0.02
2026-02-04 14:00:00,2026-02-04,14,Wednesday,False,Downtown_CBD,Clear,0.056,60.0,1.0,60.0,70.1,117.9,47.9,0.6832,0.6832,-0.405,2873.76,45.0,False,0.02
2026-02-04 15:00:00,2026-02-04,15,Wednesday,False,Downtown_CBD,Clear,0.153,60.0,1.0,60.0,98.0,127.0,65.9,0.6729,0.6729,-0.228,3956.54,45.0,False,0.02
2026-02-04 16:00:00,2026-02-04,16,Wednesday,False,Downtown_CBD,Clear,0.175,60.0,1.161,69.66,163.0,128.5,94.2,0.5779,0.5779,0.268,6560.12,52.24,False,0.02
2026-02-04 17:00:00,2026-02-04,17,Wednesday,False,Downtown_CBD,Clear,0.3,60.0,1.698,101.87,260.3,120.3,103.6,0.3981,0.3981,1.163,10555.35,76.4,False,0.0399
2026-02-04 18:00:00,2026-02-04,18,Wednesday,False,Downtown_CBD,Clear,0.387,60.0,1.955,117.29,358.8,138.5,123.5,0.3444,0.3444,1.591,14490.9,87.97,False,0.0527
2026-02-04 19:00:00,2026-02-04,19,Wednesday,False,Downtown_CBD,Clear,0.399,60.0,1.952,117.15,329.5,127.3,115.0,0.349,0.349,1.587,13470.1,87.86,False,0.0526
2026-02-04 20:00:00,2026-02-04,20,Wednesday,False,Downtown_CBD,Clear,0.33,60.0,1.522,91.32,258.5,138.2,110.6,0.4279,0.4279,0.87,10100.73,68.49,False,0.0311
2026-02-04 21:00:00,2026-02-04,21,Wednesday,False,Downtown_CBD,Clear,0.199,60.0,1.209,72.56,168.5,124.9,94.7,0.5621,0.5621,0.349,6872.97,54.42,False,0.02
2026-02-04 22:00:00,2026-02-04,22,Wednesday,False,Downtown_CBD,Clear,0.14,60.0,1.0,60.0,96.1,111.2,64.0,0.6667,0.6667,-0.136,3842.74,45.0,False,0.02
2026-02-04 23:00:00,2026-02-04,23,Wednesday,False,Downtown_CBD,Clear,0.065,60.0,1.0,60.0,62.7,102.9,43.3,0.6905,0.6905,-0.39,2598.7,45.0,False,0.02
2026-02-05 00:00:00,2026-02-05,0,Thursday,False,Downtown_CBD,Clear,0.066,60.0,1.0,60.0,49.3,66.4,32.6,0.6618,0.6618,-0.257,1958.32,45.0,False,0.02
2026-02-05 01:00:00,2026-02-05,1,Thursday,False,Downtown_CBD,Clear,0.042,60.0,1.0,60.0,47.7,75.3,32.0,0.6703,0.6703,-0.366,1919.9,45.0,False,0.02
2026-02-05 02:00:00,2026-02-05,2,Thursday,False,Downtown_CBD,Clear,0.053,60.0,1.0,60.0,37.8,75.6,25.1,0.6631,0.6631,-0.5,1504.01,45.0,False,0.02
2026-02-05 03:00:00,2026-02-05,3,Thursday,False,Downtown_CBD,Clear,0.107,60.0,1.0,60.0,46.7,83.9,31.5,0.6743,0.6743,-0.443,1889.21,45.0,False,0.02
2026-02-05 04:00:00,2026-02-05,4,Thursday,False,Downtown_CBD,Clear,0.066,60.0,1.0,60.0,60.0,94.9,39.7,0.6617,0.6617,-0.368,2380.37,45.0,False,0.02
2026-02-05 05:00:00,2026-02-05,5,Thursday,False,Downtown_CBD,Clear,0.069,60.0,1.0,60.0,60.9,99.2,41.1,0.6746,0.6746,-0.386,2464.75,45.0,False,0.02
2026-02-05 06:00:00,2026-02-05,6,Thursday,False,Downtown_CBD,Clear,0.125,60.0,1.155,69.31,120.4,95.6,70.1,0.5822,0.5822,0.259,4856.82,51.98,False,0.02
2026-02-05 07:00:00,2026-02-05,7,Thursday,False,Downtown_CBD,Clear,0.284,60.0,1.569,94.15,218.8,112.3,92.3,0.4217,0.4217,0.949,8686.58,70.61,False,0.0335
2026-02-05 08:00:00,2026-02-05,8,Thursday,False,Downtown_CBD,Clear,0.423,60.0,2.263,135.81,336.0,108.2,97.4,0.29,0.29,2.106,13234.11,101.86,False,0.0682
2026-02-05 09:00:00,2026-02-05,9,Thursday,False,Downtown_CBD,Clear,0.358,60.0,2.34,140.42,374.8,115.9,108.5,0.2894,0.2894,2.234,15231.97,105.31,False,0.072
2026-02-05 10:00:00,2026-02-05,10,Thursday,False,Downtown_CBD,Clear,0.266,60.0,1.367,82.01,202.0,125.4,98.1,0.4855,0.4855,0.611,8041.6,61.51,False,0.0233
2026-02-05 11:00:00,2026-02-05,11,Thursday,False,Downtown_CBD,Clear,0.194,60.0,1.063,63.8,137.1,124.0,84.0,0.6127,0.6127,0.106,5359.27,47.85,False,0.02
2026-02-05 12:00:00,2026-02-05,12,Thursday,False,Downtown_CBD,Clear,0.095,60.0,1.0,60.0,71.0,115.0,45.9,0.6474,0.6474,-0.383,2756.28,45.0,False,0.02
2026-02-05 13:00:00,2026-02-05,13,Thursday,False,Downtown_CBD,Clear,0.024,60.0,1.0,60.0,52.5,117.9,35.1,0.6687,0.6687,-0.554,2108.16,45.0,False,0.02
2026-02-05 14:00:00,2026-02-05,14,Thursday,False,Downtown_CBD,Clear,0.06,60.0,1.0,60.0,61.6,125.3,41.0,0.6656,0.6656,-0.508,2461.67,45.0,False,0.02
2026-02-05 15:00:00,2026-02-05,15,Thursday,False,Downtown_CBD,Clear,0.143,60.0,1.0,60.0,102.4,130.8,68.7,0.6707,0.6707,-0.217,4120.27,45.0,False,0.02
2026-02-05 16:00:00,2026-02-05,16,Thursday,False,Downtown_CBD,Clear,0.235,60.0,1.229,73.76,177.1,128.1,94.6,0.5345,0.5345,0.382,6980.81,55.32,False,0.02
2026-02-05 17:00:00,2026-02-05,17,Thursday,False,Downtown_CBD,Clear,0.355,60.0,1.537,92.22,241.4,127.4,104.3,0.4319,0.4319,0.895,9617.45,69.16,False,0.0319
2026-02-05 18:00:00,2026-02-05,18,Thursday,False,Downtown_CBD,Clear,0.401,60.0,2.122,127.3,368.5,128.4,115.7,0.3141,0.3141,1.869,14734.26,95.47,False,0.0611
2026-02-05 19:00:00,2026-02-05,19,Thursday,False,Downtown_CBD,Clear,0.451,60.0,2.005,120.32,382.4,142.9,131.6,0.3442,0.3442,1.676,15835.26,90.24,False,0.0553
2026-02-05 20:00:00,2026-02-05,20,Thursday,False,Downtown_CBD,Clear,0.339,60.0,1.583,94.96,257.2,130.5,111.2,0.4324,0.4324,0.971,10559.36,71.22,False,0.0341
2026-02-05 21:00:00,2026-02-05,21,Thursday,False,Downtown_CBD,Clear,0.228,60.0,1.121,67.28,154.5,128.5,88.6,0.5734,0.5734,0.202,5960.21,50.46,False,0.02
2026-02-05 22:00:00,2026-02-05,22,Thursday,False,Downtown_CBD,Clear,0.132,60.0,1.0,60.0,104.7,119.6,69.5,0.6641,0.6641,-0.124,4171.23,45.0,False,0.02
2026-02-05 23:00:00,2026-02-05,23,Thursday,False,Downtown_CBD,Clear,0.03,60.0,1.0,60.0,53.0,110.9,36.0,0.6784,0.6784,-0.522,2158.38,45.0,False,0.02
2026-02-06 00:00:00,2026-02-06,0,Friday,False,Downtown_CBD,Clear,0.04,60.0,1.0,60.0,51.3,67.6,33.7,0.6564,0.6564,-0.241,2021.07,45.0,False,0.02
2026-02-06 01:00:00,2026-02-06,1,Friday,False,Downtown_CBD,Clear,0.045,60.0,1.0,60.0,56.7,66.7,38.0,0.669,0.669,-0.149,2277.83,45.0,False,0.02
2026-02-06 02:00:00,2026-02-06,2,Friday,False,Downtown_CBD,Clear,0.067,60.0,1.0,60.0,50.6,73.5,34.5,0.6826,0.6826,-0.312,2070.63,45.0,False,0.02
2026-02-06 03:00:00,2026-02-06,3,Friday,False,Downtown_CBD,Clear,0.074,60.0,1.0,60.0,46.2,85.6,32.0,0.6937,0.6937,-0.461,1921.0,45.0,False,0.02
2026-02-06 04:00:00,2026-02-06,4,Friday,False,Downtown_CBD,Clear,0.042,60.0,1.0,60.0,53.9,94.6,35.6,0.661,0.661,-0.43,2138.26,45.0,False,0.02
2026-02-06 05:00:00,2026-02-06,5,Friday,False,Downtown_CBD,Clear,0.117,60.0,1.0,60.0,80.3,108.5,54.6,0.6799,0.6799,-0.26,3275.7,45.0,False,0.02
2026-02-06 06:00:00,2026-02-06,6,Friday,False,Downtown_CBD,Clear,0.192,60.0,1.197,71.8,134.7,101.5,73.7,0.5472,0.5472,0.328,5293.87,53.85,False,0.02
2026-02-06 07:00:00,2026-02-06,7,Friday,False,Downtown_CBD,Clear,0.262,60.0,1.591,95.49,239.3,120.5,97.8,0.4088,0.4088,0.986,9341.5,71.62,False,0.0346
2026-02-06 08:00:00,2026-02-06,8,Friday,False,Downtown_CBD,Clear,0.381,60.0,1.772,106.32,265.4,116.1,98.1,0.3696,0.3696,1.287,10429.01,79.74,False,0.0436
2026-02-06 09:00:00,2026-02-06,9,Friday,False,Downtown_CBD,Clear,0.421,60.0,1.727,103.61,282.6,127.8,108.8,0.3848,0.3848,1.211,11268.4,77.71,False,0.0413
2026-02-06 10:00:00,2026-02-06,10,Friday,False,Downtown_CBD,Clear,0.272,60.0,1.53,91.82,250.2,132.8,107.1,0.4283,0.4283,0.884,9837.48,68.86,False,0.0315
2026-02-06 11:00:00,2026-02-06,11,Friday,False,Downtown_CBD,Clear,0.161,60.0,1.068,64.1,139.1,124.9,85.4,0.6141,0.6141,0.114,5474.39,48.07,False,0.02
2026-02-06 12:00:00,2026-02-06,12,Friday,False,Downtown_CBD,Clear,0.085,60.0,1.0,60.0,69.8,113.1,47.6,0.6823,0.6823,-0.383,2858.98,45.0,False,0.02
2026-02-06 13:00:00,2026-02-06,13,Friday,False,Downtown_CBD,Clear,0.051,60.0,1.0,60.0,58.5,128.0,39.1,0.6694,0.6694,-0.543,2348.44,45.0,False,0.02
2026-02-06 14:00:00,2026-02-06,14,Friday,False,Downtown_CBD,Clear,0.018,60.0,1.0,60.0,63.6,118.3,42.3,0.6654,0.6654,-0.462,2538.14,45.0,False,0.02
2026-02-06 15:00:00,2026-02-06,15,Friday,False,Downtown_CBD,Clear,0.174,60.0,1.0,60.0,95.2,126.1,65.4,0.6878,0.6878,-0.245,3926.91,45.0,False,0.02
2026-02-06 16:00:00,2026-02-06,16,Friday,False,Downtown_CBD,Clear,0.205,60.0,1.282,76.93,196.2,133.5,100.2,0.5108,0.5108,0.47,7710.72,57.7,False,0.02
2026-02-06 17:00:00,2026-02-06,17,Friday,False,Downtown_CBD,Clear,0.331,60.0,1.751,105.09,296.4,131.6,110.8,0.3738,0.3738,1.252,11643.14,78.82,False,0.0426
2026-02-06 18:00:00,2026-02-06,18,Friday,False,Downtown_CBD,Clear,0.464,60.0,1.98,118.82,339.7,129.0,116.5,0.3429,0.3429,1.634,13837.33,89.11,False,0.054
2026-02-06 19:00:00,2026-02-06,19,Friday,False,Downtown_CBD,Clear,0.39,60.0,2.061,123.63,351.2,126.9,113.8,0.324,0.324,1.768,14067.52,92.72,False,0.058
2026-02-06 20:00:00,2026-02-06,20,Friday,False,Downtown_CBD,Clear,0.281,60.0,1.561,93.64,258.2,133.5,110.3,0.4273,0.4273,0.934,10331.13,70.23,False,0.033
2026-02-06 21:00:00,2026-02-06,21,Friday,False,Downtown_CBD,Clear,0.152,60.0,1.321,79.26,188.1,122.5,92.6,0.4922,0.4922,0.535,7336.22,59.45,False,0.021
2026-02-06 22:00:00,2026-02-06,22,Friday,False,Downtown_CBD,Clear,0.123,60.0,1.009,60.55,106.7,105.1,70.1,0.6571,0.6571,0.015,4243.07,45.41,False,0.02
2026-02-06 23:00:00,2026-02-06,23,Friday,False,Downtown_CBD,Clear,0.098,60.0,1.0,60.0,69.7,102.7,47.1,0.6768,0.6768,-0.322,2828.43,45.0,False,0.02
2026-02-07 00:00:00,2026-02-07,0,Saturday,True,Downtown_CBD,Clear,0.093,60.0,1.0,60.0,67.8,76.4,45.0,0.6628,0.6628,-0.112,2697.97,45.0,False,0.02
2026-02-07 01:00:00,2026-02-07,1,Saturday,True,Downtown_CBD,Clear,0.07,60.0,1.0,60.0,62.8,81.4,41.5,0.6606,0.6606,-0.228,2490.67,45.0,False,0.02
2026-02-07 02:00:00,2026-02-07,2,Saturday,True,Downtown_CBD,Clear,0.105,60.0,1.025,61.49,74.7,71.7,48.6,0.6504,0.6504,0.041,2987.59,46.12,False,0.02
2026-02-07 03:00:00,2026-02-07,3,Saturday,True,Downtown_CBD,Clear,0.047,60.0,1.0,60.0,60.1,77.3,40.5,0.6745,0.6745,-0.223,2430.63,45.0,False,0.02
2026-02-07 04:00:00,2026-02-07,4,Saturday,True,Downtown_CBD,Clear,0.077,60.0,1.0,60.0,57.6,85.5,38.9,0.6746,0.6746,-0.326,2332.41,45.0,False,0.02
2026-02-07 05:00:00,2026-02-07,5,Saturday,True,Downtown_CBD,Clear,0.032,60.0,1.0,60.0,66.9,91.0,44.4,0.6638,0.6638,-0.265,2663.18,45.0,False,0.02
2026-02-07 06:00:00,2026-02-07,6,Saturday,True,Downtown_CBD,Clear,0.139,60.0,1.0,60.0,66.8,84.1,44.5,0.6652,0.6652,-0.205,2667.88,45.0,False,0.02
2026-02-07 07:00:00,2026-02-07,7,Saturday,True,Downtown_CBD,Clear,0.119,60.0,1.0,60.0,90.5,95.4,59.6,0.659,0.659,-0.051,3578.32,45.0,False,0.02
2026-02-07 08:00:00,2026-02-07,8,Saturday,True,Downtown_CBD,Clear,0.095,60.0,1.038,62.26,108.8,102.4,71.7,0.6594,0.6594,0.063,4466.4,46.7,False,0.02
2026-02-07 09:00:00,2026-02-07,9,Saturday,True,Downtown_CBD,Clear,0.153,60.0,1.134,68.03,130.5,106.7,75.4,0.578,0.578,0.223,5132.73,51.02,False,0.02
2026-02-07 10:00:00,2026-02-07,10,Saturday,True,Downtown_CBD,Clear,0.184,60.0,1.357,81.42,185.4,116.2,88.9,0.4794,0.4794,0.595,7236.43,61.06,False,0.0228
2026-02-07 11:00:00,2026-02-07,11,Saturday,True,Downtown_CBD,Clear,0.264,60.0,1.606,96.34,246.4,122.6,103.2,0.4189,0.4189,1.01,9942.58,72.25,False,0.0353
2026-02-07 12:00:00,2026-02-07,12,Saturday,True,Downtown_CBD,Clear,0.281,60.0,1.617,97.04,245.6,121.1,95.9,0.3905,0.3905,1.029,9308.7,72.78,False,0.0359
2026-02-07 13:00:00,2026-02-07,13,Saturday,True,Downtown_CBD,Clear,0.362,60.0,1.822,109.33,291.9,123.2,106.5,0.3649,0.3649,1.37,11645.61,82.0,False,0.0461
2026-02-07 14:00:00,2026-02-07,14,Saturday,True,Downtown_CBD,Clear,0.323,60.0,1.545,92.7,233.5,122.3,97.4,0.4174,0.4174,0.908,9033.28,69.53,False,0.0323
2026-02-07 15:00:00,2026-02-07,15,Saturday,True,Downtown_CBD,Clear,0.296,60.0,1.461,87.66,235.8,133.4,106.6,0.452,0.452,0.768,9342.71,65.75,False,0.028
2026-02-07 16:00:00,2026-02-07,16,Saturday,True,Downtown_CBD,Clear,0.221,60.0,1.402,84.14,213.4,127.7,100.1,0.4692,0.4692,0.671,8423.8,63.11,False,0.0251
2026-02-07 17:00:00,2026-02-07,17,Saturday,True,Downtown_CBD,Clear,0.248,60.0,1.179,70.75,172.7,133.0,96.9,0.5609,0.5609,0.299,6853.06,53.06,False,0.02
2026-02-07 18:00:00,2026-02-07,18,Saturday,True,Downtown_CBD,Clear,0.194,60.0,1.103,66.19,148.0,126.3,88.8,0.6003,0.6003,0.172,5880.64,49.64,False,0.02
2026-02-07 19:00:00,2026-02-07,19,Saturday,True,Downtown_CBD,Clear,0.188,60.0,1.349,80.92,184.4,116.6,89.4,0.4848,0.4848,0.581,7233.77,60.69,False,0.0224
2026-02-07 20:00:00,2026-02-07,20,Saturday,True,Downtown_CBD,Clear,0.231,60.0,1.337,80.25,178.3,114.1,86.5,0.4853,0.4853,0.562,6942.87,60.19,False,0.0219
2026-02-07 21:00:00,2026-02-07,21,Saturday,True,Downtown_CBD,Clear,0.343,60.0,1.83,109.79,246.3,103.4,92.6,0.376,0.376,1.383,10167.5,82.34,False,0.0465
2026-02-07 22:00:00,2026-02-07,22,Saturday,True,Downtown_CBD,Clear,0.382,60.0,2.094,125.61,287.5,101.9,91.2,0.3172,0.3172,1.823,11452.66,94.21,False,0.0597
2026-02-07 23:00:00,2026-02-07,23,Saturday,True,Downtown_CBD,Clear,0.364,60.0,2.412,144.75,314.1,93.7,87.2,0.2776,0.2776,2.354,12624.66,108.56,False,0.0756
2026-02-08 00:00:00,2026-02-08,0,Sunday,True,Downtown_CBD,Clear,0.124,60.0,1.0,60.0,75.6,79.7,49.7,0.658,0.658,-0.052,2982.92,45.0,False,0.02
2026-02-08 01:00:00,2026-02-08,1,Sunday,True,Downtown_CBD,Clear,0.115,60.0,1.0,60.0,56.9,77.5,38.5,0.6758,0.6758,-0.266,2307.97,45.0,False,0.02
2026-02-08 02:00:00,2026-02-08,2,Sunday,True,Downtown_CBD,Clear,0.028,60.0,1.0,60.0,66.3,84.2,44.4,0.6696,0.6696,-0.213,2662.8,45.0,False,0.02
2026-02-08 03:00:00,2026-02-08,3,Sunday,True,Downtown_CBD,Clear,0.05,60.0,1.0,60.0,68.7,81.9,46.6,0.6787,0.6787,-0.162,2797.66,45.0,False,0.02
2026-02-08 04:00:00,2026-02-08,4,Sunday,True,Downtown_CBD,Clear,0.06,60.0,1.0,60.0,65.3,79.1,43.6,0.6671,0.6671,-0.175,2613.65,45.0,False,0.02
2026-02-08 05:00:00,2026-02-08,5,Sunday,True,Downtown_CBD,Clear,0.082,60.0,1.0,60.0,68.0,89.2,46.0,0.6775,0.6775,-0.238,2762.69,45.0,False,0.02
2026-02-08 06:00:00,2026-02-08,6,Sunday,True,Downtown_CBD,Clear,0.081,60.0,1.0,60.0,68.7,89.4,47.3,0.689,0.689,-0.232,2838.71,45.0,False,0.02
2026-02-08 07:00:00,2026-02-08,7,Sunday,True,Downtown_CBD,Clear,0.119,60.0,1.0,60.0,87.0,91.8,57.5,0.6606,0.6606,-0.053,3447.29,45.0,False,0.02
2026-02-08 08:00:00,2026-02-08,8,Sunday,True,Downtown_CBD,Clear,0.132,60.0,1.033,61.96,108.7,103.0,70.0,0.6443,0.6443,0.055,4337.57,46.47,False,0.02
2026-02-08 09:00:00,2026-02-08,9,Sunday,True,Downtown_CBD,Clear,0.185,60.0,1.165,69.91,131.5,103.1,74.7,0.5681,0.5681,0.275,5221.46,52.43,False,0.02
2026-02-08 10:00:00,2026-02-08,10,Sunday,True,Downtown_CBD,Clear,0.286,60.0,1.336,80.19,179.1,114.7,86.4,0.4824,0.4824,0.561,6927.44,60.14,False,0.0218
2026-02-08 11:00:00,2026-02-08,11,Sunday,True,Downtown_CBD,Clear,0.276,60.0,1.108,66.49,143.6,121.7,86.4,0.6019,0.6019,0.18,5746.28,49.87,False,0.02
2026-02-08 12:00:00,2026-02-08,12,Sunday,True,Downtown_CBD,Clear,0.227,60.0,1.768,106.11,280.2,122.9,102.0,0.364,0.364,1.281,10824.94,79.58,False,0.0434
2026-02-08 13:00:00,2026-02-08,13,Sunday,True,Downtown_CBD,Clear,0.349,60.0,1.831,109.86,297.2,124.6,105.9,0.3563,0.3563,1.385,11635.01,82.39,False,0.0466
2026-02-08 14:00:00,2026-02-08,14,Sunday,True,Downtown_CBD,Clear,0.372,60.0,1.604,96.26,238.9,119.0,94.6,0.3959,0.3959,1.007,9103.43,72.2,False,0.0352
2026-02-08 15:00:00,2026-02-08,15,Sunday,True,Downtown_CBD,Clear,0.323,60.0,1.405,84.33,231.5,138.2,107.7,0.4651,0.4651,0.676,9079.83,63.25,False,0.0253
2026-02-08 16:00:00,2026-02-08,16,Sunday,True,Downtown_CBD,Clear,0.209,60.0,1.401,84.07,218.5,131.0,102.9,0.4707,0.4707,0.669,8648.41,63.05,False,0.0251
2026-02-08 17:00:00,2026-02-08,17,Sunday,True,Downtown_CBD,Clear,0.215,60.0,1.25,74.97,191.8,135.5,101.0,0.5266,0.5266,0.416,7571.53,56.23,False,0.02
2026-02-08 18:00:00,2026-02-08,18,Sunday,True,Downtown_CBD,Clear,0.179,60.0,1.277,76.65,173.8,118.8,89.5,0.5149,0.5149,0.462,6860.12,57.49,False,0.02
2026-02-08 19:00:00,2026-02-08,19,Sunday,True,Downtown_CBD,Clear,0.199,60.0,1.36,81.61,168.7,105.4,82.2,0.4875,0.4875,0.6,6710.82,61.21,False,0.023
2026-02-08 20:00:00,2026-02-08,20,Sunday,True,Downtown_CBD,Clear,0.242,60.0,1.787,107.25,249.4,107.8,88.6,0.3553,0.3553,1.312,9503.73,80.44,False,0.0444
2026-02-08 21:00:00,2026-02-08,21,Sunday,True,Downtown_CBD,Clear,0.37,60.0,2.088,125.28,302.5,107.5,96.7,0.3196,0.3196,1.813,12111.43,93.96,False,0.0594
2026-02-08 22:00:00,2026-02-08,22,Sunday,True,Downtown_CBD,Clear,0.364,60.0,2.46,147.63,348.6,101.5,98.8,0.2835,0.2835,2.434,14587.77,110.72,False,0.078
2026-02-08 23:00:00,2026-02-08,23,Sunday,True,Downtown_CBD,Clear,0.351,60.0,2.147,128.83,264.2,90.7,83.7,0.3167,0.3167,1.912,10780.42,96.62,False,0.0624
2026-02-09 00:00:00,2026-02-09,0,Monday,False,Downtown_CBD,Clear,0.028,60.0,1.0,60.0,49.9,74.7,33.4,0.6689,0.6689,-0.332,2002.29,45.0,False,0.02
2026-02-09 01:00:00,2026-02-09,1,Monday,False,Downtown_CBD,Clear,0.084,60.0,1.0,60.0,36.7,75.1,24.7,0.6716,0.6716,-0.511,1479.93,45.0,False,0.02
2026-02-09 02:00:00,2026-02-09,2,Monday,False,Downtown_CBD,Clear,0.058,60.0,1.0,60.0,47.3,82.7,32.0,0.6783,0.6783,-0.429,1922.99,45.0,False,0.02
2026-02-09 03:00:00,2026-02-09,3,Monday,False,Downtown_CBD,Clear,0.06,60.0,1.0,60.0,62.4,84.6,40.8,0.6536,0.6536,-0.263,2445.99,45.0,False,0.02
2026-02-09 04:00:00,2026-02-09,4,Monday,False,Downtown_CBD,Clear,0.099,60.0,1.0,60.0,48.3,79.4,32.9,0.6811,0.6811,-0.392,1974.58,45.0,False,0.02
2026-02-09 05:00:00,2026-02-09,5,Monday,False,Downtown_CBD,Clear,0.077,60.0,1.0,60.0,62.4,102.2,41.5,0.6656,0.6656,-0.389,2492.37,45.0,False,0.02
2026-02-09 06:00:00,2026-02-09,6,Monday,False,Downtown_CBD,Clear,0.175,60.0,1.147,68.84,139.0,111.6,81.6,0.5872,0.5872,0.245,5619.61,51.63,False,0.02
2026-02-09 07:00:00,2026-02-09,7,Monday,False,Downtown_CBD,Clear,0.208,60.0,1.456,87.37,193.9,110.2,87.5,0.4514,0.4514,0.76,7649.18,65.53,False,0.0278
2026-02-09 08:00:00,2026-02-09,8,Monday,False,Downtown_CBD,Clear,0.393,60.0,2.13,127.8,330.1,114.5,102.2,0.3096,0.3096,1.883,13059.84,95.85,False,0.0615
2026-02-09 09:00:00,2026-02-09,9,Monday,False,Downtown_CBD,Clear,0.37,60.0,1.33,79.81,219.9,141.8,109.6,0.4986,0.4986,0.55,8750.58,59.86,False,0.0215
2026-02-09 10:00:00,2026-02-09,10,Monday,False,Downtown_CBD,Clear,0.252,60.0,1.505,90.32,222.7,120.9,98.6,0.4426,0.4426,0.842,8905.26,67.74,False,0.0303
2026-02-09 11:00:00,2026-02-09,11,Monday,False,Downtown_CBD,Clear,0.188,60.0,1.051,63.05,133.5,123.1,88.3,0.6616,0.6616,0.085,5568.89,47.29,False,0.02
2026-02-09 12:00:00,2026-02-09,12,Monday,False,Downtown_CBD,Clear,0.091,60.0,1.0,60.0,74.8,131.4,49.0,0.6547,0.6547,-0.431,2937.84,45.0,False,0.02
2026-02-09 13:00:00,2026-02-09,13,Monday,False,Downtown_CBD,Clear,0.032,60.0,1.0,60.0,54.8,120.4,37.2,0.6795,0.6795,-0.545,2232.23,45.0,False,0.02
2026-02-09 14:00:00,2026-02-09,14,Monday,False,Downtown_CBD,Clear,0.054,60.0,1.0,60.0,70.9,129.6,47.7,0.6726,0.6726,-0.453,2860.86,45.0,False,0.02
2026-02-09 15:00:00,2026-02-09,15,Monday,False,Downtown_CBD,Clear,0.087,60.0,1.0,60.0,100.8,140.8,67.2,0.6668,0.6668,-0.284,4031.12,45.0,False,0.02
2026-02-09 16:00:00,2026-02-09,16,Monday,False,Downtown_CBD,Clear,0.19,60.0,1.088,65.28,152.6,133.1,93.5,0.6124,0.6124,0.147,6100.53,48.96,False,0.02
2026-02-09 17:00:00,2026-02-09,17,Monday,False,Downtown_CBD,Clear,0.3,60.0,1.688,101.3,273.2,127.2,107.3,0.3927,0.3927,1.147,10868.46,75.97,False,0.0394
2026-02-09 18:00:00,2026-02-09,18,Monday,False,Downtown_CBD,Clear,0.444,60.0,2.04,122.39,384.2,140.6,124.1,0.3231,0.3231,1.733,15193.92,91.79,False,0.057
2026-02-09 19:00:00,2026-02-09,19,Monday,False,Downtown_CBD,Clear,0.44,60.0,2.084,125.05,368.6,131.3,115.2,0.3124,0.3124,1.807,14401.32,93.79,False,0.0592
2026-02-09 20:00:00,2026-02-09,20,Monday,False,Downtown_CBD,Clear,0.273,60.0,1.644,98.63,287.8,138.8,117.3,0.4075,0.4075,1.073,11565.3,73.97,False,0.0372
2026-02-09 21:00:00,2026-02-09,21,Monday,False,Downtown_CBD,Clear,0.171,60.0,1.229,73.74,174.6,126.4,91.1,0.5216,0.5216,0.382,6715.69,55.3,False,0.02
2026-02-09 22:00:00,2026-02-09,22,Monday,False,Downtown_CBD,Clear,0.144,60.0,1.0,60.0,91.6,115.9,59.9,0.6544,0.6544,-0.209,3596.56,45.0,False,0.02
2026-02-09 23:00:00,2026-02-09,23,Monday,False,Downtown_CBD,Clear,0.075,60.0,1.0,60.0,65.6,115.3,45.3,0.6902,0.6902,-0.431,2715.47,45.0,False,0.02
2026-02-10 00:00:00,2026-02-10,0,Tuesday,False,Downtown_CBD,Clear,0.075,60.0,1.0,60.0,48.9,74.6,32.9,0.673,0.673,-0.345,1972.79,45.0,False,0.02
2026-02-10 01:00:00,2026-02-10,1,Tuesday,False,Downtown_CBD,Clear,0.033,60.0,1.0,60.0,47.9,76.9,32.9,0.6862,0.6862,-0.377,1973.37,45.0,False,0.02
2026-02-10 02:00:00,2026-02-10,2,Tuesday,False,Downtown_CBD,Clear,0.094,60.0,1.0,60.0,53.8,73.1,35.4,0.658,0.658,-0.264,2124.05,45.0,False,0.02
2026-02-10 03:00:00,2026-02-10,3,Tuesday,False,Downtown_CBD,Clear,0.051,60.0,1.0,60.0,55.0,86.2,38.4,0.6975,0.6975,-0.362,2301.4,45.0,False,0.02
2026-02-10 04:00:00,2026-02-10,4,Tuesday,False,Downtown_CBD,Clear,0.07,60.0,1.0,60.0,54.2,84.2,36.2,0.6685,0.6685,-0.357,2173.67,45.0,False,0.02
2026-02-10 05:00:00,2026-02-10,5,Tuesday,False,Downtown_CBD,Clear,0.126,60.0,1.0,60.0,80.1,106.3,53.4,0.6665,0.6665,-0.246,3203.39,45.0,False,0.02
2026-02-10 06:00:00,2026-02-10,6,Tuesday,False,Downtown_CBD,Clear,0.175,60.0,1.18,70.8,143.3,110.2,82.4,0.5751,0.5751,0.3,5835.27,53.1,False,0.02
2026-02-10 07:00:00,2026-02-10,7,Tuesday,False,Downtown_CBD,Clear,0.287,60.0,1.564,93.85,250.5,129.1,106.1,0.4236,0.4236,0.94,9957.6,70.39,False,0.0332
2026-02-10 08:00:00,2026-02-10,8,Tuesday,False,Downtown_CBD,Clear,0.377,60.0,2.059,123.56,342.8,124.0,110.8,0.3233,0.3233,1.766,13693.43,92.67,False,0.058
2026-02-10 09:00:00,2026-02-10,9,Tuesday,False,Downtown_CBD,Clear,0.355,60.0,1.742,104.5,305.6,136.7,114.2,0.3737,0.3737,1.236,11934.92,78.38,False,0.0421
2026-02-10 10:00:00,2026-02-10,10,Tuesday,False,Downtown_CBD,Clear,0.284,60.0,1.473,88.39,244.5,136.7,109.4,0.4475,0.4475,0.789,9671.45,66.29,False,0.0287
2026-02-10 11:00:00,2026-02-10,11,Tuesday,False,Downtown_CBD,Clear,0.168,60.0,1.033,61.99,130.7,123.9,84.8,0.6485,0.6485,0.055,5255.52,46.49,False,0.02
2026-02-10 12:00:00,2026-02-10,12,Tuesday,False,Downtown_CBD,Clear,0.081,60.0,1.0,60.0,83.9,141.6,54.2,0.6463,0.6463,-0.408,3252.0,45.0,False,0.02
2026-02-10 13:00:00,2026-02-10,13,Tuesday,False,Downtown_CBD,Clear,0.065,60.0,1.0,60.0,61.2,125.1,41.1,0.6709,0.6709,-0.511,2463.96,45.0,False,0.02
2026-02-10 14:00:00,2026-02-10,14,Tuesday,False,Downtown_CBD,Clear,0.069,60.0,1.0,60.0,63.8,109.9,41.9,0.6576,0.6576,-0.42,2516.09,45.0,False,0.02
2026-02-10 15:00:00,2026-02-10,15,Tuesday,False,Downtown_CBD,Clear,0.124,60.0,1.0,60.0,102.5,110.2,66.6,0.6497,0.6497,-0.07,3994.71,45.0,False,0.02
2026-02-10 16:00:00,2026-02-10,16,Tuesday,False,Downtown_CBD,Clear,0.241,60.0,1.056,63.36,146.7,134.2,95.3,0.6498,0.6498,0.093,6039.07,47.52,False,0.02
2026-02-10 17:00:00,2026-02-10,17,Tuesday,False,Downtown_CBD,Clear,0.261,60.0,1.892,113.52,291.9,117.4,102.0,0.3493,0.3493,1.487,11575.44,85.14,False,0.0496
2026-02-10 18:00:00,2026-02-10,18,Tuesday,False,Downtown_CBD,Clear,0.4,60.0,2.265,135.88,381.2,122.7,113.3,0.2972,0.2972,2.108,15393.12,101.91,False,0.0682
2026-02-10 19:00:00,2026-02-10,19,Tuesday,False,Downtown_CBD,Clear,0.475,60.0,1.829,109.76,356.9,149.8,129.0,0.3614,0.3614,1.382,14155.05,82.32,False,0.0465
2026-02-10 20:00:00,2026-02-10,20,Tuesday,False,Downtown_CBD,Clear,0.333,60.0,1.783,106.95,310.3,134.7,114.2,0.368,0.368,1.304,12213.27,80.21,False,0.0441
2026-02-10 21:00:00,2026-02-10,21,Tuesday,False,Downtown_CBD,Clear,0.244,60.0,1.246,74.73,171.8,121.9,88.6,0.5155,0.5155,0.409,6617.65,56.05,False,0.02
2026-02-10 22:00:00,2026-02-10,22,Tuesday,False,Downtown_CBD,Clear,0.094,60.0,1.0,60.0,109.3,114.7,71.8,0.6569,0.6569,-0.047,4308.92,45.0,False,0.02
2026-02-10 23:00:00,2026-02-10,23,Tuesday,False,Downtown_CBD,Clear,0.07,60.0,1.0,60.0,60.7,107.3,39.7,0.6544,0.6544,-0.434,2384.1,45.0,False,0.02
2026-02-11 00:00:00,2026-02-11,0,Wednesday,False,Downtown_CBD,Rain,0.216,60.0,1.0,60.0,52.5,66.3,33.5,0.638,0.638,-0.207,2011.56,45.0,False,0.02
2026-02-11 01:00:00,2026-02-11,1,Wednesday,False,Downtown_CBD,Rain,0.214,60.0,1.0,60.0,47.9,74.4,31.0,0.6457,0.6457,-0.356,1857.48,45.0,False,0.02
2026-02-11 02:00:00,2026-02-11,2,Wednesday,False,Downtown_CBD,Rain,0.119,60.0,1.0,60.0,56.3,73.2,35.4,0.6285,0.6285,-0.231,2124.27,45.0,False,0.02
2026-02-11 03:00:00,2026-02-11,3,Wednesday,False,Downtown_CBD,Rain,0.16,60.0,1.0,60.0,57.8,87.7,36.1,0.6242,0.6242,-0.341,2163.9,45.0,False,0.02
2026-02-11 04:00:00,2026-02-11,4,Wednesday,False,Downtown_CBD,Rain,0.245,60.0,1.0,60.0,52.3,97.1,32.7,0.6249,0.6249,-0.461,1961.5,45.0,False,0.02
2026-02-11 05:00:00,2026-02-11,5,Wednesday,False,Downtown_CBD,Rain,0.233,60.0,1.0,60.0,84.6,91.5,53.8,0.6361,0.6361,-0.076,3228.84,45.0,False,0.02
2026-02-11 06:00:00,2026-02-11,6,Wednesday,False,Downtown_CBD,Rain,0.327,60.0,1.03,61.77,115.5,110.1,73.7,0.6379,0.6379,0.049,4551.95,46.33,False,0.02
2026-02-11 07:00:00,2026-02-11,7,Wednesday,False,Downtown_CBD,Rain,0.403,60.0,1.62,97.2,230.1,113.2,88.4,0.3842,0.3842,1.033,8594.39,72.9,False,0.036
2026-02-11 08:00:00,2026-02-11,8,Wednesday,False,Downtown_CBD,Rain,0.574,60.0,2.188,131.26,330.9,111.1,94.7,0.2861,0.2861,1.979,12425.52,98.44,False,0.0644
2026-02-11 09:00:00,2026-02-11,9,Wednesday,False,Downtown_CBD,Rain,0.536,60.0,1.869,112.11,318.4,130.1,105.1,0.3302,0.3302,1.448,11784.96,84.08,False,0.0484
2026-02-11 10:00:00,2026-02-11,10,Wednesday,False,Downtown_CBD,Rain,0.376,60.0,1.762,105.7,281.0,123.8,99.0,0.3524,0.3524,1.269,10467.25,79.28,False,0.0431
2026-02-11 11:00:00,2026-02-11,11,Wednesday,False,Downtown_CBD,Rain,0.295,60.0,1.166,69.94,152.6,119.6,81.8,0.5361,0.5361,0.276,5723.43,52.45,False,0.02
2026-02-11 12:00:00,2026-02-11,12,Wednesday,False,Downtown_CBD,Rain,0.287,60.0,1.0,60.0,83.5,126.5,52.2,0.626,0.626,-0.34,3134.8,45.0,False,0.02
2026-02-11 13:00:00,2026-02-11,13,Wednesday,False,Downtown_CBD,Rain,0.185,60.0,1.0,60.0,56.1,126.6,35.0,0.6241,0.6241,-0.556,2102.07,45.0,False,0.02
2026-02-11 14:00:00,2026-02-11,14,Wednesday,False,Downtown_CBD,Rain,0.288,60.0,1.0,60.0,65.2,136.3,39.7,0.6092,0.6092,-0.522,2384.23,45.0,False,0.02
2026-02-11 15:00:00,2026-02-11,15,Wednesday,False,Downtown_CBD,Rain,0.277,60.0,1.0,60.0,98.0,115.9,62.5,0.6379,0.6379,-0.155,3750.88,45.0,False,0.02
2026-02-11 16:00:00,2026-02-11,16,Wednesday,False,Downtown_CBD,Rain,0.409,60.0,1.228,73.68,178.6,129.4,88.9,0.4979,0.4979,0.38,6550.19,55.26,False,0.02
2026-02-11 17:00:00,2026-02-11,17,Wednesday,False,Downtown_CBD,Rain,0.493,60.0,1.815,108.88,328.9,139.5,113.2,0.344,0.344,1.358,12320.79,81.66,False,0.0457
2026-02-11 18:00:00,2026-02-11,18,Wednesday,False,Downtown_CBD,Rain,0.567,60.0,2.121,127.24,372.3,129.8,113.9,0.3059,0.3059,1.868,14493.74,95.43,False,0.061
2026-02-11 19:00:00,2026-02-11,19,Wednesday,False,Downtown_CBD,Rain,0.569,60.0,2.354,141.22,471.9,144.9,125.9,0.2669,0.2669,2.256,17786.35,105.91,False,0.0727
2026-02-11 20:00:00,2026-02-11,20,Wednesday,False,Downtown_CBD,Rain,0.484,60.0,1.679,100.75,287.1,134.7,106.0,0.369,0.369,1.132,10675.59,75.56,False,0.039
2026-02-11 21:00:00,2026-02-11,21,Wednesday,False,Downtown_CBD,Rain,0.34,60.0,1.182,70.94,182.3,139.8,98.5,0.5402,0.5402,0.304,6985.81,53.2,False,0.02
2026-02-11 22:00:00,2026-02-11,22,Wednesday,False,Downtown_CBD,Rain,0.258,60.0,1.0,60.0,94.9,121.5,61.5,0.6477,0.6477,-0.219,3688.62,45.0,False,0.02
2026-02-11 23:00:00,2026-02-11,23,Wednesday,False,Downtown_CBD,Rain,0.221,60.0,1.0,60.0,70.4,111.8,44.6,0.633,0.633,-0.37,2674.19,45.0,False,0.02
2026-02-12 00:00:00,2026-02-12,0,Thursday,False,Downtown_CBD,Clear,0.027,60.0,1.0,60.0,40.8,69.8,28.3,0.6941,0.6941,-0.415,1700.4,45.0,False,0.02
2026-02-12 01:00:00,2026-02-12,1,Thursday,False,Downtown_CBD,Clear,0.117,60.0,1.0,60.0,48.8,77.6,32.2,0.6586,0.6586,-0.371,1929.85,45.0,False,0.02
2026-02-12 02:00:00,2026-02-12,2,Thursday,False,Downtown_CBD,Clear,0.0,60.0,1.0,60.0,54.1,74.9,35.4,0.6538,0.6538,-0.277,2122.97,45.0,False,0.02
2026-02-12 03:00:00,2026-02-12,3,Thursday,False,Downtown_CBD,Clear,0.112,60.0,1.0,60.0,58.1,75.5,38.6,0.6646,0.6646,-0.231,2314.81,45.0,False,0.02
2026-02-12 04:00:00,2026-02-12,4,Thursday,False,Downtown_CBD,Clear,0.073,60.0,1.0,60.0,51.3,91.6,35.1,0.6829,0.6829,-0.44,2103.63,45.0,False,0.02
2026-02-12 05:00:00,2026-02-12,5,Thursday,False,Downtown_CBD,Clear,0.107,60.0,1.0,60.0,57.7,99.1,39.4,0.6825,0.6825,-0.418,2361.45,45.0,False,0.02
2026-02-12 06:00:00,2026-02-12,6,Thursday,False,Downtown_CBD,Clear,0.142,60.0,1.0,60.0,115.2,118.9,76.6,0.6649,0.6649,-0.031,4596.94,45.0,False,0.02
2026-02-12 07:00:00,2026-02-12,7,Thursday,False,Downtown_CBD,Clear,0.184,60.0,1.445,86.72,201.3,115.5,89.6,0.4452,0.4452,0.742,7770.32,65.04,False,0.0273
2026-02-12 08:00:00,2026-02-12,8,Thursday,False,Downtown_CBD,Clear,0.39,60.0,1.709,102.55,267.2,122.5,104.5,0.3909,0.3909,1.182,10712.24,76.91,False,0.0405
2026-02-12 09:00:00,2026-02-12,9,Thursday,False,Downtown_CBD,Clear,0.355,60.0,2.099,125.97,323.0,114.0,101.1,0.3131,0.3131,1.832,12740.4,94.48,False,0.06
2026-02-12 10:00:00,2026-02-12,10,Thursday,False,Downtown_CBD,Clear,0.288,60.0,1.561,93.66,230.2,119.0,97.8,0.4249,0.4249,0.935,9161.19,70.25,False,0.033
2026-02-12 11:00:00,2026-02-12,11,Thursday,False,Downtown_CBD,Clear,0.156,60.0,1.012,60.75,125.6,123.0,82.5,0.6573,0.6573,0.021,5013.91,45.56,False,0.02
2026-02-12 12:00:00,2026-02-12,12,Thursday,False,Downtown_CBD,Clear,0.119,60.0,1.0,60.0,70.1,117.2,48.1,0.6863,0.6863,-0.402,2887.19,45.0,False,0.02
2026-02-12 13:00:00,2026-02-12,13,Thursday,False,Downtown_CBD,Clear,0.091,60.0,1.0,60.0,55.8,120.7,37.3,0.6688,0.6688,-0.538,2239.18,45.0,False,0.02
2026-02-12 14:00:00,2026-02-12,14,Thursday,False,Downtown_CBD,Clear,0.121,60.0,1.0,60.0,62.3,121.5,41.9,0.6726,0.6726,-0.488,2512.58,45.0,False,0.02
2026-02-12 15:00:00,2026-02-12,15,Thursday,False,Downtown_CBD,Clear,0.115,60.0,1.0,60.0,104.7,119.0,70.5,0.6738,0.6738,-0.12,4231.97,45.0,False,0.02
2026-02-12 16:00:00,2026-02-12,16,Thursday,False,Downtown_CBD,Clear,0.201,60.0,1.332,79.94,196.6,126.5,95.3,0.485,0.485,0.554,7621.69,59.95,False,0.0216
2026-02-12 17:00:00,2026-02-12,17,Thursday,False,Downtown_CBD,Clear,0.298,60.0,1.53,91.77,264.8,140.7,113.3,0.428,0.428,0.883,10401.62,68.83,False,0.0315
2026-02-12 18:00:00,2026-02-12,18,Thursday,False,Downtown_CBD,Clear,0.474,60.0,2.259,135.51,394.8,127.5,118.4,0.3,0.3,2.098,16049.98,101.63,False,0.0679
2026-02-12 19:00:00,2026-02-12,19,Thursday,False,Downtown_CBD,Clear,0.419,60.0,1.997,119.83,379.4,142.5,125.4,0.3305,0.3305,1.662,15029.05,89.87,False,0.0549
2026-02-12 20:00:00,2026-02-12,20,Thursday,False,Downtown_CBD,Clear,0.294,60.0,1.756,105.38,276.8,122.4,101.6,0.3672,0.3672,1.261,10711.17,79.03,False,0.0428
2026-02-12 21:00:00,2026-02-12,21,Thursday,False,Downtown_CBD,Clear,0.195,60.0,1.18,70.8,162.8,125.2,91.2,0.5599,0.5599,0.3,6454.46,53.1,False,0.02
2026-02-12 22:00:00,2026-02-12,22,Thursday,False,Downtown_CBD,Clear,0.114,60.0,1.0,60.0,96.0,118.7,65.2,0.6793,0.6793,-0.191,3914.56,45.0,False,0.02
2026-02-12 23:00:00,2026-02-12,23,Thursday,False,Downtown_CBD,Clear,0.071,60.0,1.0,60.0,62.5,110.9,42.2,0.6751,0.6751,-0.436,2533.58,45.0,False,0.02
2026-02-13 00:00:00,2026-02-13,0,Friday,False,Downtown_CBD,Clear,0.075,60.0,1.0,60.0,59.1,73.0,38.8,0.6573,0.6573,-0.191,2330.09,45.0,False,0.02
2026-02-13 01:00:00,2026-02-13,1,Friday,False,Downtown_CBD,Clear,0.095,60.0,1.0,60.0,45.3,73.8,30.2,0.6683,0.6683,-0.387,1814.85,45.0,False,0.02
2026-02-13 02:00:00,2026-02-13,2,Friday,False,Downtown_CBD,Clear,0.062,60.0,1.0,60.0,46.9,72.5,30.4,0.6484,0.6484,-0.354,1823.66,45.0,False,0.02
2026-02-13 03:00:00,2026-02-13,3,Friday,False,Downtown_CBD,Clear,0.089,60.0,1.0,60.0,47.5,91.8,31.2,0.6569,0.6569,-0.483,1871.95,45.0,False,0.02
2026-02-13 04:00:00,2026-02-13,4,Friday,False,Downtown_CBD,Clear,0.094,60.0,1.0,60.0,63.2,81.6,42.3,0.6693,0.6693,-0.226,2537.04,45.0,False,0.02
2026-02-13 05:00:00,2026-02-13,5,Friday,False,Downtown_CBD,Clear,0.104,60.0,1.0,60.0,80.5,100.0,56.2,0.6985,0.6985,-0.195,3372.71,45.0,False,0.02
2026-02-13 06:00:00,2026-02-13,6,Friday,False,Downtown_CBD,Clear,0.15,60.0,1.119,67.12,122.0,101.9,71.6,0.5864,0.5864,0.198,4803.92,50.34,False,0.02
2026-02-13 07:00:00,2026-02-13,7,Friday,False,Downtown_CBD,Clear,0.265,60.0,1.483,88.97,211.5,117.2,95.7,0.4523,0.4523,0.805,8511.63,66.73,False,0.0291
2026-02-13 08:00:00,2026-02-13,8,Friday,False,Downtown_CBD,Clear,0.39,60.0,1.809,108.52,308.1,131.2,110.7,0.3594,0.3594,1.348,12015.85,81.39,False,0.0454
2026-02-13 09:00:00,2026-02-13,9,Friday,False,Downtown_CBD,Clear,0.311,60.0,1.621,97.27,257.9,126.7,103.9,0.4029,0.4029,1.035,10107.96,72.95,False,0.0361
2026-02-13 10:00:00,2026-02-13,10,Friday,False,Downtown_CBD,Clear,0.255,60.0,1.354,81.26,205.5,129.2,98.1,0.4773,0.4773,0.591,7972.08,60.95,False,0.0227
2026-02-13 11:00:00,2026-02-13,11,Friday,False,Downtown_CBD,Clear,0.162,60.0,1.0,60.0,125.1,128.2,83.6,0.668,0.668,-0.024,5015.09,45.0,False,0.02
2026-02-13 12:00:00,2026-02-13,12,Friday,False,Downtown_CBD,Clear,0.15,60.0,1.0,60.0,70.4,133.2,47.8,0.6792,0.6792,-0.472,2867.32,45.0,False,0.02
2026-02-13 13:00:00,2026-02-13,13,Friday,False,Downtown_CBD,Clear,0.102,60.0,1.0,60.0,53.3,128.6,36.2,0.6789,0.6789,-0.586,2170.36,45.0,False,0.02
2026-02-13 14:00:00,2026-02-13,14,Friday,False,Downtown_CBD,Clear,0.06,60.0,1.0,60.0,62.1,133.9,41.3,0.6649,0.6649,-0.536,2477.57,45.0,False,0.02
2026-02-13 15:00:00,2026-02-13,15,Friday,False,Downtown_CBD,Clear,0.135,60.0,1.0,60.0,114.3,120.5,76.1,0.6657,0.6657,-0.052,4564.07,45.0,False,0.02
2026-02-13 16:00:00,2026-02-13,16,Friday,False,Downtown_CBD,Clear,0.151,60.0,1.235,74.09,181.2,130.2,95.3,0.5261,0.5261,0.391,7060.58,55.57,False,0.02
2026-02-13 17:00:00,2026-02-13,17,Friday,False,Downtown_CBD,Clear,0.351,60.0,1.508,90.47,250.6,135.7,112.2,0.4478,0.4478,0.847,10154.31,67.85,False,0.0304
2026-02-13 18:00:00,2026-02-13,18,Friday,False,Downtown_CBD,Clear,0.411,60.0,2.064,123.81,370.9,133.8,117.3,0.3162,0.3162,1.773,14518.78,92.86,False,0.0582
2026-02-13 19:00:00,2026-02-13,19,Friday,False,Downtown_CBD,Clear,0.485,60.0,1.866,111.99,351.5,143.8,120.8,0.3436,0.3436,1.444,13527.91,83.99,False,0.0483
2026-02-13 20:00:00,2026-02-13,20,Friday,False,Downtown_CBD,Clear,0.362,60.0,1.566,93.95,255.4,131.4,105.2,0.4118,0.4118,0.943,9880.65,70.46,False,0.0333
2026-02-13 21:00:00,2026-02-13,21,Friday,False,Downtown_CBD,Clear,0.191,60.0,1.268,76.06,168.3,116.4,88.5,0.5257,0.5257,0.446,6729.47,57.05,False,0.02
2026-02-13 22:00:00,2026-02-13,22,Friday,False,Downtown_CBD,Clear,0.086,60.0,1.0,60.0,95.2,105.0,64.1,0.6735,0.6735,-0.093,3845.88,45.0,False,0.02
2026-02-13 23:00:00,2026-02-13,23,Friday,False,Downtown_CBD,Clear,0.132,60.0,1.0,60.0,62.7,105.9,40.9,0.6528,0.6528,-0.408,2454.57,45.0,False,0.02
2026-02-14 00:00:00,2026-02-14,0,Saturday,True,Downtown_CBD,Rain,0.224,60.0,1.0,60.0,77.5,82.1,49.4,0.6376,0.6376,-0.055,2966.7,45.0,False,0.02
2026-02-14 01:00:00,2026-02-14,1,Saturday,True,Downtown_CBD,Rain,0.198,60.0,1.0,60.0,70.4,77.1,45.7,0.6488,0.6488,-0.087,2741.83,45.0,False,0.02
2026-02-14 02:00:00,2026-02-14,2,Saturday,True,Downtown_CBD,Rain,0.252,60.0,1.0,60.0,75.5,82.6,49.1,0.65,0.65,-0.085,2945.53,45.0,False,0.02
2026-02-14 03:00:00,2026-02-14,3,Saturday,True,Downtown_CBD,Rain,0.263,60.0,1.0,60.0,69.3,80.2,45.7,0.6586,0.6586,-0.136,2739.74,45.0,False,0.02
2026-02-14 04:00:00,2026-02-14,4,Saturday,True,Downtown_CBD,Rain,0.213,60.0,1.0,60.0,79.2,85.8,50.5,0.6372,0.6372,-0.077,3029.5,45.0,False,0.02
2026-02-14 05:00:00,2026-02-14,5,Saturday,True,Downtown_CBD,Rain,0.229,60.0,1.0,60.0,69.8,85.1,44.7,0.6396,0.6396,-0.179,2679.94,45.0,False,0.02
2026-02-14 06:00:00,2026-02-14,6,Saturday,True,Downtown_CBD,Rain,0.275,60.0,1.0,60.0,86.3,86.4,54.8,0.6343,0.6343,-0.001,3285.87,45.0,False,0.02
2026-02-14 07:00:00,2026-02-14,7,Saturday,True,Downtown_CBD,Rain,0.271,60.0,1.0,60.0,93.9,106.7,61.2,0.6514,0.6514,-0.119,3672.05,45.0,False,0.02
2026-02-14 08:00:00,2026-02-14,8,Saturday,True,Downtown_CBD,Rain,0.28,60.0,1.127,67.61,105.9,87.5,57.6,0.5433,0.5433,0.211,3892.01,50.71,False,0.02
2026-02-14 09:00:00,2026-02-14,9,Saturday,True,Downtown_CBD,Rain,0.295,60.0,1.257,75.43,146.3,102.4,72.7,0.497,0.497,0.429,5485.65,56.57,False,0.02
2026-02-14 10:00:00,2026-02-14,10,Saturday,True,Downtown_CBD,Rain,0.38,60.0,1.412,84.72,185.4,109.9,80.4,0.4337,0.4337,0.687,6811.05,63.54,False,0.0256
2026-02-14 11:00:00,2026-02-14,11,Saturday,True,Downtown_CBD,Rain,0.444,60.0,1.692,101.51,235.2,109.3,85.6,0.364,0.364,1.153,8691.58,76.13,False,0.0396
2026-02-14 12:00:00,2026-02-14,12,Saturday,True,Downtown_CBD,Rain,0.459,60.0,1.857,111.43,306.7,126.3,108.5,0.3537,0.3537,1.429,12084.96,83.57,False,0.0479
2026-02-14 13:00:00,2026-02-14,13,Saturday,True,Downtown_CBD,Rain,0.572,60.0,1.941,116.43,331.3,129.0,107.7,0.3251,0.3251,1.568,12538.18,87.32,False,0.052
2026-02-14 14:00:00,2026-02-14,14,Saturday,True,Downtown_CBD,Rain,0.469,60.0,1.938,116.27,322.4,125.8,103.7,0.3215,0.3215,1.563,12053.37,87.2,False,0.0519
2026-02-14 15:00:00,2026-02-14,15,Saturday,True,Downtown_CBD,Rain,0.403,60.0,1.64,98.42,254.1,122.9,95.8,0.3772,0.3772,1.067,9433.1,73.81,False,0.037
2026-02-14 16:00:00,2026-02-14,16,Saturday,True,Downtown_CBD,Rain,0.449,60.0,1.527,91.65,261.8,139.3,108.2,0.4133,0.4133,0.879,9918.25,68.74,False,0.0314
2026-02-14 17:00:00,2026-02-14,17,Saturday,True,Downtown_CBD,Rain,0.401,60.0,1.327,79.62,212.4,137.5,96.5,0.4544,0.4544,0.545,7686.66,59.72,False,0.0213
2026-02-14 18:00:00,2026-02-14,18,Saturday,True,Downtown_CBD,Rain,0.383,60.0,1.504,90.26,206.6,112.2,84.9,0.411,0.411,0.841,7663.66,67.7,False,0.0302
2026-02-14 19:00:00,2026-02-14,19,Saturday,True,Downtown_CBD,Rain,0.352,60.0,1.467,88.01,188.5,106.0,81.6,0.433,0.433,0.778,7182.12,66.01,False,0.0283
2026-02-14 20:00:00,2026-02-14,20,Saturday,True,Downtown_CBD,Rain,0.395,60.0,1.693,101.6,237.5,110.2,85.7,0.3609,0.3609,1.156,8707.54,76.2,False,0.0397
2026-02-14 21:00:00,2026-02-14,21,Saturday,True,Downtown_CBD,Rain,0.475,60.0,2.008,120.48,273.8,102.2,84.8,0.3099,0.3099,1.68,10221.85,90.36,False,0.0554
2026-02-14 22:00:00,2026-02-14,22,Saturday,True,Downtown_CBD,Rain,0.541,60.0,2.531,151.87,337.4,95.0,84.9,0.2517,0.2517,2.552,12896.89,113.9,False,0.0816
2026-02-14 23:00:00,2026-02-14,23,Saturday,True,Downtown_CBD,Rain,0.533,60.0,2.387,143.22,328.8,99.3,89.5,0.2722,0.2722,2.312,12815.53,107.41,False,0.0743
2026-02-15 00:00:00,2026-02-15,0,Sunday,True,Downtown_CBD,Rain,0.214,60.0,1.0,60.0,62.4,74.3,40.5,0.6486,0.6486,-0.16,2429.06,45.0,False,0.02
2026-02-15 01:00:00,2026-02-15,1,Sunday,True,Downtown_CBD,Rain,0.211,60.0,1.0,60.0,68.9,80.8,42.5,0.616,0.616,-0.147,2547.27,45.0,False,0.02
2026-02-15 02:00:00,2026-02-15,2,Sunday,True,Downtown_CBD,Rain,0.167,60.0,1.0,60.0,67.0,79.6,42.6,0.6353,0.6353,-0.159,2553.19,45.0,False,0.02
2026-02-15 03:00:00,2026-02-15,3,Sunday,True,Downtown_CBD,Rain,0.251,60.0,1.0,60.0,71.4,77.0,46.3,0.6486,0.6486,-0.072,2780.05,45.0,False,0.02
2026-02-15 04:00:00,2026-02-15,4,Sunday,True,Downtown_CBD,Rain,0.25,60.0,1.0,60.0,77.8,78.9,49.1,0.6304,0.6304,-0.013,2943.61,45.0,False,0.02
2026-02-15 05:00:00,2026-02-15,5,Sunday,True,Downtown_CBD,Rain,0.2,60.0,1.0,60.0,81.2,88.9,52.0,0.6404,0.6404,-0.087,3120.97,45.0,False,0.02
2026-02-15 06:00:00,2026-02-15,6,Sunday,True,Downtown_CBD,Rain,0.258,60.0,1.0,60.0,71.5,87.1,45.6,0.6371,0.6371,-0.179,2733.38,45.0,False,0.02
2026-02-15 07:00:00,2026-02-15,7,Sunday,True,Downtown_CBD,Rain,0.176,60.0,1.0,60.0,84.8,92.0,55.4,0.6526,0.6526,-0.077,3321.78,45.0,False,0.02
2026-02-15 08:00:00,2026-02-15,8,Sunday,True,Downtown_CBD,Rain,0.277,60.0,1.062,63.73,114.9,104.1,67.2,0.5852,0.5852,0.104,4285.1,47.8,False,0.02
2026-02-15 09:00:00,2026-02-15,9,Sunday,True,Downtown_CBD,Rain,0.354,60.0,1.33,79.79,154.0,99.4,72.3,0.4696,0.4696,0.55,5769.44,59.84,False,0.0215
2026-02-15 10:00:00,2026-02-15,10,Sunday,True,Downtown_CBD,Rain,0.344,60.0,1.38,82.79,183.9,112.6,81.3,0.4423,0.4423,0.633,6733.82,62.09,False,0.024
2026-02-15 11:00:00,2026-02-15,11,Sunday,True,Downtown_CBD,Rain,0.416,60.0,1.655,99.3,239.9,114.7,91.5,0.3815,0.3815,1.092,9087.02,74.47,False,0.0378
2026-02-15 12:00:00,2026-02-15,12,Sunday,True,Downtown_CBD,Rain,0.477,60.0,1.821,109.25,281.2,118.8,94.4,0.3357,0.3357,1.368,10314.63,81.94,False,0.046
2026-02-15 13:00:00,2026-02-15,13,Sunday,True,Downtown_CBD,Rain,0.464,60.0,1.969,118.13,314.7,120.4,98.7,0.3136,0.3136,1.615,11658.17,88.6,False,0.0534
2026-02-15 14:00:00,2026-02-15,14,Sunday,True,Downtown_CBD,Rain,0.463,60.0,1.674,100.47,285.1,134.2,107.1,0.3756,0.3756,1.124,10759.71,75.35,False,0.0387
2026-02-15 15:00:00,2026-02-15,15,Sunday,True,Downtown_CBD,Rain,0.493,60.0,1.4,83.99,245.9,147.6,108.6,0.4415,0.4415,0.666,9119.9,62.99,False,0.025
2026-02-15 16:00:00,2026-02-15,16,Sunday,True,Downtown_CBD,Rain,0.396,60.0,1.536,92.18,241.7,127.6,98.0,0.4054,0.4054,0.894,9032.48,69.14,False,0.0318
2026-02-15 17:00:00,2026-02-15,17,Sunday,True,Downtown_CBD,Rain,0.368,60.0,1.485,89.13,214.7,118.7,89.8,0.4184,0.4184,0.809,8007.53,66.85,False,0.0293
2026-02-15 18:00:00,2026-02-15,18,Sunday,True,Downtown_CBD,Rain,0.344,60.0,1.24,74.37,177.7,127.0,90.8,0.5111,0.5111,0.399,6753.88,55.78,False,0.02
2026-02-15 19:00:00,2026-02-15,19,Sunday,True,Downtown_CBD,Rain,0.318,60.0,1.376,82.58,187.2,115.1,83.2,0.4443,0.4443,0.627,6868.49,61.94,False,0.0238
2026-02-15 20:00:00,2026-02-15,20,Sunday,True,Downtown_CBD,Rain,0.453,60.0,1.906,114.37,272.9,108.7,89.1,0.3265,0.3265,1.51,10189.98,85.78,False,0.0503
2026-02-15 21:00:00,2026-02-15,21,Sunday,True,Downtown_CBD,Rain,0.46,60.0,2.011,120.65,273.8,102.0,85.0,0.3106,0.3106,1.685,10257.22,90.49,False,0.0555
2026-02-15 22:00:00,2026-02-15,22,Sunday,True,Downtown_CBD,Rain,0.499,60.0,3.0,180.0,391.6,89.9,87.5,0.2233,0.2233,3.357,15742.14,135.0,False,0.105
2026-02-15 23:00:00,2026-02-15,23,Sunday,True,Downtown_CBD,Rain,0.504,60.0,2.457,147.45,331.7,96.7,89.4,0.2696,0.2696,2.429,13183.96,110.59,False,0.0779
2026-02-16 00:00:00,2026-02-16,0,Monday,False,Downtown_CBD,Clear,0.064,60.0,1.0,60.0,45.9,66.2,30.3,0.6603,0.6603,-0.306,1819.89,45.0,False,0.02
2026-02-16 01:00:00,2026-02-16,1,Monday,False,Downtown_CBD,Clear,0.001,60.0,1.0,60.0,48.8,80.1,32.4,0.6636,0.6636,-0.391,1943.8,45.0,False,0.02
2026-02-16 02:00:00,2026-02-16,2,Monday,False,Downtown_CBD,Clear,0.072,60.0,1.0,60.0,40.0,83.1,26.9,0.6732,0.6732,-0.519,1614.45,45.0,False,0.02
2026-02-16 03:00:00,2026-02-16,3,Monday,False,Downtown_CBD,Clear,0.087,60.0,1.0,60.0,49.3,82.2,33.0,0.6698,0.6698,-0.4,1982.31,45.0,False,0.02
2026-02-16 04:00:00,2026-02-16,4,Monday,False,Downtown_CBD,Clear,0.118,60.0,1.0,60.0,58.5,88.0,38.6,0.6607,0.6607,-0.336,2317.29,45.0,False,0.02
2026-02-16 05:00:00,2026-02-16,5,Monday,False,Downtown_CBD,Clear,0.064,60.0,1.0,60.0,82.0,102.6,55.2,0.6728,0.6728,-0.201,3310.05,45.0,False,0.02
2026-02-16 06:00:00,2026-02-16,6,Monday,False,Downtown_CBD,Clear,0.151,60.0,1.061,63.64,123.7,112.4,77.1,0.6234,0.6234,0.101,4907.68,47.73,False,0.02
2026-02-16 07:00:00,2026-02-16,7,Monday,False,Downtown_CBD,Clear,0.26,60.0,1.625,97.53,229.0,112.1,93.5,0.4085,0.4085,1.042,9123.86,73.15,False,0.0363
2026-02-16 08:00:00,2026-02-16,8,Monday,False,Downtown_CBD,Clear,0.386,60.0,1.882,112.89,292.9,118.6,103.6,0.3536,0.3536,1.469,11692.28,84.67,False,0.0491
2026-02-16 09:00:00,2026-02-16,9,Monday,False,Downtown_CBD,Clear,0.416,60.0,1.719,103.11,301.2,137.0,114.8,0.3813,0.3813,1.198,11840.03,77.33,False,0.0409
2026-02-16 10:00:00,2026-02-16,10,Monday,False,Downtown_CBD,Clear,0.263,60.0,1.518,91.06,215.8,115.8,93.2,0.4321,0.4321,0.863,8489.26,68.3,False,0.0309
2026-02-16 11:00:00,2026-02-16,11,Monday,False,Downtown_CBD,Clear,0.115,60.0,1.052,63.11,143.4,132.0,90.6,0.632,0.632,0.086,5720.44,47.33,False,0.02
2026-02-16 12:00:00,2026-02-16,12,Monday,False,Downtown_CBD,Clear,0.077,60.0,1.0,60.0,67.3,108.9,43.7,0.6501,0.6501,-0.382,2623.44,45.0,False,0.02
2026-02-16 13:00:00,2026-02-16,13,Monday,False,Downtown_CBD,Clear,0.09,60.0,1.0,60.0,55.4,123.4,37.5,0.6767,0.6767,-0.551,2249.42,45.0,False,0.02
2026-02-16 14:00:00,2026-02-16,14,Monday,False,Downtown_CBD,Clear,0.066,60.0,1.0,60.0,65.8,110.0,44.8,0.681,0.681,-0.401,2690.09,45.0,False,0.02
2026-02-16 15:00:00,2026-02-16,15,Monday,False,Downtown_CBD,Clear,0.113,60.0,1.0,60.0,102.5,128.9,68.8,0.6712,0.6712,-0.205,4127.08,45.0,False,0.02
2026-02-16 16:00:00,2026-02-16,16,Monday,False,Downtown_CBD,Clear,0.228,60.0,1.166,69.94,166.4,130.4,93.0,0.5591,0.5591,0.276,6506.63,52.45,False,0.02
2026-02-16 17:00:00,2026-02-16,17,Monday,False,Downtown_CBD,Clear,0.337,60.0,1.707,102.41,277.5,127.4,106.2,0.3828,0.3828,1.178,10880.82,76.81,False,0.0403
2026-02-16 18:00:00,2026-02-16,18,Monday,False,Downtown_CBD,Clear,0.423,60.0,1.692,101.51,329.9,153.3,130.7,0.3961,0.3961,1.153,13265.88,76.13,False,0.0396
2026-02-16 19:00:00,2026-02-16,19,Monday,False,Downtown_CBD,Clear,0.368,60.0,1.705,102.31,285.4,131.2,107.6,0.3769,0.3769,1.175,11004.38,76.73,False,0.0403
2026-02-16 20:00:00,2026-02-16,20,Monday,False,Downtown_CBD,Clear,0.357,60.0,1.522,91.34,251.4,134.4,108.1,0.4299,0.4299,0.871,9870.79,68.5,False,0.0311
2026-02-16 21:00:00,2026-02-16,21,Monday,False,Downtown_CBD,Clear,0.246,60.0,1.14,68.38,170.3,138.1,98.8,0.5804,0.5804,0.233,6759.05,51.28,False,0.02
2026-02-16 22:00:00,2026-02-16,22,Monday,False,Downtown_CBD,Clear,0.106,60.0,1.0,60.0,102.6,114.0,65.2,0.6355,0.6355,-0.1,3910.61,45.0,False,0.02
2026-02-16 23:00:00,2026-02-16,23,Monday,False,Downtown_CBD,Clear,0.112,60.0,1.0,60.0,72.7,106.0,47.8,0.6582,0.6582,-0.315,2870.33,45.0,False,0.02
2026-02-17 00:00:00,2026-02-17,0,Tuesday,False,Downtown_CBD,Clear,0.028,60.0,1.0,60.0,55.5,79.8,36.9,0.6649,0.6649,-0.305,2212.54,45.0,False,0.02
2026-02-17 01:00:00,2026-02-17,1,Tuesday,False,Downtown_CBD,Clear,0.105,60.0,1.0,60.0,49.3,72.2,33.0,0.6685,0.6685,-0.317,1977.65,45.0,False,0.02
2026-02-17 02:00:00,2026-02-17,2,Tuesday,False,Downtown_CBD,Clear,0.015,60.0,1.0,60.0,53.3,77.4,36.0,0.6742,0.6742,-0.311,2157.58,45.0,False,0.02
2026-02-17 03:00:00,2026-02-17,3,Tuesday,False,Downtown_CBD,Clear,0.023,60.0,1.0,60.0,52.7,79.5,35.2,0.6672,0.6672,-0.336,2111.54,45.0,False,0.02
2026-02-17 04:00:00,2026-02-17,4,Tuesday,False,Downtown_CBD,Clear,0.013,60.0,1.0,60.0,53.1,95.6,35.4,0.6663,0.6663,-0.445,2122.64,45.0,False,0.02
2026-02-17 05:00:00,2026-02-17,5,Tuesday,False,Downtown_CBD,Clear,0.083,60.0,1.0,60.0,67.3,99.3,44.7,0.6649,0.6649,-0.322,2683.44,45.0,False,0.02
2026-02-17 06:00:00,2026-02-17,6,Tuesday,False,Downtown_CBD,Clear,0.11,60.0,1.167,70.01,137.1,107.3,76.2,0.556,0.556,0.278,5335.99,52.51,False,0.02
2026-02-17 07:00:00,2026-02-17,7,Tuesday,False,Downtown_CBD,Clear,0.231,60.0,1.483,88.95,194.7,107.9,86.7,0.4454,0.4454,0.804,7712.57,66.71,False,0.0291
2026-02-17 08:00:00,2026-02-17,8,Tuesday,False,Downtown_CBD,Clear,0.335,60.0,2.097,125.83,320.7,113.4,102.6,0.32,0.32,1.829,12914.11,94.37,False,0.0599
2026-02-17 09:00:00,2026-02-17,9,Tuesday,False,Downtown_CBD,Clear,0.379,60.0,1.74,104.37,288.0,129.0,108.9,0.3781,0.3781,1.233,11365.39,78.28,False,0.042
2026-02-17 10:00:00,2026-02-17,10,Tuesday,False,Downtown_CBD,Clear,0.255,60.0,1.447,86.83,213.1,122.1,95.6,0.4486,0.4486,0.745,8298.19,65.12,False,0.0274
2026-02-17 11:00:00,2026-02-17,11,Tuesday,False,Downtown_CBD,Clear,0.146,60.0,1.073,64.37,138.2,123.2,83.2,0.6022,0.6022,0.121,5357.4,48.28,False,0.02
2026-02-17 12:00:00,2026-02-17,12,Tuesday,False,Downtown_CBD,Clear,0.065,60.0,1.0,60.0,75.0,111.5,50.7,0.6765,0.6765,-0.328,3044.29,45.0,False,0.02
2026-02-17 13:00:00,2026-02-17,13,Tuesday,False,Downtown_CBD,Clear,0.111,60.0,1.0,60.0,55.1,115.5,36.6,0.664,0.664,-0.523,2196.04,45.0,False,0.02
2026-02-17 14:00:00,2026-02-17,14,Tuesday,False,Downtown_CBD,Clear,0.051,60.0,1.0,60.0,53.5,117.3,36.4,0.6798,0.6798,-0.544,2183.36,45.0,False,0.02
2026-02-17 15:00:00,2026-02-17,15,Tuesday,False,Downtown_CBD,Clear,0.175,60.0,1.0,60.0,103.6,134.2,72.4,0.6989,0.6989,-0.228,4345.27,45.0,False,0.02
2026-02-17 16:00:00,2026-02-17,16,Tuesday,False,Downtown_CBD,Clear,0.233,60.0,1.263,75.78,181.4,126.1,94.3,0.5199,0.5199,0.438,7148.12,56.84,False,0.02
2026-02-17 17:00:00,2026-02-17,17,Tuesday,False,Downtown_CBD,Clear,0.308,60.0,1.845,110.69,272.3,113.1,99.2,0.3643,0.3643,1.408,10979.93,83.02,False,0.0472
2026-02-17 18:00:00,2026-02-17,18,Tuesday,False,Downtown_CBD,Clear,0.471,60.0,1.91,114.61,367.4,146.0,128.8,0.3506,0.3506,1.517,14764.66,85.96,False,0.0505
2026-02-17 19:00:00,2026-02-17,19,Tuesday,False,Downtown_CBD,Clear,0.433,60.0,2.319,139.13,399.7,125.0,115.9,0.29,0.29,2.198,16130.28,104.35,False,0.0709
2026-02-17 20:00:00,2026-02-17,20,Tuesday,False,Downtown_CBD,Clear,0.346,60.0,1.579,94.74,288.3,146.7,119.0,0.4128,0.4128,0.965,11275.64,71.05,False,0.0339
2026-02-17 21:00:00,2026-02-17,21,Tuesday,False,Downtown_CBD,Clear,0.191,60.0,1.197,71.8,154.9,116.7,85.0,0.5484,0.5484,0.328,6100.81,53.85,False,0.02
2026-02-17 22:00:00,2026-02-17,22,Tuesday,False,Downtown_CBD,Clear,0.096,60.0,1.0,60.0,88.2,112.4,59.0,0.6695,0.6695,-0.216,3541.03,45.0,False,0.02
2026-02-17 23:00:00,2026-02-17,23,Tuesday,False,Downtown_CBD,Clear,0.096,60.0,1.0,60.0,68.6,104.2,45.7,0.6664,0.6664,-0.341,2743.61,45.0,False,0.02
2026-02-18 00:00:00,2026-02-18,0,Wednesday,False,Downtown_CBD,Clear,0.015,60.0,1.0,60.0,45.5,67.3,30.3,0.6661,0.6661,-0.324,1818.8,45.0,False,0.02
2026-02-18 01:00:00,2026-02-18,1,Wednesday,False,Downtown_CBD,Clear,0.01,60.0,1.0,60.0,42.8,72.0,28.0,0.653,0.653,-0.405,1677.47,45.0,False,0.02
2026-02-18 02:00:00,2026-02-18,2,Wednesday,False,Downtown_CBD,Clear,0.046,60.0,1.0,60.0,47.5,78.6,32.3,0.6803,0.6803,-0.395,1939.92,45.0,False,0.02
2026-02-18 03:00:00,2026-02-18,3,Wednesday,False,Downtown_CBD,Clear,0.035,60.0,1.0,60.0,50.1,84.5,33.9,0.6765,0.6765,-0.407,2033.51,45.0,False,0.02
2026-02-18 04:00:00,2026-02-18,4,Wednesday,False,Downtown_CBD,Clear,0.066,60.0,1.0,60.0,60.6,98.3,40.7,0.6715,0.6715,-0.384,2439.58,45.0,False,0.02
2026-02-18 05:00:00,2026-02-18,5,Wednesday,False,Downtown_CBD,Clear,0.082,60.0,1.0,60.0,83.2,100.0,54.6,0.6562,0.6562,-0.168,3274.64,45.0,False,0.02
2026-02-18 06:00:00,2026-02-18,6,Wednesday,False,Downtown_CBD,Clear,0.168,60.0,1.022,61.3,119.1,115.0,77.8,0.6532,0.6532,0.036,4769.57,45.97,False,0.02
2026-02-18 07:00:00,2026-02-18,7,Wednesday,False,Downtown_CBD,Clear,0.198,60.0,1.767,106.04,256.0,112.3,96.2,0.3758,0.3758,1.279,10200.93,79.53,False,0.0434
2026-02-18 08:00:00,2026-02-18,8,Wednesday,False,Downtown_CBD,Clear,0.368,60.0,1.972,118.34,326.4,124.6,113.6,0.3479,0.3479,1.62,13439.54,88.75,False,0.0536
2026-02-18 09:00:00,2026-02-18,9,Wednesday,False,Downtown_CBD,Clear,0.387,60.0,1.483,88.97,258.7,143.3,115.3,0.4459,0.4459,0.805,10261.82,66.73,False,0.0291
2026-02-18 10:00:00,2026-02-18,10,Wednesday,False,Downtown_CBD,Clear,0.294,60.0,1.367,82.02,208.3,129.2,101.7,0.4881,0.4881,0.612,8338.51,61.52,False,0.0233
2026-02-18 11:00:00,2026-02-18,11,Wednesday,False,Downtown_CBD,Clear,0.18,60.0,1.0,60.0,105.5,122.8,71.6,0.6794,0.6794,-0.142,4298.64,45.0,False,0.02
2026-02-18 12:00:00,2026-02-18,12,Wednesday,False,Downtown_CBD,Clear,0.077,60.0,1.0,60.0,74.1,130.4,48.8,0.6584,0.6584,-0.432,2926.04,45.0,False,0.02
2026-02-18 13:00:00,2026-02-18,13,Wednesday,False,Downtown_CBD,Clear,0.041,60.0,1.0,60.0,58.7,129.7,39.9,0.6798,0.6798,-0.548,2392.66,45.0,False,0.02
2026-02-18 14:00:00,2026-02-18,14,Wednesday,False,Downtown_CBD,Clear,0.102,60.0,1.0,60.0,63.4,116.3,42.6,0.6722,0.6722,-0.455,2557.97,45.0,False,0.02
2026-02-18 15:00:00,2026-02-18,15,Wednesday,False,Downtown_CBD,Clear,0.085,60.0,1.0,60.0,84.5,130.1,57.1,0.676,0.676,-0.35,3428.32,45.0,False,0.02
2026-02-18 16:00:00,2026-02-18,16,Wednesday,False,Downtown_CBD,Clear,0.165,60.0,1.212,72.73,171.1,126.4,93.8,0.5479,0.5479,0.354,6818.57,54.55,False,0.02
2026-02-18 17:00:00,2026-02-18,17,Wednesday,False,Downtown_CBD,Clear,0.346,60.0,1.779,106.76,299.4,130.2,110.9,0.3706,0.3706,1.299,11844.58,80.07,False,0.044
2026-02-18 18:00:00,2026-02-18,18,Wednesday,False,Downtown_CBD,Clear,0.445,60.0,2.179,130.76,374.9,126.4,117.7,0.314,0.314,1.965,15392.97,98.07,False,0.064
2026-02-18 19:00:00,2026-02-18,19,Wednesday,False,Downtown_CBD,Clear,0.382,60.0,1.969,118.12,355.5,136.0,116.0,0.3263,0.3263,1.614,13703.86,88.59,False,0.0534
2026-02-18 20:00:00,2026-02-18,20,Wednesday,False,Downtown_CBD,Clear,0.347,60.0,1.822,109.3,280.2,118.3,101.7,0.363,0.363,1.369,11117.88,81.97,False,0.0461
2026-02-18 21:00:00,2026-02-18,21,Wednesday,False,Downtown_CBD,Clear,0.193,60.0,1.21,72.59,160.7,119.1,87.1,0.5418,0.5418,0.35,6320.75,54.44,False,0.02
2026-02-18 22:00:00,2026-02-18,22,Wednesday,False,Downtown_CBD,Clear,0.11,60.0,1.0,60.0,94.3,113.7,63.7,0.6754,0.6754,-0.17,3822.21,45.0,False,0.02
2026-02-18 23:00:00,2026-02-18,23,Wednesday,False,Downtown_CBD,Clear,0.174,60.0,1.0,60.0,65.3,97.4,43.9,0.6725,0.6725,-0.33,2633.85,45.0,False,0.02
2026-02-19 00:00:00,2026-02-19,0,Thursday,False,Downtown_CBD,Clear,0.052,60.0,1.0,60.0,47.3,77.2,32.3,0.6834,0.6834,-0.387,1938.61,45.0,False,0.02
2026-02-19 01:00:00,2026-02-19,1,Thursday,False,Downtown_CBD,Clear,0.045,60.0,1.0,60.0,51.4,78.8,35.5,0.6899,0.6899,-0.347,2127.83,45.0,False,0.02
2026-02-19 02:00:00,2026-02-19,2,Thursday,False,Downtown_CBD,Clear,0.065,60.0,1.0,60.0,50.1,78.5,33.2,0.6623,0.6623,-0.363,1989.29,45.0,False,0.02
2026-02-19 03:00:00,2026-02-19,3,Thursday,False,Downtown_CBD,Clear,0.047,60.0,1.0,60.0,51.1,84.0,34.8,0.6806,0.6806,-0.392,2085.44,45.0,False,0.02
2026-02-19 04:00:00,2026-02-19,4,Thursday,False,Downtown_CBD,Clear,0.023,60.0,1.0,60.0,61.8,90.5,41.0,0.6634,0.6634,-0.316,2461.65,45.0,False,0.02
2026-02-19 05:00:00,2026-02-19,5,Thursday,False,Downtown_CBD,Clear,0.134,60.0,1.0,60.0,81.4,102.2,54.9,0.6743,0.6743,-0.203,3294.97,45.0,False,0.02
2026-02-19 06:00:00,2026-02-19,6,Thursday,False,Downtown_CBD,Clear,0.146,60.0,1.148,68.89,130.9,105.0,76.1,0.581,0.581,0.247,5239.91,51.67,False,0.02
2026-02-19 07:00:00,2026-02-19,7,Thursday,False,Downtown_CBD,Clear,0.244,60.0,1.682,100.93,232.9,109.0,88.9,0.3817,0.3817,1.137,8973.32,75.7,False,0.0391
2026-02-19 08:00:00,2026-02-19,8,Thursday,False,Downtown_CBD,Clear,0.39,60.0,1.846,110.74,278.9,115.7,100.2,0.3593,0.3593,1.409,11096.23,83.05,False,0.0473
2026-02-19 09:00:00,2026-02-19,9,Thursday,False,Downtown_CBD,Clear,0.33,60.0,1.886,113.17,322.5,130.2,114.4,0.3547,0.3547,1.477,12943.44,84.88,False,0.0493
2026-02-19 10:00:00,2026-02-19,10,Thursday,False,Downtown_CBD,Clear,0.247,60.0,1.321,79.27,206.0,134.2,102.2,0.4962,0.4962,0.535,8103.94,59.45,False,0.0211
2026-02-19 11:00:00,2026-02-19,11,Thursday,False,Downtown_CBD,Clear,0.143,60.0,1.0,60.0,116.0,124.8,75.5,0.6506,0.6506,-0.07,4529.17,45.0,False,0.02
2026-02-19 12:00:00,2026-02-19,12,Thursday,False,Downtown_CBD,Clear,0.041,60.0,1.0,60.0,71.6,121.2,47.9,0.669,0.669,-0.409,2873.94,45.0,False,0.02
2026-02-19 13:00:00,2026-02-19,13,Thursday,False,Downtown_CBD,Clear,0.085,60.0,1.0,60.0,56.3,115.1,37.3,0.663,0.663,-0.511,2238.99,45.0,False,0.02
2026-02-19 14:00:00,2026-02-19,14,Thursday,False,Downtown_CBD,Clear,0.048,60.0,1.0,60.0,68.6,118.9,45.5,0.663,0.663,-0.424,2727.24,45.0,False,0.02
2026-02-19 15:00:00,2026-02-19,15,Thursday,False,Downtown_CBD,Clear,0.128,60.0,1.0,60.0,106.8,136.3,73.0,0.6831,0.6831,-0.216,4378.86,45.0,False,0.02
2026-02-19 16:00:00,2026-02-19,16,Thursday,False,Downtown_CBD,Clear,0.237,60.0,1.128,67.66,158.8,130.9,90.1,0.5672,0.5672,0.213,6093.64,50.74,False,0.02
2026-02-19 17:00:00,2026-02-19,17,Thursday,False,Downtown_CBD,Clear,0.29,60.0,1.636,98.15,286.0,138.9,112.1,0.3918,0.3918,1.06,10999.0,73.61,False,0.0368
2026-02-19 18:00:00,2026-02-19,18,Thursday,False,Downtown_CBD,Clear,0.398,60.0,1.98,118.79,355.9,135.2,120.1,0.3374,0.3374,1.633,14263.16,89.09,False,0.054
2026-02-19 19:00:00,2026-02-19,19,Thursday,False,Downtown_CBD,Clear,0.469,60.0,1.862,111.71,328.9,135.0,119.3,0.3626,0.3626,1.436,13324.12,83.78,False,0.0481
2026-02-19 20:00:00,2026-02-19,20,Thursday,False,Downtown_CBD,Clear,0.346,60.0,1.751,105.05,285.9,127.0,110.5,0.3866,0.3866,1.251,11610.74,78.79,False,0.0425
2026-02-19 21:00:00,2026-02-19,21,Thursday,False,Downtown_CBD,Clear,0.221,60.0,1.353,81.19,181.0,113.9,86.6,0.4785,0.4785,0.589,7030.63,60.89,False,0.0227
2026-02-19 22:00:00,2026-02-19,22,Thursday,False,Downtown_CBD,Clear,0.181,60.0,1.0,60.0,95.6,110.9,63.7,0.6663,0.6663,-0.138,3823.58,45.0,False,0.02
2026-02-19 23:00:00,2026-02-19,23,Thursday,False,Downtown_CBD,Clear,0.113,60.0,1.0,60.0,63.4,96.2,43.0,0.6785,0.6785,-0.341,2579.55,45.0,False,0.02
2026-02-20 00:00:00,2026-02-20,0,Friday,False,Downtown_CBD,Clear,0.04,60.0,1.0,60.0,53.1,77.9,35.3,0.6649,0.6649,-0.318,2119.32,45.0,False,0.02
2026-02-20 01:00:00,2026-02-20,1,Friday,False,Downtown_CBD,Clear,0.033,60.0,1.0,60.0,50.1,72.5,33.5,0.6688,0.6688,-0.309,2008.99,45.0,False,0.02
2026-02-20 02:00:00,2026-02-20,2,Friday,False,Downtown_CBD,Clear,0.063,60.0,1.0,60.0,46.7,75.3,31.1,0.6659,0.6659,-0.38,1866.52,45.0,False,0.02
2026-02-20 03:00:00,2026-02-20,3,Friday,False,Downtown_CBD,Clear,0.069,60.0,1.0,60.0,42.5,80.2,28.5,0.6702,0.6702,-0.47,1709.17,45.0,False,0.02
2026-02-20 04:00:00,2026-02-20,4,Friday,False,Downtown_CBD,Clear,0.065,60.0,1.0,60.0,54.9,88.6,36.1,0.6585,0.6585,-0.381,2167.57,45.0,False,0.02
2026-02-20 05:00:00,2026-02-20,5,Friday,False,Downtown_CBD,Clear,0.059,60.0,1.0,60.0,71.7,84.2,48.7,0.6793,0.6793,-0.149,2921.71,45.0,False,0.02
2026-02-20 06:00:00,2026-02-20,6,Friday,False,Downtown_CBD,Clear,0.191,60.0,1.157,69.44,141.6,112.2,80.1,0.5657,0.5657,0.262,5563.62,52.08,False,0.02
2026-02-20 07:00:00,2026-02-20,7,Friday,False,Downtown_CBD,Clear,0.264,60.0,1.807,108.42,264.4,112.7,99.0,0.3746,0.3746,1.345,10737.73,81.31,False,0.0453
2026-02-20 08:00:00,2026-02-20,8,Friday,False,Downtown_CBD,Clear,0.411,60.0,1.82,109.19,277.6,117.3,97.8,0.3522,0.3522,1.367,10673.7,81.89,False,0.046
2026-02-20 09:00:00,2026-02-20,9,Friday,False,Downtown_CBD,Clear,0.354,60.0,1.823,109.36,303.6,128.0,108.2,0.3565,0.3565,1.371,11834.41,82.02,False,0.0461
2026-02-20 10:00:00,2026-02-20,10,Friday,False,Downtown_CBD,Clear,0.278,60.0,1.43,85.79,231.4,134.8,103.0,0.4454,0.4454,0.716,8839.99,64.34,False,0.0265
2026-02-20 11:00:00,2026-02-20,11,Friday,False,Downtown_CBD,Clear,0.158,60.0,1.0,60.0,117.0,124.6,77.2,0.6602,0.6602,-0.061,4633.77,45.0,False,0.02
2026-02-20 12:00:00,2026-02-20,12,Friday,False,Downtown_CBD,Clear,0.071,60.0,1.0,60.0,71.4,118.4,48.3,0.6772,0.6772,-0.397,2900.66,45.0,False,0.02
2026-02-20 13:00:00,2026-02-20,13,Friday,False,Downtown_CBD,Clear,0.055,60.0,1.0,60.0,59.2,130.6,40.4,0.6826,0.6826,-0.546,2425.96,45.0,False,0.02
2026-02-20 14:00:00,2026-02-20,14,Friday,False,Downtown_CBD,Clear,0.035,60.0,1.0,60.0,59.4,119.9,38.3,0.6455,0.6455,-0.505,2300.45,45.0,False,0.02
2026-02-20 15:00:00,2026-02-20,15,Friday,False,Downtown_CBD,Clear,0.076,60.0,1.0,60.0,95.7,123.4,63.4,0.6628,0.6628,-0.224,3805.12,45.0,False,0.02
2026-02-20 16:00:00,2026-02-20,16,Friday,False,Downtown_CBD,Clear,0.237,60.0,1.164,69.87,169.5,133.0,94.6,0.5578,0.5578,0.274,6607.0,52.4,False,0.02
2026-02-20 17:00:00,2026-02-20,17,Friday,False,Downtown_CBD,Clear,0.292,60.0,1.708,102.45,274.1,125.8,104.0,0.3795,0.3795,1.179,10657.87,76.84,False,0.0404
2026-02-20 18:00:00,2026-02-20,18,Friday,False,Downtown_CBD,Clear,0.444,60.0,2.201,132.09,384.9,128.2,117.5,0.3054,0.3054,2.002,15525.59,99.07,False,0.0651
2026-02-20 19:00:00,2026-02-20,19,Friday,False,Downtown_CBD,Clear,0.383,60.0,1.671,100.26,332.7,157.0,126.5,0.3804,0.3804,1.118,12686.86,75.2,False,0.0386
2026-02-20 20:00:00,2026-02-20,20,Friday,False,Downtown_CBD,Clear,0.246,60.0,1.629,97.75,281.9,137.6,111.9,0.397,0.397,1.048,10939.83,73.31,False,0.0365
2026-02-20 21:00:00,2026-02-20,21,Friday,False,Downtown_CBD,Clear,0.152,60.0,1.148,68.9,153.6,123.1,86.5,0.5633,0.5633,0.247,5960.16,51.68,False,0.02
2026-02-20 22:00:00,2026-02-20,22,Friday,False,Downtown_CBD,Clear,0.123,60.0,1.0,60.0,96.5,119.9,64.1,0.6641,0.6641,-0.196,3843.3,45.0,False,0.02
2026-02-20 23:00:00,2026-02-20,23,Friday,False,Downtown_CBD,Clear,0.09,60.0,1.0,60.0,61.5,105.1,41.7,0.6779,0.6779,-0.415,2500.41,45.0,False,0.02
2026-02-21 00:00:00,2026-02-21,0,Saturday,True,Downtown_CBD,Clear,0.118,60.0,1.0,60.0,66.8,73.0,44.5,0.6655,0.6655,-0.085,2667.47,45.0,False,0.02
2026-02-21 01:00:00,2026-02-21,1,Saturday,True,Downtown_CBD,Clear,0.053,60.0,1.0,60.0,69.0,74.1,45.8,0.6647,0.6647,-0.069,2750.3,45.0,False,0.02
2026-02-21 02:00:00,2026-02-21,2,Saturday,True,Downtown_CBD,Clear,0.072,60.0,1.0,60.0,68.6,79.9,47.1,0.6865,0.6865,-0.141,2827.4,45.0,False,0.02
2026-02-21 03:00:00,2026-02-21,3,Saturday,True,Downtown_CBD,Clear,0.005,60.0,1.0,60.0,57.9,83.8,38.2,0.6593,0.6593,-0.309,2289.21,45.0,False,0.02
2026-02-21 04:00:00,2026-02-21,4,Saturday,True,Downtown_CBD,Clear,0.121,60.0,1.0,60.0,61.5,78.7,41.3,0.6712,0.6712,-0.219,2477.43,45.0,False,0.02
2026-02-21 05:00:00,2026-02-21,5,Saturday,True,Downtown_CBD,Clear,0.111,60.0,1.0,60.0,62.8,85.1,42.3,0.6738,0.6738,-0.262,2537.33,45.0,False,0.02
2026-02-21 06:00:00,2026-02-21,6,Saturday,True,Downtown_CBD,Clear,0.091,60.0,1.0,60.0,77.4,88.9,51.3,0.663,0.663,-0.129,3080.57,45.0,False,0.02
2026-02-21 07:00:00,2026-02-21,7,Saturday,True,Downtown_CBD,Clear,0.137,60.0,1.014,60.87,88.7,86.6,56.6,0.6377,0.6377,0.024,3443.54,45.65,False,0.02
2026-02-21 08:00:00,2026-02-21,8,Saturday,True,Downtown_CBD,Clear,0.154,60.0,1.033,61.96,103.7,98.3,65.0,0.6265,0.6265,0.054,4024.51,46.47,False,0.02
2026-02-21 09:00:00,2026-02-21,9,Saturday,True,Downtown_CBD,Clear,0.176,60.0,1.256,75.36,146.2,102.5,75.0,0.5128,0.5128,0.427,5649.09,56.52,False,0.02
2026-02-21 10:00:00,2026-02-21,10,Saturday,True,Downtown_CBD,Clear,0.172,60.0,1.274,76.46,150.3,103.2,78.6,0.5225,0.5225,0.457,6006.5,57.34,False,0.02
2026-02-21 11:00:00,2026-02-21,11,Saturday,True,Downtown_CBD,Clear,0.248,60.0,1.321,79.26,189.6,123.5,91.2,0.4808,0.4808,0.535,7225.07,59.45,False,0.0211
2026-02-21 12:00:00,2026-02-21,12,Saturday,True,Downtown_CBD,Clear,0.317,60.0,1.747,104.81,245.5,109.4,90.0,0.3666,0.3666,1.245,9434.55,78.61,False,0.0423
2026-02-21 13:00:00,2026-02-21,13,Saturday,True,Downtown_CBD,Clear,0.367,60.0,1.583,94.95,256.4,130.1,107.3,0.4184,0.4184,0.971,10185.88,71.21,False,0.0341
2026-02-21 14:00:00,2026-02-21,14,Saturday,True,Downtown_CBD,Clear,0.362,60.0,1.651,99.08,280.1,134.3,105.7,0.3774,0.3774,1.086,10476.09,74.31,False,0.0376
2026-02-21 15:00:00,2026-02-21,15,Saturday,True,Downtown_CBD,Clear,0.324,60.0,1.674,100.42,271.4,127.8,107.8,0.3973,0.3973,1.123,10826.37,75.31,False,0.0387
2026-02-21 16:00:00,2026-02-21,16,Saturday,True,Downtown_CBD,Clear,0.285,60.0,1.593,95.59,255.4,128.4,103.1,0.4038,0.4038,0.988,9855.7,71.69,False,0.0347
2026-02-21 17:00:00,2026-02-21,17,Saturday,True,Downtown_CBD,Clear,0.236,60.0,1.169,70.12,194.3,151.7,108.1,0.5566,0.5566,0.281,7583.14,52.59,False,0.02
2026-02-21 18:00:00,2026-02-21,18,Saturday,True,Downtown_CBD,Clear,0.169,60.0,1.208,72.48,161.5,120.0,87.1,0.5389,0.5389,0.347,6310.07,54.36,False,0.02
2026-02-21 19:00:00,2026-02-21,19,Saturday,True,Downtown_CBD,Clear,0.218,60.0,1.247,74.84,172.6,122.3,92.2,0.5338,0.5338,0.412,6897.27,56.13,False,0.02
2026-02-21 20:00:00,2026-02-21,20,Saturday,True,Downtown_CBD,Clear,0.262,60.0,1.587,95.21,228.2,115.3,94.8,0.4156,0.4156,0.978,9028.97,71.41,False,0.0343
2026-02-21 21:00:00,2026-02-21,21,Saturday,True,Downtown_CBD,Clear,0.31,60.0,1.986,119.16,281.1,106.3,91.7,0.3261,0.3261,1.643,10923.22,89.37,False,0.0543
2026-02-21 22:00:00,2026-02-21,22,Saturday,True,Downtown_CBD,Clear,0.357,60.0,2.166,129.96,276.2,93.8,86.6,0.3134,0.3134,1.943,11248.78,97.47,False,0.0633
2026-02-21 23:00:00,2026-02-21,23,Saturday,True,Downtown_CBD,Clear,0.291,60.0,2.593,155.56,326.0,89.2,85.9,0.2635,0.2635,2.654,13363.14,116.67,False,0.0846
2026-02-22 00:00:00,2026-02-22,0,Sunday,True,Downtown_CBD,Rain,0.222,60.0,1.0,60.0,69.2,83.9,44.9,0.6495,0.6495,-0.175,2696.08,45.0,False,0.02
2026-02-22 01:00:00,2026-02-22,1,Sunday,True,Downtown_CBD,Rain,0.245,60.0,1.0,60.0,59.4,83.3,37.7,0.6336,0.6336,-0.287,2259.19,45.0,False,0.02
2026-02-22 02:00:00,2026-02-22,2,Sunday,True,Downtown_CBD,Rain,0.19,60.0,1.049,62.95,80.4,74.3,48.9,0.6083,0.6083,0.082,3080.42,47.21,False,0.02
2026-02-22 03:00:00,2026-02-22,3,Sunday,True,Downtown_CBD,Rain,0.224,60.0,1.0,60.0,62.6,80.0,39.5,0.6317,0.6317,-0.218,2371.55,45.0,False,0.02
2026-02-22 04:00:00,2026-02-22,4,Sunday,True,Downtown_CBD,Rain,0.234,60.0,1.0,60.0,62.5,86.1,39.8,0.6359,0.6359,-0.274,2385.53,45.0,False,0.02
2026-02-22 05:00:00,2026-02-22,5,Sunday,True,Downtown_CBD,Rain,0.225,60.0,1.0,60.0,66.9,93.8,42.3,0.6331,0.6331,-0.287,2540.13,45.0,False,0.02
2026-02-22 06:00:00,2026-02-22,6,Sunday,True,Downtown_CBD,Rain,0.272,60.0,1.0,60.0,76.8,79.7,49.7,0.6469,0.6469,-0.037,2979.47,45.0,False,0.02
2026-02-22 07:00:00,2026-02-22,7,Sunday,True,Downtown_CBD,Rain,0.243,60.0,1.041,62.48,103.1,96.4,62.6,0.607,0.607,0.069,3908.87,46.86,False,0.02
2026-02-22 08:00:00,2026-02-22,8,Sunday,True,Downtown_CBD,Rain,0.25,60.0,1.095,65.72,115.2,99.4,64.9,0.5631,0.5631,0.159,4264.44,49.29,False,0.02
2026-02-22 09:00:00,2026-02-22,9,Sunday,True,Downtown_CBD,Rain,0.342,60.0,1.153,69.18,127.3,101.4,69.7,0.5476,0.5476,0.255,4821.51,51.89,False,0.02
2026-02-22 10:00:00,2026-02-22,10,Sunday,True,Downtown_CBD,Rain,0.414,60.0,1.539,92.34,204.3,107.6,82.8,0.4052,0.4052,0.898,7644.93,69.25,False,0.0319
2026-02-22 11:00:00,2026-02-22,11,Sunday,True,Downtown_CBD,Rain,0.373,60.0,1.536,92.14,227.4,120.1,91.7,0.4031,0.4031,0.893,8446.1,69.11,False,0.0318
2026-02-22 12:00:00,2026-02-22,12,Sunday,True,Downtown_CBD,Rain,0.456,60.0,1.85,110.98,243.5,100.8,80.5,0.3307,0.3307,1.416,8937.7,83.23,False,0.0475
2026-02-22 13:00:00,2026-02-22,13,Sunday,True,Downtown_CBD,Rain,0.507,60.0,1.902,114.12,298.6,119.3,97.8,0.3276,0.3276,1.503,11163.01,85.59,False,0.0501
2026-02-22 14:00:00,2026-02-22,14,Sunday,True,Downtown_CBD,Rain,0.464,60.0,1.995,119.69,335.0,126.0,104.0,0.3105,0.3105,1.658,12451.52,89.77,False,0.0547
2026-02-22 15:00:00,2026-02-22,15,Sunday,True,Downtown_CBD,Rain,0.457,60.0,1.57,94.17,271.6,139.3,111.3,0.4099,0.4099,0.949,10485.0,70.63,False,0.0335
2026-02-22 16:00:00,2026-02-22,16,Sunday,True,Downtown_CBD,Rain,0.448,60.0,1.475,88.52,235.0,131.1,96.8,0.412,0.412,0.792,8570.56,66.39,False,0.0288
2026-02-22 17:00:00,2026-02-22,17,Sunday,True,Downtown_CBD,Rain,0.361,60.0,1.326,79.58,193.9,125.6,90.2,0.4654,0.4654,0.544,7179.44,59.69,False,0.0213
2026-02-22 18:00:00,2026-02-22,18,Sunday,True,Downtown_CBD,Rain,0.326,60.0,1.175,70.52,161.2,124.7,86.1,0.5342,0.5342,0.292,6073.13,52.89,False,0.02
2026-02-22 19:00:00,2026-02-22,19,Sunday,True,Downtown_CBD,Rain,0.367,60.0,1.425,85.5,186.1,109.0,83.2,0.4468,0.4468,0.708,7109.43,64.12,False,0.0262
2026-02-22 20:00:00,2026-02-22,20,Sunday,True,Downtown_CBD,Rain,0.39,60.0,1.861,111.63,260.7,107.1,87.7,0.3363,0.3363,1.434,9785.92,83.72,False,0.048
2026-02-22 21:00:00,2026-02-22,21,Sunday,True,Downtown_CBD,Rain,0.402,60.0,2.083,124.95,292.6,104.3,89.3,0.3051,0.3051,1.804,11153.45,93.71,False,0.0591
2026-02-22 22:00:00,2026-02-22,22,Sunday,True,Downtown_CBD,Rain,0.505,60.0,2.429,145.73,319.0,94.3,86.5,0.271,0.271,2.381,12598.67,109.3,False,0.0764
2026-02-22 23:00:00,2026-02-22,23,Sunday,True,Downtown_CBD,Rain,0.497,60.0,2.266,135.95,309.5,99.5,87.5,0.2826,0.2826,2.11,11892.69,101.96,False,0.0683
2026-02-23 00:00:00,2026-02-23,0,Monday,False,Downtown_CBD,Clear,0.019,60.0,1.0,60.0,49.7,72.7,33.0,0.6635,0.6635,-0.317,1977.38,45.0,False,0.02
2026-02-23 01:00:00,2026-02-23,1,Monday,False,Downtown_CBD,Clear,0.052,60.0,1.0,60.0,54.8,76.3,36.2,0.6597,0.6597,-0.281,2170.85,45.0,False,0.02
2026-02-23 02:00:00,2026-02-23,2,Monday,False,Downtown_CBD,Clear,0.03,60.0,1.0,60.0,45.3,84.9,30.3,0.6698,0.6698,-0.467,1818.91,45.0,False,0.02
2026-02-23 03:00:00,2026-02-23,3,Monday,False,Downtown_CBD,Clear,0.058,60.0,1.0,60.0,52.0,80.9,34.2,0.6588,0.6588,-0.357,2053.89,45.0,False,0.02
2026-02-23 04:00:00,2026-02-23,4,Monday,False,Downtown_CBD,Clear,0.0,60.0,1.0,60.0,53.1,95.9,34.8,0.656,0.656,-0.446,2090.5,45.0,False,0.02
2026-02-23 05:00:00,2026-02-23,5,Monday,False,Downtown_CBD,Clear,0.067,60.0,1.0,60.0,74.4,87.4,49.9,0.6703,0.6703,-0.148,2992.45,45.0,False,0.02
2026-02-23 06:00:00,2026-02-23,6,Monday,False,Downtown_CBD,Clear,0.168,60.0,1.146,68.77,129.8,104.3,72.9,0.5619,0.5619,0.244,5014.46,51.58,False,0.02
2026-02-23 07:00:00,2026-02-23,7,Monday,False,Downtown_CBD,Clear,0.245,60.0,1.498,89.87,228.9,125.1,99.6,0.4352,0.4352,0.83,8951.57,67.4,False,0.0299
2026-02-23 08:00:00,2026-02-23,8,Monday,False,Downtown_CBD,Clear,0.367,60.0,1.792,107.5,300.9,129.7,109.8,0.3648,0.3648,1.319,11800.41,80.62,False,0.0446
2026-02-23 09:00:00,2026-02-23,9,Monday,False,Downtown_CBD,Clear,0.357,60.0,1.557,93.42,275.5,142.9,114.4,0.4151,0.4151,0.928,10682.95,70.06,False,0.0329
2026-02-23 10:00:00,2026-02-23,10,Monday,False,Downtown_CBD,Clear,0.27,60.0,1.457,87.44,217.1,123.2,97.2,0.4476,0.4476,0.762,8496.39,65.58,False,0.0279
2026-02-23 11:00:00,2026-02-23,11,Monday,False,Downtown_CBD,Clear,0.145,60.0,1.063,63.76,133.6,121.0,81.8,0.6123,0.6123,0.104,5216.82,47.82,False,0.02
2026-02-23 12:00:00,2026-02-23,12,Monday,False,Downtown_CBD,Clear,0.083,60.0,1.0,60.0,71.4,130.4,46.6,0.6522,0.6522,-0.452,2793.53,45.0,False,0.02
2026-02-23 13:00:00,2026-02-23,13,Monday,False,Downtown_CBD,Clear,0.111,60.0,1.0,60.0,53.1,124.9,35.4,0.6663,0.6663,-0.574,2124.76,45.0,False,0.02
2026-02-23 14:00:00,2026-02-23,14,Monday,False,Downtown_CBD,Clear,0.035,60.0,1.0,60.0,68.3,112.2,46.1,0.675,0.675,-0.392,2764.76,45.0,False,0.02
2026-02-23 15:00:00,2026-02-23,15,Monday,False,Downtown_CBD,Clear,0.13,60.0,1.0,60.0,90.4,116.6,59.0,0.6529,0.6529,-0.225,3541.08,45.0,False,0.02
2026-02-23 16:00:00,2026-02-23,16,Monday,False,Downtown_CBD,Clear,0.224,60.0,1.12,67.19,157.5,131.3,95.1,0.6041,0.6041,0.2,6392.7,50.39,False,0.02
2026-02-23 17:00:00,2026-02-23,17,Monday,False,Downtown_CBD,Clear,0.334,60.0,1.917,115.0,311.7,123.3,107.8,0.346,0.346,1.528,12402.36,86.25,False,0.0508
2026-02-23 18:00:00,2026-02-23,18,Monday,False,Downtown_CBD,Clear,0.462,60.0,1.776,106.57,346.4,151.0,132.3,0.3818,0.3818,1.294,14094.65,79.93,False,0.0438
2026-02-23 19:00:00,2026-02-23,19,Monday,False,Downtown_CBD,Clear,0.463,60.0,1.973,118.4,324.7,123.8,110.7,0.3409,0.3409,1.622,13105.87,88.8,False,0.0537
2026-02-23 20:00:00,2026-02-23,20,Monday,False,Downtown_CBD,Clear,0.33,60.0,1.435,86.1,223.8,129.7,102.9,0.4598,0.4598,0.725,8858.72,64.57,False,0.0267
2026-02-23 21:00:00,2026-02-23,21,Monday,False,Downtown_CBD,Clear,0.222,60.0,1.335,80.13,177.2,113.6,88.9,0.5017,0.5017,0.559,7122.65,60.1,False,0.0218
2026-02-23 22:00:00,2026-02-23,22,Monday,False,Downtown_CBD,Clear,0.18,60.0,1.0,60.0,84.4,113.4,56.2,0.6664,0.6664,-0.256,3374.96,45.0,False,0.02
2026-02-23 23:00:00,2026-02-23,23,Monday,False,Downtown_CBD,Clear,0.068,60.0,1.0,60.0,68.3,99.1,44.6,0.6527,0.6527,-0.311,2676.12,45.0,False,0.02
2026-02-24 00:00:00,2026-02-24,0,Tuesday,False,Downtown_CBD,Clear,0.021,60.0,1.0,60.0,48.8,69.7,32.8,0.6714,0.6714,-0.299,1966.4,45.0,False,0.02
2026-02-24 01:00:00,2026-02-24,1,Tuesday,False,Downtown_CBD,Clear,0.09,60.0,1.0,60.0,48.2,73.3,32.3,0.6701,0.6701,-0.342,1939.52,45.0,False,0.02
2026-02-24 02:00:00,2026-02-24,2,Tuesday,False,Downtown_CBD,Clear,0.046,60.0,1.0,60.0,51.1,74.1,34.5,0.6744,0.6744,-0.31,2067.75,45.0,False,0.02
2026-02-24 03:00:00,2026-02-24,3,Tuesday,False,Downtown_CBD,Clear,0.061,60.0,1.0,60.0,55.8,78.1,36.1,0.6474,0.6474,-0.286,2166.43,45.0,False,0.02
2026-02-24 04:00:00,2026-02-24,4,Tuesday,False,Downtown_CBD,Clear,0.023,60.0,1.0,60.0,56.8,91.2,37.5,0.6599,0.6599,-0.377,2248.52,45.0,False,0.02
2026-02-24 05:00:00,2026-02-24,5,Tuesday,False,Downtown_CBD,Clear,0.137,60.0,1.0,60.0,69.0,91.6,47.2,0.6844,0.6844,-0.247,2833.33,45.0,False,0.02
2026-02-24 06:00:00,2026-02-24,6,Tuesday,False,Downtown_CBD,Clear,0.136,60.0,1.111,66.66,136.1,114.9,80.5,0.5913,0.5913,0.185,5364.48,49.99,False,0.02
2026-02-24 07:00:00,2026-02-24,7,Tuesday,False,Downtown_CBD,Clear,0.28,60.0,1.492,89.5,195.5,107.5,83.6,0.4277,0.4277,0.82,7484.32,67.12,False,0.0296
2026-02-24 08:00:00,2026-02-24,8,Tuesday,False,Downtown_CBD,Clear,0.355,60.0,1.79,107.39,261.4,112.9,94.6,0.3618,0.3618,1.316,10156.33,80.54,False,0.0445
2026-02-24 09:00:00,2026-02-24,9,Tuesday,False,Downtown_CBD,Clear,0.377,60.0,2.132,127.92,357.2,123.8,111.1,0.3111,0.3111,1.887,14215.42,95.94,False,0.0616
2026-02-24 10:00:00,2026-02-24,10,Tuesday,False,Downtown_CBD,Clear,0.252,60.0,1.325,79.51,192.2,124.7,93.1,0.4845,0.4845,0.542,7405.96,59.63,False,0.0213
2026-02-24 11:00:00,2026-02-24,11,Tuesday,False,Downtown_CBD,Clear,0.136,60.0,1.0,60.0,110.8,130.1,74.2,0.6697,0.6697,-0.148,4452.95,45.0,False,0.02
2026-02-24 12:00:00,2026-02-24,12,Tuesday,False,Downtown_CBD,Clear,0.072,60.0,1.0,60.0,75.8,126.1,51.3,0.6765,0.6765,-0.399,3077.77,45.0,False,0.02
2026-02-24 13:00:00,2026-02-24,13,Tuesday,False,Downtown_CBD,Clear,0.09,60.0,1.0,60.0,58.0,119.8,38.6,0.6657,0.6657,-0.515,2318.21,45.0,False,0.02
2026-02-24 14:00:00,2026-02-24,14,Tuesday,False,Downtown_CBD,Clear,0.064,60.0,1.0,60.0,70.4,111.0,48.0,0.6813,0.6813,-0.366,2877.63,45.0,False,0.02
2026-02-24 15:00:00,2026-02-24,15,Tuesday,False,Downtown_CBD,Clear,0.104,60.0,1.0,60.0,84.7,122.8,57.2,0.6759,0.6759,-0.311,3433.65,45.0,False,0.02
2026-02-24 16:00:00,2026-02-24,16,Tuesday,False,Downtown_CBD,Clear,0.139,60.0,1.03,61.79,150.6,143.4,97.5,0.6475,0.6475,0.05,6024.01,46.34,False,0.02
2026-02-24 17:00:00,2026-02-24,17,Tuesday,False,Downtown_CBD,Clear,0.324,60.0,1.791,107.49,290.4,125.2,108.9,0.3751,0.3751,1.319,11709.16,80.62,False,0.0446
2026-02-24 18:00:00,2026-02-24,18,Tuesday,False,Downtown_CBD,Clear,0.419,60.0,1.941,116.46,377.7,147.1,130.3,0.3449,0.3449,1.568,15170.25,87.34,False,0.052
2026-02-24 19:00:00,2026-02-24,19,Tuesday,False,Downtown_CBD,Clear,0.45,60.0,2.178,130.7,372.9,125.8,113.8,0.3053,0.3053,1.964,14877.92,98.02,False,0.0639
2026-02-24 20:00:00,2026-02-24,20,Tuesday,False,Downtown_CBD,Clear,0.34,60.0,1.685,101.09,279.8,130.7,108.3,0.3871,0.3871,1.141,10948.72,75.82,False,0.0392
2026-02-24 21:00:00,2026-02-24,21,Tuesday,False,Downtown_CBD,Clear,0.209,60.0,1.075,64.51,162.9,144.8,98.2,0.6026,0.6026,0.125,6331.99,48.38,False,0.02
2026-02-24 22:00:00,2026-02-24,22,Tuesday,False,Downtown_CBD,Clear,0.177,60.0,1.0,60.0,87.3,119.1,59.5,0.6809,0.6809,-0.267,3567.07,45.0,False,0.02
2026-02-24 23:00:00,2026-02-24,23,Tuesday,False,Downtown_CBD,Clear,0.112,60.0,1.0,60.0,60.9,107.4,39.8,0.6543,0.6543,-0.433,2389.47,45.0,False,0.02
2026-02-25 00:00:00,2026-02-25,0,Wednesday,False,Downtown_CBD,Rain,0.203,60.0,1.0,60.0,46.6,72.1,28.9,0.6205,0.6205,-0.353,1736.23,45.0,False,0.02
2026-02-25 01:00:00,2026-02-25,1,Wednesday,False,Downtown_CBD,Rain,0.183,60.0,1.0,60.0,58.9,76.0,38.3,0.6506,0.6506,-0.226,2298.59,45.0,False,0.02
2026-02-25 02:00:00,2026-02-25,2,Wednesday,False,Downtown_CBD,Rain,0.253,60.0,1.0,60.0,47.6,81.4,30.0,0.6293,0.6293,-0.415,1799.1,45.0,False,0.02
2026-02-25 03:00:00,2026-02-25,3,Wednesday,False,Downtown_CBD,Rain,0.238,60.0,1.0,60.0,58.7,85.0,37.7,0.6425,0.6425,-0.309,2263.04,45.0,False,0.02
2026-02-25 04:00:00,2026-02-25,4,Wednesday,False,Downtown_CBD,Rain,0.231,60.0,1.0,60.0,60.5,95.9,37.4,0.6179,0.6179,-0.369,2242.14,45.0,False,0.02
2026-02-25 05:00:00,2026-02-25,5,Wednesday,False,Downtown_CBD,Rain,0.246,60.0,1.0,60.0,91.2,96.7,57.6,0.6313,0.6313,-0.056,3455.72,45.0,False,0.02
2026-02-25 06:00:00,2026-02-25,6,Wednesday,False,Downtown_CBD,Rain,0.286,60.0,1.372,82.3,144.3,89.1,66.0,0.4575,0.4575,0.62,5433.58,61.72,False,0.0236
2026-02-25 07:00:00,2026-02-25,7,Wednesday,False,Downtown_CBD,Rain,0.424,60.0,1.734,104.03,259.6,116.8,93.6,0.3606,0.3606,1.223,9736.29,78.02,False,0.0417
2026-02-25 08:00:00,2026-02-25,8,Wednesday,False,Downtown_CBD,Rain,0.491,60.0,2.066,123.98,366.2,131.8,112.6,0.3076,0.3076,1.777,13962.42,92.98,False,0.0583
2026-02-25 09:00:00,2026-02-25,9,Wednesday,False,Downtown_CBD,Rain,0.548,60.0,2.048,122.88,347.0,126.3,105.6,0.3043,0.3043,1.747,12975.31,92.16,False,0.0574
2026-02-25 10:00:00,2026-02-25,10,Wednesday,False,Downtown_CBD,Rain,0.431,60.0,1.581,94.87,269.2,136.7,105.1,0.3903,0.3903,0.969,9967.54,71.15,False,0.0341
2026-02-25 11:00:00,2026-02-25,11,Wednesday,False,Downtown_CBD,Rain,0.366,60.0,1.037,62.2,130.5,123.0,83.1,0.6366,0.6366,0.061,5168.54,46.65,False,0.02
2026-02-25 12:00:00,2026-02-25,12,Wednesday,False,Downtown_CBD,Rain,0.216,60.0,1.0,60.0,74.7,130.7,46.9,0.6272,0.6272,-0.428,2812.3,45.0,False,0.02
2026-02-25 13:00:00,2026-02-25,13,Wednesday,False,Downtown_CBD,Rain,0.249,60.0,1.0,60.0,65.9,124.1,43.8,0.6652,0.6652,-0.469,2630.86,45.0,False,0.02
2026-02-25 14:00:00,2026-02-25,14,Wednesday,False,Downtown_CBD,Rain,0.247,60.0,1.0,60.0,70.8,111.9,44.5,0.6277,0.6277,-0.367,2667.18,45.0,False,0.02
2026-02-25 15:00:00,2026-02-25,15,Wednesday,False,Downtown_CBD,Rain,0.266,60.0,1.0,60.0,122.7,133.2,77.7,0.6331,0.6331,-0.078,4662.48,45.0,False,0.02
2026-02-25 16:00:00,2026-02-25,16,Wednesday,False,Downtown_CBD,Rain,0.353,60.0,1.134,68.02,162.8,133.2,87.9,0.5399,0.5399,0.223,5979.34,51.02,False,0.02
2026-02-25 17:00:00,2026-02-25,17,Wednesday,False,Downtown_CBD,Rain,0.476,60.0,1.914,114.86,322.1,127.6,104.8,0.3253,0.3253,1.524,12032.68,86.14,False,0.0507
2026-02-25 18:00:00,2026-02-25,18,Wednesday,False,Downtown_CBD,Rain,0.593,60.0,2.148,128.87,359.6,123.4,107.6,0.2992,0.2992,1.913,13864.36,96.65,False,0.0624
2026-02-25 19:00:00,2026-02-25,19,Wednesday,False,Downtown_CBD,Rain,0.561,60.0,1.925,115.51,369.6,145.4,120.3,0.3254,0.3254,1.542,13892.66,86.63,False,0.0513
2026-02-25 20:00:00,2026-02-25,20,Wednesday,False,Downtown_CBD,Rain,0.505,60.0,1.782,106.92,287.5,124.8,98.2,0.3417,0.3417,1.303,10503.49,80.19,False,0.0441
2026-02-25 21:00:00,2026-02-25,21,Wednesday,False,Downtown_CBD,Rain,0.374,60.0,1.419,85.15,198.7,117.0,89.0,0.448,0.448,0.699,7580.5,63.86,False,0.026
2026-02-25 22:00:00,2026-02-25,22,Wednesday,False,Downtown_CBD,Rain,0.283,60.0,1.0,60.0,116.5,119.4,73.5,0.6311,0.6311,-0.025,4410.69,45.0,False,0.02
2026-02-25 23:00:00,2026-02-25,23,Wednesday,False,Downtown_CBD,Rain,0.224,60.0,1.0,60.0,68.1,109.0,43.7,0.6418,0.6418,-0.375,2622.71,45.0,False,0.02
2026-02-26 00:00:00,2026-02-26,0,Thursday,False,Downtown_CBD,Clear,0.036,60.0,1.0,60.0,53.3,71.9,34.7,0.6516,0.6516,-0.258,2083.82,45.0,False,0.02
2026-02-26 01:00:00,2026-02-26,1,Thursday,False,Downtown_CBD,Clear,0.059,60.0,1.0,60.0,48.2,70.9,32.5,0.6739,0.6739,-0.32,1949.97,45.0,False,0.02
2026-02-26 02:00:00,2026-02-26,2,Thursday,False,Downtown_CBD,Clear,0.124,60.0,1.0,60.0,53.3,77.8,34.6,0.649,0.649,-0.315,2075.54,45.0,False,0.02
2026-02-26 03:00:00,2026-02-26,3,Thursday,False,Downtown_CBD,Clear,0.039,60.0,1.0,60.0,46.9,82.2,31.2,0.6657,0.6657,-0.43,1871.65,45.0,False,0.02
2026-02-26 04:00:00,2026-02-26,4,Thursday,False,Downtown_CBD,Clear,0.044,60.0,1.0,60.0,53.4,90.2,36.0,0.6734,0.6734,-0.408,2157.67,45.0,False,0.02
2026-02-26 05:00:00,2026-02-26,5,Thursday,False,Downtown_CBD,Clear,0.1,60.0,1.0,60.0,76.5,98.8,51.3,0.6702,0.6702,-0.225,3076.68,45.0,False,0.02
2026-02-26 06:00:00,2026-02-26,6,Thursday,False,Downtown_CBD,Clear,0.172,60.0,1.095,65.73,129.5,111.7,79.9,0.6169,0.6169,0.159,5251.94,49.3,False,0.02
2026-02-26 07:00:00,2026-02-26,7,Thursday,False,Downtown_CBD,Clear,0.296,60.0,1.479,88.72,209.3,116.4,90.0,0.4301,0.4301,0.798,7986.5,66.54,False,0.0289
2026-02-26 08:00:00,2026-02-26,8,Thursday,False,Downtown_CBD,Clear,0.371,60.0,1.659,99.56,261.1,124.4,103.3,0.3956,0.3956,1.099,10286.71,74.67,False,0.038
2026-02-26 09:00:00,2026-02-26,9,Thursday,False,Downtown_CBD,Clear,0.326,60.0,1.959,117.52,304.2,117.1,104.1,0.3424,0.3424,1.598,12237.33,88.14,False,0.0529
2026-02-26 10:00:00,2026-02-26,10,Thursday,False,Downtown_CBD,Clear,0.28,60.0,1.458,87.49,202.7,114.9,89.5,0.4414,0.4414,0.764,7828.44,65.62,False,0.0279
2026-02-26 11:00:00,2026-02-26,11,Thursday,False,Downtown_CBD,Clear,0.177,60.0,1.098,65.9,132.9,114.2,80.0,0.602,0.602,0.164,5272.25,49.43,False,0.02
2026-02-26 12:00:00,2026-02-26,12,Thursday,False,Downtown_CBD,Clear,0.115,60.0,1.0,60.0,71.3,126.0,46.8,0.6563,0.6563,-0.434,2807.59,45.0,False,0.02
2026-02-26 13:00:00,2026-02-26,13,Thursday,False,Downtown_CBD,Clear,0.082,60.0,1.0,60.0,56.7,122.6,37.8,0.6669,0.6669,-0.538,2267.87,45.0,False,0.02
2026-02-26 14:00:00,2026-02-26,14,Thursday,False,Downtown_CBD,Clear,0.063,60.0,1.0,60.0,65.1,124.4,42.6,0.6553,0.6553,-0.477,2557.99,45.0,False,0.02
2026-02-26 15:00:00,2026-02-26,15,Thursday,False,Downtown_CBD,Clear,0.128,60.0,1.0,60.0,109.2,125.0,72.3,0.6622,0.6622,-0.127,4338.77,45.0,False,0.02
2026-02-26 16:00:00,2026-02-26,16,Thursday,False,Downtown_CBD,Clear,0.244,60.0,1.253,75.19,174.3,122.6,91.5,0.5249,0.5249,0.422,6879.64,56.39,False,0.02
2026-02-26 17:00:00,2026-02-26,17,Thursday,False,Downtown_CBD,Clear,0.323,60.0,1.633,97.99,280.0,136.2,111.6,0.3986,0.3986,1.055,10934.4,73.49,False,0.0367
2026-02-26 18:00:00,2026-02-26,18,Thursday,False,Downtown_CBD,Clear,0.381,60.0,2.039,122.36,366.1,134.0,119.2,0.3256,0.3256,1.732,14583.13,91.77,False,0.057
2026-02-26 19:00:00,2026-02-26,19,Thursday,False,Downtown_CBD,Clear,0.467,60.0,1.881,112.86,325.0,131.7,115.6,0.3557,0.3557,1.468,13045.76,84.64,False,0.049
2026-02-26 20:00:00,2026-02-26,20,Thursday,False,Downtown_CBD,Clear,0.412,60.0,1.642,98.54,290.1,140.1,113.6,0.3916,0.3916,1.07,11194.09,73.91,False,0.0371
2026-02-26 21:00:00,2026-02-26,21,Thursday,False,Downtown_CBD,Clear,0.226,60.0,1.232,73.92,177.3,127.9,93.9,0.5294,0.5294,0.387,6938.94,55.44,False,0.02
2026-02-26 22:00:00,2026-02-26,22,Thursday,False,Downtown_CBD,Clear,0.138,60.0,1.0,60.0,104.2,109.1,70.0,0.6716,0.6716,-0.045,4198.36,45.0,False,0.02
2026-02-26 23:00:00,2026-02-26,23,Thursday,False,Downtown_CBD,Clear,0.069,60.0,1.0,60.0,71.1,103.5,47.6,0.6705,0.6705,-0.313,2858.66,45.0,False,0.02
2026-02-27 00:00:00,2026-02-27,0,Friday,False,Downtown_CBD,Clear,0.056,60.0,1.0,60.0,48.0,68.2,32.2,0.6724,0.6724,-0.297,1934.74,45.0,False,0.02
2026-02-27 01:00:00,2026-02-27,1,Friday,False,Downtown_CBD,Clear,0.075,60.0,1.0,60.0,50.2,67.3,33.4,0.6648,0.6648,-0.253,2003.84,45.0,False,0.02
2026-02-27 02:00:00,2026-02-27,2,Friday,False,Downtown_CBD,Clear,0.043,60.0,1.0,60.0,49.1,71.9,33.1,0.6732,0.6732,-0.317,1983.21,45.0,False,0.02
2026-02-27 03:00:00,2026-02-27,3,Friday,False,Downtown_CBD,Clear,0.041,60.0,1.0,60.0,51.5,86.3,34.7,0.674,0.674,-0.403,2084.01,45.0,False,0.02
2026-02-27 04:00:00,2026-02-27,4,Friday,False,Downtown_CBD,Clear,0.085,60.0,1.0,60.0,53.5,81.1,35.9,0.6722,0.6722,-0.34,2156.67,45.0,False,0.02
2026-02-27 05:00:00,2026-02-27,5,Friday,False,Downtown_CBD,Clear,0.081,60.0,1.0,60.0,74.7,94.9,50.7,0.6781,0.6781,-0.213,3039.46,45.0,False,0.02
2026-02-27 06:00:00,2026-02-27,6,Friday,False,Downtown_CBD,Clear,0.219,60.0,1.145,68.69,144.1,116.1,84.2,0.5845,0.5845,0.241,5786.32,51.52,False,0.02
2026-02-27 07:00:00,2026-02-27,7,Friday,False,Downtown_CBD,Clear,0.216,60.0,1.604,96.22,246.9,123.1,98.9,0.4004,0.4004,1.006,9511.78,72.16,False,0.0352
2026-02-27 08:00:00,2026-02-27,8,Friday,False,Downtown_CBD,Clear,0.305,60.0,2.187,131.21,325.2,109.2,97.8,0.3008,0.3008,1.978,12835.53,98.41,False,0.0643
2026-02-27 09:00:00,2026-02-27,9,Friday,False,Downtown_CBD,Clear,0.367,60.0,1.757,105.4,294.3,130.1,105.7,0.3591,0.3591,1.261,11136.57,79.05,False,0.0428
2026-02-27 10:00:00,2026-02-27,10,Friday,False,Downtown_CBD,Clear,0.197,60.0,1.48,88.77,252.1,140.1,110.2,0.4372,0.4372,0.799,9784.64,66.58,False,0.029
2026-02-27 11:00:00,2026-02-27,11,Friday,False,Downtown_CBD,Clear,0.178,60.0,1.0,60.0,122.3,125.2,80.9,0.6617,0.6617,-0.024,4855.17,45.0,False,0.02
2026-02-27 12:00:00,2026-02-27,12,Friday,False,Downtown_CBD,Clear,0.097,60.0,1.0,60.0,68.0,125.1,46.0,0.6756,0.6756,-0.456,2757.34,45.0,False,0.02
2026-02-27 13:00:00,2026-02-27,13,Friday,False,Downtown_CBD,Clear,0.063,60.0,1.0,60.0,61.3,107.8,41.6,0.6779,0.6779,-0.431,2494.37,45.0,False,0.02
2026-02-27 14:00:00,2026-02-27,14,Friday,False,Downtown_CBD,Clear,0.017,60.0,1.0,60.0,63.4,132.0,42.1,0.6649,0.6649,-0.52,2528.25,45.0,False,0.02
2026-02-27 15:00:00,2026-02-27,15,Friday,False,Downtown_CBD,Clear,0.122,60.0,1.0,60.0,109.9,127.2,73.7,0.6705,0.6705,-0.136,4422.19,45.0,False,0.02
2026-02-27 16:00:00,2026-02-27,16,Friday,False,Downtown_CBD,Clear,0.198,60.0,1.111,66.68,155.8,131.4,92.1,0.5912,0.5912,0.186,6142.62,50.01,False,0.02
2026-02-27 17:00:00,2026-02-27,17,Friday,False,Downtown_CBD,Clear,0.295,60.0,1.777,106.63,293.6,127.9,109.9,0.3743,0.3743,1.295,11716.34,79.97,False,0.0439
2026-02-27 18:00:00,2026-02-27,18,Friday,False,Downtown_CBD,Clear,0.433,60.0,2.087,125.2,380.2,135.2,119.3,0.3139,0.3139,1.811,14939.92,93.9,False,0.0593
2026-02-27 19:00:00,2026-02-27,19,Friday,False,Downtown_CBD,Clear,0.451,60.0,2.172,130.34,378.6,128.2,115.2,0.3042,0.3042,1.954,15011.1,97.75,False,0.0636
2026-02-27 20:00:00,2026-02-27,20,Friday,False,Downtown_CBD,Clear,0.357,60.0,1.574,94.46,272.6,139.3,113.9,0.418,0.418,0.957,10763.31,70.84,False,0.0337
2026-02-27 21:00:00,2026-02-27,21,Friday,False,Downtown_CBD,Clear,0.211,60.0,1.307,78.42,188.1,124.4,95.1,0.5053,0.5053,0.512,7454.12,58.81,False,0.0203
2026-02-27 22:00:00,2026-02-27,22,Friday,False,Downtown_CBD,Clear,0.168,60.0,1.0,60.0,107.0,116.7,71.1,0.6641,0.6641,-0.083,4263.86,45.0,False,0.02
2026-02-27 23:00:00,2026-02-27,23,Friday,False,Downtown_CBD,Clear,0.084,60.0,1.0,60.0,67.4,110.9,45.2,0.6701,0.6701,-0.392,2711.84,45.0,False,0.02
2026-02-28 00:00:00,2026-02-28,0,Saturday,True,Downtown_CBD,Clear,0.045,60.0,1.0,60.0,69.7,84.4,47.5,0.6813,0.6813,-0.174,2851.21,45.0,False,0.02
2026-02-28 01:00:00,2026-02-28,1,Saturday,True,Downtown_CBD,Clear,0.117,60.0,1.0,60.0,66.7,71.9,45.9,0.6876,0.6876,-0.072,2752.23,45.0,False,0.02
2026-02-28 02:00:00,2026-02-28,2,Saturday,True,Downtown_CBD,Clear,0.044,60.0,1.0,60.0,65.7,77.6,44.3,0.6743,0.6743,-0.153,2657.96,45.0,False,0.02
2026-02-28 03:00:00,2026-02-28,3,Saturday,True,Downtown_CBD,Clear,0.042,60.0,1.0,60.0,65.4,77.5,43.1,0.658,0.658,-0.156,2583.88,45.0,False,0.02
2026-02-28 04:00:00,2026-02-28,4,Saturday,True,Downtown_CBD,Clear,0.098,60.0,1.0,60.0,67.6,78.0,45.0,0.6657,0.6657,-0.133,2700.59,45.0,False,0.02
2026-02-28 05:00:00,2026-02-28,5,Saturday,True,Downtown_CBD,Clear,0.092,60.0,1.0,60.0,64.3,86.0,43.1,0.671,0.671,-0.252,2588.61,45.0,False,0.02
2026-02-28 06:00:00,2026-02-28,6,Saturday,True,Downtown_CBD,Clear,0.093,60.0,1.027,61.62,84.8,81.1,55.0,0.6488,0.6488,0.045,3388.43,46.21,False,0.02
2026-02-28 07:00:00,2026-02-28,7,Saturday,True,Downtown_CBD,Clear,0.106,60.0,1.0,60.0,92.1,92.8,62.1,0.6744,0.6744,-0.007,3727.44,45.0,False,0.02
2026-02-28 08:00:00,2026-02-28,8,Saturday,True,Downtown_CBD,Clear,0.105,60.0,1.0,60.0,89.5,99.3,61.7,0.6898,0.6898,-0.098,3704.47,45.0,False,0.02
2026-02-28 09:00:00,2026-02-28,9,Saturday,True,Downtown_CBD,Clear,0.149,60.0,1.126,67.59,133.1,109.9,81.6,0.6134,0.6134,0.211,5517.27,50.69,False,0.02
2026-02-28 10:00:00,2026-02-28,10,Saturday,True,Downtown_CBD,Clear,0.211,60.0,1.421,85.29,179.4,105.4,80.1,0.4465,0.4465,0.702,6830.8,63.97,False,0.0261
2026-02-28 11:00:00,2026-02-28,11,Saturday,True,Downtown_CBD,Clear,0.255,60.0,1.404,84.25,195.3,116.7,89.1,0.4565,0.4565,0.674,7510.63,63.19,False,0.0252
2026-02-28 12:00:00,2026-02-28,12,Saturday,True,Downtown_CBD,Clear,0.301,60.0,1.546,92.75,247.8,129.8,100.0,0.4033,0.4033,0.91,9270.84,69.56,False,0.0323
2026-02-28 13:00:00,2026-02-28,13,Saturday,True,Downtown_CBD,Clear,0.341,60.0,1.822,109.35,293.1,123.6,104.1,0.3553,0.3553,1.371,11387.38,82.01,False,0.0461
2026-02-28 14:00:00,2026-02-28,14,Saturday,True,Downtown_CBD,Clear,0.385,60.0,1.672,100.33,276.7,130.5,111.8,0.4039,0.4039,1.12,11213.56,75.25,False,0.0386
2026-02-28 15:00:00,2026-02-28,15,Saturday,True,Downtown_CBD,Clear,0.331,60.0,1.636,98.18,276.7,134.3,110.7,0.4,0.4,1.061,10867.09,73.64,False,0.0368
2026-02-28 16:00:00,2026-02-28,16,Saturday,True,Downtown_CBD,Clear,0.277,60.0,1.515,90.89,260.9,140.4,113.6,0.4352,0.4352,0.858,10321.34,68.17,False,0.0307
2026-02-28 17:00:00,2026-02-28,17,Saturday,True,Downtown_CBD,Clear,0.215,60.0,1.27,76.18,201.7,139.2,104.5,0.5179,0.5179,0.449,7958.02,57.14,False,0.02
2026-02-28 18:00:00,2026-02-28,18,Saturday,True,Downtown_CBD,Clear,0.201,60.0,1.322,79.29,191.2,124.5,95.3,0.4987,0.4987,0.536,7558.66,59.47,False,0.0211
2026-02-28 19:00:00,2026-02-28,19,Saturday,True,Downtown_CBD,Clear,0.25,60.0,1.245,74.72,161.3,114.5,85.5,0.5301,0.5301,0.409,6386.96,56.04,False,0.02
2026-02-28 20:00:00,2026-02-28,20,Saturday,True,Downtown_CBD,Clear,0.288,60.0,1.717,103.01,235.7,107.4,88.5,0.3753,0.3753,1.195,9111.96,77.26,False,0.0408
2026-02-28 21:00:00,2026-02-28,21,Saturday,True,Downtown_CBD,Clear,0.328,60.0,2.077,124.64,273.3,97.8,85.4,0.3126,0.3126,1.795,10648.38,93.48,False,0.0589
2026-02-28 22:00:00,2026-02-28,22,Saturday,True,Downtown_CBD,Clear,0.313,60.0,2.388,143.26,287.3,86.7,79.8,0.2776,0.2776,2.313,11426.11,107.44,False,0.0744
2026-02-28 23:00:00,2026-02-28,23,Saturday,True,Downtown_CBD,Clear,0.418,60.0,2.963,177.8,351.6,82.3,81.4,0.2316,0.2316,3.272,14479.25,133.35,False,0.1032
2026-03-01 00:00:00,2026-03-01,0,Sunday,True,Downtown_CBD,Clear,0.072,60.0,1.0,60.0,69.2,80.4,45.5,0.6579,0.6579,-0.139,2731.61,45.0,False,0.02
2026-03-01 01:00:00,2026-03-01,1,Sunday,True,Downtown_CBD,Clear,0.052,60.0,1.0,60.0,58.9,78.5,39.2,0.6661,0.6661,-0.249,2353.28,45.0,False,0.02
2026-03-01 02:00:00,2026-03-01,2,Sunday,True,Downtown_CBD,Clear,0.076,60.0,1.0,60.0,65.9,79.6,44.5,0.6758,0.6758,-0.172,2671.01,45.0,False,0.02
2026-03-01 03:00:00,2026-03-01,3,Sunday,True,Downtown_CBD,Clear,0.059,60.0,1.0,60.0,63.2,85.7,42.3,0.6697,0.6697,-0.262,2539.07,45.0,False,0.02
2026-03-01 04:00:00,2026-03-01,4,Sunday,True,Downtown_CBD,Clear,0.066,60.0,1.0,60.0,59.6,92.6,39.3,0.6602,0.6602,-0.357,2360.25,45.0,False,0.02
2026-03-01 05:00:00,2026-03-01,5,Sunday,True,Downtown_CBD,Clear,0.083,60.0,1.0,60.0,65.3,83.8,42.3,0.6484,0.6484,-0.221,2539.69,45.0,False,0.02
2026-03-01 06:00:00,2026-03-01,6,Sunday,True,Downtown_CBD,Clear,0.118,60.0,1.0,60.0,80.5,86.9,53.9,0.67,0.67,-0.074,3234.72,45.0,False,0.02
2026-03-01 07:00:00,2026-03-01,7,Sunday,True,Downtown_CBD,Clear,0.083,60.0,1.0,60.0,76.4,91.3,52.6,0.6882,0.6882,-0.163,3155.72,45.0,False,0.02
2026-03-01 08:00:00,2026-03-01,8,Sunday,True,Downtown_CBD,Clear,0.102,60.0,1.126,67.55,113.5,93.8,67.4,0.5936,0.5936,0.21,4551.35,50.66,False,0.02
2026-03-01 09:00:00,2026-03-01,9,Sunday,True,Downtown_CBD,Clear,0.169,60.0,1.101,66.08,127.7,109.3,76.5,0.599,0.599,0.169,5054.3,49.56,False,0.02
2026-03-01 10:00:00,2026-03-01,10,Sunday,True,Downtown_CBD,Clear,0.225,60.0,1.341,80.47,171.7,109.5,83.8,0.4878,0.4878,0.569,6741.82,60.35,False,0.0221
2026-03-01 11:00:00,2026-03-01,11,Sunday,True,Downtown_CBD,Clear,0.26,60.0,1.667,100.0,247.3,117.1,94.4,0.3815,0.3815,1.111,9435.06,75.0,False,0.0383
2026-03-01 12:00:00,2026-03-01,12,Sunday,True,Downtown_CBD,Clear,0.276,60.0,1.472,88.34,228.1,127.6,101.8,0.4465,0.4465,0.787,8996.86,66.25,False,0.0286
2026-03-01 13:00:00,2026-03-01,13,Sunday,True,Downtown_CBD,Clear,0.344,60.0,1.749,104.92,297.6,132.4,107.9,0.3625,0.3625,1.248,11319.83,78.69,False,0.0424
2026-03-01 14:00:00,2026-03-01,14,Sunday,True,Downtown_CBD,Clear,0.326,60.0,1.649,98.96,284.9,136.8,115.9,0.4069,0.4069,1.082,11470.33,74.22,False,0.0375
2026-03-01 15:00:00,2026-03-01,15,Sunday,True,Downtown_CBD,Clear,0.308,60.0,1.811,108.65,257.3,109.4,91.5,0.3558,0.3558,1.351,9946.43,81.49,False,0.0455
2026-03-01 16:00:00,2026-03-01,16,Sunday,True,Downtown_CBD,Clear,0.272,60.0,1.402,84.13,237.0,141.9,113.8,0.48,0.48,0.67,9570.47,63.1,False,0.0251
2026-03-01 17:00:00,2026-03-01,17,Sunday,True,Downtown_CBD,Clear,0.184,60.0,1.26,75.61,179.1,124.9,92.6,0.5174,0.5174,0.433,7004.3,56.71,False,0.02
2026-03-01 18:00:00,2026-03-01,18,Sunday,True,Downtown_CBD,Clear,0.194,60.0,1.149,68.91,160.9,128.9,94.2,0.5856,0.5856,0.248,6490.36,51.68,False,0.02
2026-03-01 19:00:00,2026-03-01,19,Sunday,True,Downtown_CBD,Clear,0.245,60.0,1.277,76.6,156.6,107.2,80.2,0.5119,0.5119,0.461,6141.34,57.45,False,0.02
2026-03-01 20:00:00,2026-03-01,20,Sunday,True,Downtown_CBD,Clear,0.24,60.0,1.547,92.84,208.3,108.9,87.8,0.4217,0.4217,0.912,8154.25,69.63,False,0.0324
2026-03-01 21:00:00,2026-03-01,21,Sunday,True,Downtown_CBD,Clear,0.284,60.0,1.805,108.28,260.1,111.1,94.5,0.3635,0.3635,1.341,10237.72,81.21,False,0.0452
2026-03-01 22:00:00,2026-03-01,22,Sunday,True,Downtown_CBD,Clear,0.355,60.0,2.373,142.38,348.1,105.9,97.9,0.2812,0.2812,2.288,13937.09,106.78,False,0.0737
2026-03-01 23:00:00,2026-03-01,23,Sunday,True,Downtown_CBD,Clear,0.381,60.0,2.257,135.42,302.0,97.6,91.3,0.3024,0.3024,2.095,12369.57,101.56,False,0.0678
2026-03-02 00:00:00,2026-03-02,0,Monday,False,Downtown_CBD,Clear,0.068,60.0,1.0,60.0,44.4,73.2,29.8,0.6708,0.6708,-0.394,1785.08,45.0,False,0.02
2026-03-02 01:00:00,2026-03-02,1,Monday,False,Downtown_CBD,Clear,0.051,60.0,1.0,60.0,45.6,76.9,30.9,0.6773,0.6773,-0.407,1853.17,45.0,False,0.02
2026-03-02 02:00:00,2026-03-02,2,Monday,False,Downtown_CBD,Clear,0.071,60.0,1.0,60.0,49.1,70.8,31.6,0.6428,0.6428,-0.306,1893.64,45.0,False,0.02
2026-03-02 03:00:00,2026-03-02,3,Monday,False,Downtown_CBD,Clear,0.101,60.0,1.0,60.0,51.2,83.7,32.8,0.6411,0.6411,-0.389,1969.0,45.0,False,0.02
2026-03-02 04:00:00,2026-03-02,4,Monday,False,Downtown_CBD,Clear,0.124,60.0,1.0,60.0,51.1,96.0,34.4,0.674,0.674,-0.468,2065.41,45.0,False,0.02
2026-03-02 05:00:00,2026-03-02,5,Monday,False,Downtown_CBD,Clear,0.077,60.0,1.0,60.0,69.3,108.0,46.7,0.6747,0.6747,-0.358,2804.03,45.0,False,0.02
2026-03-02 06:00:00,2026-03-02,6,Monday,False,Downtown_CBD,Clear,0.194,60.0,1.106,66.38,130.3,110.7,77.6,0.5961,0.5961,0.177,5154.18,49.78,False,0.02
2026-03-02 07:00:00,2026-03-02,7,Monday,False,Downtown_CBD,Clear,0.249,60.0,1.651,99.03,237.3,113.9,89.6,0.3773,0.3773,1.084,8868.4,74.27,False,0.0375
2026-03-02 08:00:00,2026-03-02,8,Monday,False,Downtown_CBD,Clear,0.378,60.0,1.739,104.34,274.5,123.0,103.8,0.3782,0.3782,1.232,10832.31,78.25,False,0.042
2026-03-02 09:00:00,2026-03-02,9,Monday,False,Downtown_CBD,Clear,0.365,60.0,1.569,94.16,236.8,121.5,102.1,0.4312,0.4312,0.949,9613.8,70.62,False,0.0335
2026-03-02 10:00:00,2026-03-02,10,Monday,False,Downtown_CBD,Clear,0.222,60.0,1.539,92.34,214.2,112.9,94.0,0.4386,0.4386,0.898,8676.45,69.25,False,0.032
2026-03-02 11:00:00,2026-03-02,11,Monday,False,Downtown_CBD,Clear,0.157,60.0,1.042,62.49,141.6,132.4,91.8,0.6486,0.6486,0.069,5739.7,46.87,False,0.02
2026-03-02 12:00:00,2026-03-02,12,Monday,False,Downtown_CBD,Clear,0.111,60.0,1.0,60.0,78.6,120.4,53.9,0.6862,0.6862,-0.347,3236.2,45.0,False,0.02
2026-03-02 13:00:00,2026-03-02,13,Monday,False,Downtown_CBD,Clear,0.046,60.0,1.0,60.0,55.9,123.3,38.0,0.6791,0.6791,-0.547,2278.36,45.0,False,0.02
2026-03-02 14:00:00,2026-03-02,14,Monday,False,Downtown_CBD,Clear,0.089,60.0,1.0,60.0,66.6,134.2,43.9,0.6588,0.6588,-0.504,2631.91,45.0,False,0.02
2026-03-02 15:00:00,2026-03-02,15,Monday,False,Downtown_CBD,Clear,0.111,60.0,1.0,60.0,86.1,129.4,57.6,0.6692,0.6692,-0.335,3455.57,45.0,False,0.02
2026-03-02 16:00:00,2026-03-02,16,Monday,False,Downtown_CBD,Clear,0.227,60.0,1.125,67.48,156.1,129.3,91.0,0.5829,0.5829,0.208,6141.01,50.61,False,0.02
2026-03-02 17:00:00,2026-03-02,17,Monday,False,Downtown_CBD,Clear,0.279,60.0,1.742,104.51,273.9,122.5,102.6,0.3747,0.3747,1.236,10727.61,78.38,False,0.0421
2026-03-02 18:00:00,2026-03-02,18,Monday,False,Downtown_CBD,Clear,0.431,60.0,2.103,126.19,346.9,122.2,107.2,0.309,0.309,1.839,13530.14,94.64,False,0.0602
2026-03-02 19:00:00,2026-03-02,19,Monday,False,Downtown_CBD,Clear,0.41,60.0,1.982,118.89,381.8,144.9,127.4,0.3337,0.3337,1.636,15147.05,89.17,False,0.0541
2026-03-02 20:00:00,2026-03-02,20,Monday,False,Downtown_CBD,Clear,0.341,60.0,1.716,102.95,309.1,140.9,116.7,0.3776,0.3776,1.193,12016.19,77.21,False,0.0408
2026-03-02 21:00:00,2026-03-02,21,Monday,False,Downtown_CBD,Clear,0.262,60.0,1.186,71.15,152.3,116.3,84.2,0.5533,0.5533,0.31,5994.05,53.36,False,0.02
2026-03-02 22:00:00,2026-03-02,22,Monday,False,Downtown_CBD,Clear,0.162,60.0,1.0,60.0,101.2,113.4,68.7,0.679,0.679,-0.108,4124.02,45.0,False,0.02
2026-03-02 23:00:00,2026-03-02,23,Monday,False,Downtown_CBD,Clear,0.117,60.0,1.0,60.0,67.7,102.8,46.5,0.6866,0.6866,-0.342,2787.38,45.0,False,0.02
2026-03-03 00:00:00,2026-03-03,0,Tuesday,False,Downtown_CBD,Clear,0.002,60.0,1.0,60.0,51.2,69.9,33.6,0.6575,0.6575,-0.268,2018.04,45.0,False,0.02
2026-03-03 01:00:00,2026-03-03,1,Tuesday,False,Downtown_CBD,Clear,0.044,60.0,1.0,60.0,45.9,71.2,30.7,0.6699,0.6699,-0.356,1843.75,45.0,False,0.02
2026-03-03 02:00:00,2026-03-03,2,Tuesday,False,Downtown_CBD,Clear,0.073,60.0,1.0,60.0,56.1,77.2,38.0,0.6771,0.6771,-0.273,2279.81,45.0,False,0.02
2026-03-03 03:00:00,2026-03-03,3,Tuesday,False,Downtown_CBD,Clear,0.054,60.0,1.0,60.0,52.6,77.6,36.1,0.686,0.686,-0.323,2164.37,45.0,False,0.02
2026-03-03 04:00:00,2026-03-03,4,Tuesday,False,Downtown_CBD,Clear,0.091,60.0,1.0,60.0,59.7,90.6,40.2,0.6726,0.6726,-0.341,2410.11,45.0,False,0.02
2026-03-03 05:00:00,2026-03-03,5,Tuesday,False,Downtown_CBD,Clear,0.044,60.0,1.0,60.0,76.6,109.2,51.1,0.6673,0.6673,-0.298,3067.89,45.0,False,0.02
2026-03-03 06:00:00,2026-03-03,6,Tuesday,False,Downtown_CBD,Clear,0.137,60.0,1.0,60.0,108.4,112.9,70.7,0.6525,0.6525,-0.04,4242.67,45.0,False,0.02
2026-03-03 07:00:00,2026-03-03,7,Tuesday,False,Downtown_CBD,Clear,0.294,60.0,1.495,89.71,217.6,119.2,94.9,0.4359,0.4359,0.825,8509.11,67.28,False,0.0298
2026-03-03 08:00:00,2026-03-03,8,Tuesday,False,Downtown_CBD,Clear,0.377,60.0,1.895,113.69,317.2,127.3,109.5,0.3454,0.3454,1.492,12452.64,85.27,False,0.0497
2026-03-03 09:00:00,2026-03-03,9,Tuesday,False,Downtown_CBD,Clear,0.36,60.0,1.833,109.97,290.6,121.7,103.6,0.3563,0.3563,1.388,11389.53,82.48,False,0.0466
2026-03-03 10:00:00,2026-03-03,10,Tuesday,False,Downtown_CBD,Clear,0.233,60.0,1.343,80.55,214.6,136.6,104.8,0.4884,0.4884,0.571,8443.39,60.41,False,0.0221
2026-03-03 11:00:00,2026-03-03,11,Tuesday,False,Downtown_CBD,Clear,0.192,60.0,1.062,63.7,115.6,104.8,74.3,0.6429,0.6429,0.103,4732.58,47.78,False,0.02
2026-03-03 12:00:00,2026-03-03,12,Tuesday,False,Downtown_CBD,Clear,0.062,60.0,1.0,60.0,84.1,105.5,56.4,0.6705,0.6705,-0.203,3384.36,45.0,False,0.02
2026-03-03 13:00:00,2026-03-03,13,Tuesday,False,Downtown_CBD,Clear,0.107,60.0,1.0,60.0,61.5,111.0,41.1,0.6693,0.6693,-0.446,2468.92,45.0,False,0.02
2026-03-03 14:00:00,2026-03-03,14,Tuesday,False,Downtown_CBD,Clear,0.014,60.0,1.0,60.0,69.2,120.1,45.8,0.662,0.662,-0.424,2747.6,45.0,False,0.02
2026-03-03 15:00:00,2026-03-03,15,Tuesday,False,Downtown_CBD,Clear,0.114,60.0,1.0,60.0,85.6,137.9,57.4,0.6712,0.6712,-0.38,3446.01,45.0,False,0.02
2026-03-03 16:00:00,2026-03-03,16,Tuesday,False,Downtown_CBD,Clear,0.215,60.0,1.12,67.2,156.2,130.2,90.2,0.5773,0.5773,0.2,6060.21,50.4,False,0.02
2026-03-03 17:00:00,2026-03-03,17,Tuesday,False,Downtown_CBD,Clear,0.296,60.0,1.821,109.25,312.9,132.2,110.2,0.3521,0.3521,1.368,12038.48,81.94,False,0.046
2026-03-03 18:00:00,2026-03-03,18,Tuesday,False,Downtown_CBD,Clear,0.441,60.0,2.269,136.14,364.4,117.0,108.7,0.2982,0.2982,2.115,14795.09,102.1,False,0.0684
2026-03-03 19:00:00,2026-03-03,19,Tuesday,False,Downtown_CBD,Clear,0.408,60.0,1.798,107.88,294.5,126.4,105.4,0.3578,0.3578,1.33,11365.58,80.91,False,0.0449
2026-03-03 20:00:00,2026-03-03,20,Tuesday,False,Downtown_CBD,Clear,0.316,60.0,1.808,108.48,308.1,131.3,110.1,0.3573,0.3573,1.347,11942.21,81.36,False,0.0454
2026-03-03 21:00:00,2026-03-03,21,Tuesday,False,Downtown_CBD,Clear,0.248,60.0,1.227,73.61,173.1,125.6,91.1,0.5259,0.5259,0.378,6702.39,55.21,False,0.02
2026-03-03 22:00:00,2026-03-03,22,Tuesday,False,Downtown_CBD,Clear,0.152,60.0,1.0,60.0,118.9,119.5,75.5,0.6352,0.6352,-0.005,4532.54,45.0,False,0.02
2026-03-03 23:00:00,2026-03-03,23,Tuesday,False,Downtown_CBD,Clear,0.122,60.0,1.0,60.0,57.9,103.8,39.7,0.6845,0.6845,-0.442,2379.85,45.0,False,0.02
2026-03-04 00:00:00,2026-03-04,0,Wednesday,False,Downtown_CBD,Clear,0.046,60.0,1.0,60.0,49.3,67.7,33.0,0.6704,0.6704,-0.272,1982.28,45.0,False,0.02
2026-03-04 01:00:00,2026-03-04,1,Wednesday,False,Downtown_CBD,Clear,0.122,60.0,1.0,60.0,50.7,78.5,33.6,0.663,0.663,-0.354,2017.9,45.0,False,0.02
2026-03-04 02:00:00,2026-03-04,2,Wednesday,False,Downtown_CBD,Clear,0.07,60.0,1.0,60.0,51.8,78.1,36.4,0.7028,0.7028,-0.337,2182.99,45.0,False,0.02
2026-03-04 03:00:00,2026-03-04,3,Wednesday,False,Downtown_CBD,Clear,0.082,60.0,1.0,60.0,56.7,76.6,37.8,0.6666,0.6666,-0.26,2269.19,45.0,False,0.02
2026-03-04 04:00:00,2026-03-04,4,Wednesday,False,Downtown_CBD,Clear,0.081,60.0,1.0,60.0,59.4,84.9,39.6,0.6661,0.6661,-0.3,2375.17,45.0,False,0.02
2026-03-04 05:00:00,2026-03-04,5,Wednesday,False,Downtown_CBD,Clear,0.113,60.0,1.0,60.0,93.5,102.0,61.0,0.6525,0.6525,-0.084,3659.15,45.0,False,0.02
2026-03-04 06:00:00,2026-03-04,6,Wednesday,False,Downtown_CBD,Clear,0.124,60.0,1.116,66.98,132.2,110.8,79.5,0.6013,0.6013,0.194,5326.45,50.23,False,0.02
2026-03-04 07:00:00,2026-03-04,7,Wednesday,False,Downtown_CBD,Clear,0.259,60.0,1.545,92.68,231.7,121.4,100.7,0.4346,0.4346,0.908,9332.34,69.51,False,0.0322
2026-03-04 08:00:00,2026-03-04,8,Wednesday,False,Downtown_CBD,Clear,0.34,60.0,1.929,115.72,324.5,127.4,110.5,0.3405,0.3405,1.548,12785.82,86.79,False,0.0514
2026-03-04 09:00:00,2026-03-04,9,Wednesday,False,Downtown_CBD,Clear,0.385,60.0,1.52,91.23,238.2,127.6,102.7,0.4313,0.4313,0.867,9372.28,68.42,False,0.031
2026-03-04 10:00:00,2026-03-04,10,Wednesday,False,Downtown_CBD,Clear,0.23,60.0,1.448,86.9,211.2,120.9,93.6,0.4431,0.4431,0.747,8133.63,65.18,False,0.0274
2026-03-04 11:00:00,2026-03-04,11,Wednesday,False,Downtown_CBD,Clear,0.143,60.0,1.13,67.79,146.7,120.5,85.1,0.5806,0.5806,0.217,5771.81,50.84,False,0.02
2026-03-04 12:00:00,2026-03-04,12,Wednesday,False,Downtown_CBD,Clear,0.037,60.0,1.0,60.0,64.5,113.0,43.2,0.6691,0.6691,-0.429,2589.78,45.0,False,0.02
2026-03-04 13:00:00,2026-03-04,13,Wednesday,False,Downtown_CBD,Clear,0.052,60.0,1.0,60.0,50.9,118.9,34.2,0.6722,0.6722,-0.572,2051.8,45.0,False,0.02
2026-03-04 14:00:00,2026-03-04,14,Wednesday,False,Downtown_CBD,Clear,0.12,60.0,1.0,60.0,66.2,115.9,44.1,0.6662,0.6662,-0.429,2646.36,45.0,False,0.02
2026-03-04 15:00:00,2026-03-04,15,Wednesday,False,Downtown_CBD,Clear,0.132,60.0,1.0,60.0,87.0,125.2,59.0,0.678,0.678,-0.305,3539.62,45.0,False,0.02
2026-03-04 16:00:00,2026-03-04,16,Wednesday,False,Downtown_CBD,Clear,0.219,60.0,1.146,68.73,167.6,134.9,91.9,0.5481,0.5481,0.243,6312.97,51.55,False,0.02
2026-03-04 17:00:00,2026-03-04,17,Wednesday,False,Downtown_CBD,Clear,0.327,60.0,1.55,92.98,258.4,134.8,105.9,0.4099,0.4099,0.916,9846.99,69.73,False,0.0325
2026-03-04 18:00:00,2026-03-04,18,Wednesday,False,Downtown_CBD,Clear,0.396,60.0,2.112,126.73,370.6,129.9,117.7,0.3176,0.3176,1.854,14913.26,95.05,False,0.0606
2026-03-04 19:00:00,2026-03-04,19,Wednesday,False,Downtown_CBD,Clear,0.43,60.0,1.94,116.38,335.4,130.7,113.5,0.3385,0.3385,1.566,13214.4,87.28,False,0.052
2026-03-04 20:00:00,2026-03-04,20,Wednesday,False,Downtown_CBD,Clear,0.318,60.0,1.735,104.09,274.3,123.3,102.4,0.3733,0.3733,1.225,10656.17,78.07,False,0.0417
2026-03-04 21:00:00,2026-03-04,21,Wednesday,False,Downtown_CBD,Clear,0.151,60.0,1.198,71.87,176.8,133.0,96.6,0.5466,0.5466,0.33,6945.33,53.9,False,0.02
2026-03-04 22:00:00,2026-03-04,22,Wednesday,False,Downtown_CBD,Clear,0.119,60.0,1.0,60.0,99.6,116.8,65.9,0.662,0.662,-0.147,3954.49,45.0,False,0.02
2026-03-04 23:00:00,2026-03-04,23,Wednesday,False,Downtown_CBD,Clear,0.089,60.0,1.0,60.0,64.2,106.9,43.8,0.6821,0.6821,-0.4,2626.03,45.0,False,0.02
2026-03-05 00:00:00,2026-03-05,0,Thursday,False,Downtown_CBD,Rain,0.186,60.0,1.0,60.0,58.7,75.6,38.1,0.6498,0.6498,-0.224,2287.76,45.0,False,0.02
2026-03-05 01:00:00,2026-03-05,1,Thursday,False,Downtown_CBD,Rain,0.182,60.0,1.0,60.0,52.3,78.4,33.1,0.6325,0.6325,-0.333,1984.31,45.0,False,0.02
2026-03-05 02:00:00,2026-03-05,2,Thursday,False,Downtown_CBD,Rain,0.215,60.0,1.0,60.0,51.8,88.9,33.3,0.6434,0.6434,-0.418,1999.22,45.0,False,0.02
2026-03-05 03:00:00,2026-03-05,3,Thursday,False,Downtown_CBD,Rain,0.198,60.0,1.0,60.0,59.1,75.5,38.4,0.6501,0.6501,-0.217,2305.45,45.0,False,0.02
2026-03-05 04:00:00,2026-03-05,4,Thursday,False,Downtown_CBD,Rain,0.191,60.0,1.0,60.0,55.3,94.3,35.1,0.6351,0.6351,-0.414,2106.13,45.0,False,0.02
2026-03-05 05:00:00,2026-03-05,5,Thursday,False,Downtown_CBD,Rain,0.221,60.0,1.0,60.0,68.0,91.7,42.1,0.62,0.62,-0.259,2528.22,45.0,False,0.02
2026-03-05 06:00:00,2026-03-05,6,Thursday,False,Downtown_CBD,Rain,0.26,60.0,1.181,70.86,158.6,121.9,82.9,0.5224,0.5224,0.302,5871.43,53.14,False,0.02
2026-03-05 07:00:00,2026-03-05,7,Thursday,False,Downtown_CBD,Rain,0.403,60.0,1.886,113.14,277.4,112.0,91.2,0.3286,0.3286,1.476,10314.89,84.86,False,0.0493
2026-03-05 08:00:00,2026-03-05,8,Thursday,False,Downtown_CBD,Rain,0.412,60.0,1.997,119.85,320.8,120.5,101.5,0.3163,0.3163,1.662,12161.6,89.89,False,0.0549
2026-03-05 09:00:00,2026-03-05,9,Thursday,False,Downtown_CBD,Rain,0.468,60.0,2.456,147.34,388.3,113.3,103.2,0.2658,0.2658,2.426,15205.25,110.5,False,0.0778
2026-03-05 10:00:00,2026-03-05,10,Thursday,False,Downtown_CBD,Rain,0.4,60.0,1.55,93.02,241.8,126.1,95.1,0.3932,0.3932,0.917,8844.86,69.77,False,0.0325
2026-03-05 11:00:00,2026-03-05,11,Thursday,False,Downtown_CBD,Rain,0.265,60.0,1.084,65.06,131.1,115.0,76.4,0.5829,0.5829,0.141,4971.83,48.8,False,0.02
2026-03-05 12:00:00,2026-03-05,12,Thursday,False,Downtown_CBD,Rain,0.297,60.0,1.0,60.0,66.8,125.2,43.2,0.6463,0.6463,-0.466,2590.86,45.0,False,0.02
2026-03-05 13:00:00,2026-03-05,13,Thursday,False,Downtown_CBD,Rain,0.213,60.0,1.0,60.0,63.7,115.4,40.1,0.6293,0.6293,-0.448,2405.17,45.0,False,0.02
2026-03-05 14:00:00,2026-03-05,14,Thursday,False,Downtown_CBD,Rain,0.225,60.0,1.0,60.0,67.5,119.7,44.8,0.6629,0.6629,-0.436,2685.5,45.0,False,0.02
2026-03-05 15:00:00,2026-03-05,15,Thursday,False,Downtown_CBD,Rain,0.303,60.0,1.0,60.0,102.6,128.6,64.2,0.6259,0.6259,-0.202,3852.96,45.0,False,0.02
2026-03-05 16:00:00,2026-03-05,16,Thursday,False,Downtown_CBD,Rain,0.353,60.0,1.446,86.76,201.1,115.4,86.3,0.4291,0.4291,0.743,7488.08,65.07,False,0.0273
2026-03-05 17:00:00,2026-03-05,17,Thursday,False,Downtown_CBD,Rain,0.522,60.0,1.477,88.65,269.8,150.3,108.6,0.4025,0.4025,0.796,9628.16,66.49,False,0.0289
2026-03-05 18:00:00,2026-03-05,18,Thursday,False,Downtown_CBD,Rain,0.543,60.0,2.165,129.91,393.5,133.8,113.6,0.2888,0.2888,1.942,14763.09,97.43,False,0.0633
2026-03-05 19:00:00,2026-03-05,19,Thursday,False,Downtown_CBD,Rain,0.568,60.0,2.338,140.3,429.5,133.0,113.1,0.2632,0.2632,2.231,15861.63,105.23,False,0.0719
2026-03-05 20:00:00,2026-03-05,20,Thursday,False,Downtown_CBD,Rain,0.441,60.0,1.603,96.16,271.3,135.4,104.8,0.3862,0.3862,1.004,10077.4,72.12,False,0.0351
2026-03-05 21:00:00,2026-03-05,21,Thursday,False,Downtown_CBD,Rain,0.353,60.0,1.196,71.77,173.3,130.6,90.0,0.5196,0.5196,0.327,6461.11,53.83,False,0.02
2026-03-05 22:00:00,2026-03-05,22,Thursday,False,Downtown_CBD,Rain,0.216,60.0,1.0,60.0,93.3,108.3,60.1,0.6438,0.6438,-0.138,3605.43,45.0,False,0.02
2026-03-05 23:00:00,2026-03-05,23,Thursday,False,Downtown_CBD,Rain,0.198,60.0,1.0,60.0,72.7,105.4,46.0,0.6331,0.6331,-0.311,2760.08,45.0,False,0.02
2026-03-06 00:00:00,2026-03-06,0,Friday,False,Downtown_CBD,Clear,0.039,60.0,1.0,60.0,49.2,69.8,32.3,0.6577,0.6577,-0.296,1940.0,45.0,False,0.02
2026-03-06 01:00:00,2026-03-06,1,Friday,False,Downtown_CBD,Clear,0.061,60.0,1.0,60.0,45.9,68.9,31.0,0.6751,0.6751,-0.335,1857.46,45.0,False,0.02
2026-03-06 02:00:00,2026-03-06,2,Friday,False,Downtown_CBD,Clear,0.042,60.0,1.0,60.0,46.8,80.9,30.5,0.6504,0.6504,-0.421,1827.48,45.0,False,0.02
2026-03-06 03:00:00,2026-03-06,3,Friday,False,Downtown_CBD,Clear,0.017,60.0,1.0,60.0,47.7,94.8,32.8,0.6876,0.6876,-0.497,1967.08,45.0,False,0.02
2026-03-06 04:00:00,2026-03-06,4,Friday,False,Downtown_CBD,Clear,0.009,60.0,1.0,60.0,54.8,88.2,36.3,0.663,0.663,-0.379,2178.98,45.0,False,0.02
2026-03-06 05:00:00,2026-03-06,5,Friday,False,Downtown_CBD,Clear,0.113,60.0,1.0,60.0,62.0,100.0,41.0,0.6625,0.6625,-0.38,2462.81,45.0,False,0.02
2026-03-06 06:00:00,2026-03-06,6,Friday,False,Downtown_CBD,Clear,0.118,60.0,1.128,67.67,129.2,106.5,74.7,0.5787,0.5787,0.213,5057.52,50.75,False,0.02
2026-03-06 07:00:00,2026-03-06,7,Friday,False,Downtown_CBD,Clear,0.239,60.0,1.567,94.04,220.5,113.3,93.3,0.4231,0.4231,0.946,8774.27,70.53,False,0.0334
2026-03-06 08:00:00,2026-03-06,8,Friday,False,Downtown_CBD,Clear,0.348,60.0,2.019,121.12,305.9,113.4,98.6,0.3224,0.3224,1.698,11943.24,90.84,False,0.0559
2026-03-06 09:00:00,2026-03-06,9,Friday,False,Downtown_CBD,Clear,0.372,60.0,1.835,110.13,290.1,121.3,106.3,0.3665,0.3665,1.392,11709.29,82.6,False,0.0468
2026-03-06 10:00:00,2026-03-06,10,Friday,False,Downtown_CBD,Clear,0.2,60.0,1.285,77.13,192.2,130.2,99.6,0.5182,0.5182,0.476,7681.47,57.85,False,0.02
2026-03-06 11:00:00,2026-03-06,11,Friday,False,Downtown_CBD,Clear,0.174,60.0,1.02,61.2,125.6,121.5,83.5,0.6652,0.6652,0.033,5113.06,45.9,False,0.02
2026-03-06 12:00:00,2026-03-06,12,Friday,False,Downtown_CBD,Clear,0.068,60.0,1.0,60.0,72.8,136.3,49.6,0.6813,0.6813,-0.466,2973.97,45.0,False,0.02
2026-03-06 13:00:00,2026-03-06,13,Friday,False,Downtown_CBD,Clear,0.076,60.0,1.0,60.0,57.6,127.3,38.7,0.6721,0.6721,-0.547,2323.3,45.0,False,0.02
2026-03-06 14:00:00,2026-03-06,14,Friday,False,Downtown_CBD,Clear,0.088,60.0,1.0,60.0,63.5,119.2,43.1,0.679,0.679,-0.467,2587.95,45.0,False,0.02
2026-03-06 15:00:00,2026-03-06,15,Friday,False,Downtown_CBD,Clear,0.09,60.0,1.0,60.0,98.7,143.0,64.9,0.6576,0.6576,-0.31,3894.89,45.0,False,0.02
2026-03-06 16:00:00,2026-03-06,16,Friday,False,Downtown_CBD,Clear,0.179,60.0,1.293,77.55,183.9,123.6,91.3,0.4964,0.4964,0.488,7079.12,58.16,False,0.02
2026-03-06 17:00:00,2026-03-06,17,Friday,False,Downtown_CBD,Clear,0.322,60.0,1.41,84.59,241.8,143.7,109.2,0.4514,0.4514,0.683,9234.69,63.44,False,0.0255
2026-03-06 18:00:00,2026-03-06,18,Friday,False,Downtown_CBD,Clear,0.41,60.0,1.654,99.26,315.2,150.8,122.7,0.3893,0.3893,1.091,12182.28,74.45,False,0.0377
2026-03-06 19:00:00,2026-03-06,19,Friday,False,Downtown_CBD,Clear,0.448,60.0,2.148,128.86,372.1,127.7,114.7,0.3083,0.3083,1.913,14782.59,96.65,False,0.0624
2026-03-06 20:00:00,2026-03-06,20,Friday,False,Downtown_CBD,Clear,0.294,60.0,1.939,116.32,321.2,125.2,107.0,0.3333,0.3333,1.564,12450.54,87.24,False,0.0519
2026-03-06 21:00:00,2026-03-06,21,Friday,False,Downtown_CBD,Clear,0.178,60.0,1.181,70.84,158.4,121.8,87.8,0.5542,0.5542,0.301,6219.28,53.13,False,0.02
2026-03-06 22:00:00,2026-03-06,22,Friday,False,Downtown_CBD,Clear,0.089,60.0,1.0,60.0,94.6,123.0,62.6,0.6617,0.6617,-0.231,3754.21,45.0,False,0.02
2026-03-06 23:00:00,2026-03-06,23,Friday,False,Downtown_CBD,Clear,0.041,60.0,1.0,60.0,56.7,114.5,37.6,0.6625,0.6625,-0.505,2253.31,45.0,False,0.02
2026-03-07 00:00:00,2026-03-07,0,Saturday,True,Downtown_CBD,Clear,0.05,60.0,1.0,60.0,58.5,79.8,40.5,0.6919,0.6919,-0.266,2430.5,45.0,False,0.02
2026-03-07 01:00:00,2026-03-07,1,Saturday,True,Downtown_CBD,Clear,0.114,60.0,1.0,60.0,66.4,76.1,45.2,0.6797,0.6797,-0.127,2709.07,45.0,False,0.02
2026-03-07 02:00:00,2026-03-07,2,Saturday,True,Downtown_CBD,Clear,0.087,60.0,1.0,60.0,64.5,79.5,43.8,0.6791,0.6791,-0.189,2626.96,45.0,False,0.02
2026-03-07 03:00:00,2026-03-07,3,Saturday,True,Downtown_CBD,Clear,0.07,60.0,1.0,60.0,56.3,76.5,37.1,0.6587,0.6587,-0.263,2226.93,45.0,False,0.02
2026-03-07 04:00:00,2026-03-07,4,Saturday,True,Downtown_CBD,Clear,0.082,60.0,1.0,60.0,70.3,78.6,46.1,0.655,0.655,-0.105,2764.25,45.0,False,0.02
2026-03-07 05:00:00,2026-03-07,5,Saturday,True,Downtown_CBD,Clear,0.157,60.0,1.0,60.0,71.2,83.1,47.4,0.6661,0.6661,-0.143,2846.5,45.0,False,0.02
2026-03-07 06:00:00,2026-03-07,6,Saturday,True,Downtown_CBD,Clear,0.074,60.0,1.0,60.0,75.9,82.9,50.1,0.6599,0.6599,-0.084,3006.3,45.0,False,0.02
2026-03-07 07:00:00,2026-03-07,7,Saturday,True,Downtown_CBD,Clear,0.122,60.0,1.016,60.94,84.3,82.2,54.7,0.649,0.649,0.026,3335.04,45.7,False,0.02
2026-03-07 08:00:00,2026-03-07,8,Saturday,True,Downtown_CBD,Clear,0.117,60.0,1.094,65.65,120.2,103.9,69.9,0.5813,0.5813,0.157,4588.34,49.24,False,0.02
2026-03-07 09:00:00,2026-03-07,9,Saturday,True,Downtown_CBD,Clear,0.125,60.0,1.3,77.99,155.5,103.7,78.9,0.5072,0.5072,0.5,6153.04,58.49,False,0.02
2026-03-07 10:00:00,2026-03-07,10,Saturday,True,Downtown_CBD,Clear,0.209,60.0,1.425,85.49,192.0,112.4,88.6,0.4616,0.4616,0.708,7577.89,64.12,False,0.0262
2026-03-07 11:00:00,2026-03-07,11,Saturday,True,Downtown_CBD,Clear,0.25,60.0,1.246,74.77,171.2,121.4,90.2,0.527,0.527,0.41,6745.24,56.08,False,0.02
2026-03-07 12:00:00,2026-03-07,12,Saturday,True,Downtown_CBD,Clear,0.293,60.0,1.601,96.07,253.0,126.4,104.4,0.4128,0.4128,1.002,10033.4,72.05,False,0.0351
2026-03-07 13:00:00,2026-03-07,13,Saturday,True,Downtown_CBD,Clear,0.336,60.0,1.664,99.87,272.5,129.3,104.7,0.3843,0.3843,1.107,10456.72,74.9,False,0.0382
2026-03-07 14:00:00,2026-03-07,14,Saturday,True,Downtown_CBD,Clear,0.307,60.0,1.503,90.19,238.2,129.5,105.8,0.4443,0.4443,0.839,9544.17,67.64,False,0.0302
2026-03-07 15:00:00,2026-03-07,15,Saturday,True,Downtown_CBD,Clear,0.382,60.0,1.686,101.15,269.9,125.9,103.6,0.384,0.384,1.143,10483.4,75.86,False,0.0393
2026-03-07 16:00:00,2026-03-07,16,Saturday,True,Downtown_CBD,Clear,0.251,60.0,1.446,86.74,242.2,139.0,106.1,0.438,0.438,0.743,9200.75,65.05,False,0.0273
2026-03-07 17:00:00,2026-03-07,17,Saturday,True,Downtown_CBD,Clear,0.241,60.0,1.227,73.61,204.6,148.5,109.1,0.5331,0.5331,0.378,8029.68,55.21,False,0.02
2026-03-07 18:00:00,2026-03-07,18,Saturday,True,Downtown_CBD,Clear,0.178,60.0,1.226,73.54,164.9,119.9,86.1,0.522,0.522,0.376,6332.43,55.16,False,0.02
2026-03-07 19:00:00,2026-03-07,19,Saturday,True,Downtown_CBD,Clear,0.247,60.0,1.376,82.56,175.9,108.1,80.6,0.4584,0.4584,0.627,6657.37,61.92,False,0.0238
2026-03-07 20:00:00,2026-03-07,20,Saturday,True,Downtown_CBD,Clear,0.277,60.0,1.494,89.61,212.3,116.5,90.2,0.4251,0.4251,0.823,8085.41,67.21,False,0.0297
2026-03-07 21:00:00,2026-03-07,21,Saturday,True,Downtown_CBD,Clear,0.353,60.0,1.999,119.95,287.2,107.8,97.1,0.3382,0.3382,1.665,11651.33,89.96,False,0.055
2026-03-07 22:00:00,2026-03-07,22,Saturday,True,Downtown_CBD,Clear,0.341,60.0,2.079,124.74,285.6,102.1,89.8,0.3144,0.3144,1.798,11198.56,93.55,False,0.059
2026-03-07 23:00:00,2026-03-07,23,Saturday,True,Downtown_CBD,Clear,0.401,60.0,2.399,143.97,308.6,92.6,86.2,0.2795,0.2795,2.332,12416.99,107.98,False,0.075
2026-03-08 00:00:00,2026-03-08,0,Sunday,True,Downtown_CBD,Clear,0.089,60.0,1.0,60.0,62.9,75.7,42.7,0.6794,0.6794,-0.17,2562.65,45.0,False,0.02
2026-03-08 01:00:00,2026-03-08,1,Sunday,True,Downtown_CBD,Clear,0.061,60.0,1.0,60.0,54.4,77.9,37.1,0.681,0.681,-0.301,2223.86,45.0,False,0.02
2026-03-08 02:00:00,2026-03-08,2,Sunday,True,Downtown_CBD,Clear,0.104,60.0,1.0,60.0,66.8,84.1,45.9,0.6874,0.6874,-0.206,2756.61,45.0,False,0.02
2026-03-08 03:00:00,2026-03-08,3,Sunday,True,Downtown_CBD,Clear,0.036,60.0,1.0,60.0,66.9,83.8,46.9,0.7008,0.7008,-0.202,2811.56,45.0,False,0.02
2026-03-08 04:00:00,2026-03-08,4,Sunday,True,Downtown_CBD,Clear,0.095,60.0,1.0,60.0,65.7,75.1,43.9,0.6681,0.6681,-0.125,2632.44,45.0,False,0.02
2026-03-08 05:00:00,2026-03-08,5,Sunday,True,Downtown_CBD,Clear,0.081,60.0,1.0,60.0,69.6,84.0,45.5,0.6541,0.6541,-0.171,2730.7,45.0,False,0.02
2026-03-08 06:00:00,2026-03-08,6,Sunday,True,Downtown_CBD,Clear,0.123,60.0,1.0,60.0,83.7,91.7,57.0,0.6813,0.6813,-0.087,3422.88,45.0,False,0.02
2026-03-08 07:00:00,2026-03-08,7,Sunday,True,Downtown_CBD,Clear,0.116,60.0,1.0,60.0,84.4,88.0,55.7,0.6603,0.6603,-0.04,3343.82,45.0,False,0.02
2026-03-08 08:00:00,2026-03-08,8,Sunday,True,Downtown_CBD,Clear,0.125,60.0,1.047,62.82,101.7,94.3,65.0,0.6393,0.6393,0.078,4084.89,47.12,False,0.02
2026-03-08 09:00:00,2026-03-08,9,Sunday,True,Downtown_CBD,Clear,0.123,60.0,1.321,79.24,146.1,95.2,75.2,0.5146,0.5146,0.534,5956.43,59.43,False,0.021
2026-03-08 10:00:00,2026-03-08,10,Sunday,True,Downtown_CBD,Clear,0.232,60.0,1.293,77.57,186.4,125.3,92.2,0.4947,0.4947,0.488,7154.49,58.18,False,0.02
2026-03-08 11:00:00,2026-03-08,11,Sunday,True,Downtown_CBD,Clear,0.253,60.0,1.651,99.06,243.2,116.7,96.0,0.3946,0.3946,1.085,9507.67,74.3,False,0.0375
2026-03-08 12:00:00,2026-03-08,12,Sunday,True,Downtown_CBD,Clear,0.294,60.0,1.763,105.79,266.3,117.2,101.6,0.3816,0.3816,1.272,10752.59,79.34,False,0.0432
2026-03-08 13:00:00,2026-03-08,13,Sunday,True,Downtown_CBD,Clear,0.304,60.0,1.552,93.14,245.3,127.7,108.1,0.4408,0.4408,0.921,10071.94,69.86,False,0.0326
2026-03-08 14:00:00,2026-03-08,14,Sunday,True,Downtown_CBD,Clear,0.351,60.0,1.901,114.05,300.6,120.2,105.8,0.3519,0.3519,1.502,12062.65,85.54,False,0.05
2026-03-08 15:00:00,2026-03-08,15,Sunday,True,Downtown_CBD,Clear,0.312,60.0,1.759,105.52,285.4,126.0,103.3,0.362,0.362,1.265,10901.7,79.14,False,0.0429
2026-03-08 16:00:00,2026-03-08,16,Sunday,True,Downtown_CBD,Clear,0.258,60.0,1.489,89.33,245.8,135.5,111.7,0.4544,0.4544,0.815,9978.79,67.0,False,0.0294
2026-03-08 17:00:00,2026-03-08,17,Sunday,True,Downtown_CBD,Clear,0.206,60.0,1.333,79.98,193.5,124.4,97.1,0.5021,0.5021,0.555,7769.69,59.98,False,0.0217
2026-03-08 18:00:00,2026-03-08,18,Sunday,True,Downtown_CBD,Clear,0.183,60.0,1.275,76.48,185.6,127.3,96.3,0.5191,0.5191,0.458,7368.62,57.36,False,0.02
2026-03-08 19:00:00,2026-03-08,19,Sunday,True,Downtown_CBD,Clear,0.22,60.0,1.326,79.57,172.9,112.0,83.9,0.4851,0.4851,0.544,6674.51,59.68,False,0.0213
2026-03-08 20:00:00,2026-03-08,20,Sunday,True,Downtown_CBD,Clear,0.221,60.0,1.514,90.81,212.8,114.7,90.8,0.4268,0.4268,0.856,8247.14,68.11,False,0.0307
2026-03-08 21:00:00,2026-03-08,21,Sunday,True,Downtown_CBD,Clear,0.338,60.0,1.864,111.87,273.7,112.1,93.6,0.342,0.342,1.441,10471.74,83.9,False,0.0482
2026-03-08 22:00:00,2026-03-08,22,Sunday,True,Downtown_CBD,Clear,0.356,60.0,2.067,124.0,268.6,96.7,87.3,0.3249,0.3249,1.778,10821.96,93.0,False,0.0583
2026-03-08 23:00:00,2026-03-08,23,Sunday,True,Downtown_CBD,Clear,0.344,60.0,2.59,155.4,312.2,85.5,81.3,0.2605,0.2605,2.65,12638.33,116.55,False,0.0845
2026-03-09 00:00:00,2026-03-09,0,Monday,False,Downtown_CBD,Clear,0.143,60.0,1.0,60.0,47.1,68.3,32.8,0.6968,0.6968,-0.311,1967.33,45.0,False,0.02
2026-03-09 01:00:00,2026-03-09,1,Monday,False,Downtown_CBD,Clear,0.022,60.0,1.0,60.0,49.8,65.2,32.8,0.6571,0.6571,-0.235,1965.01,45.0,False,0.02
2026-03-09 02:00:00,2026-03-09,2,Monday,False,Downtown_CBD,Clear,0.058,60.0,1.0,60.0,50.8,76.7,35.0,0.6885,0.6885,-0.337,2099.12,45.0,False,0.02
2026-03-09 03:00:00,2026-03-09,3,Monday,False,Downtown_CBD,Clear,0.022,60.0,1.0,60.0,56.5,79.8,39.5,0.6996,0.6996,-0.293,2371.07,45.0,False,0.02
2026-03-09 04:00:00,2026-03-09,4,Monday,False,Downtown_CBD,Clear,0.095,60.0,1.0,60.0,40.8,90.2,27.6,0.6768,0.6768,-0.548,1654.88,45.0,False,0.02
2026-03-09 05:00:00,2026-03-09,5,Monday,False,Downtown_CBD,Clear,0.078,60.0,1.0,60.0,58.4,102.0,39.4,0.674,0.674,-0.427,2363.03,45.0,False,0.02
2026-03-09 06:00:00,2026-03-09,6,Monday,False,Downtown_CBD,Clear,0.138,60.0,1.148,68.91,132.8,106.4,75.9,0.5713,0.5713,0.247,5228.12,51.68,False,0.02
2026-03-09 07:00:00,2026-03-09,7,Monday,False,Downtown_CBD,Clear,0.213,60.0,1.387,83.19,188.1,114.4,88.5,0.4704,0.4704,0.644,7362.08,62.39,False,0.0243
2026-03-09 08:00:00,2026-03-09,8,Monday,False,Downtown_CBD,Clear,0.416,60.0,1.9,113.99,306.2,122.5,108.0,0.3525,0.3525,1.5,12305.41,85.49,False,0.05
2026-03-09 09:00:00,2026-03-09,9,Monday,False,Downtown_CBD,Clear,0.373,60.0,2.141,128.45,320.1,110.3,96.7,0.302,0.302,1.901,12418.96,96.34,False,0.062
2026-03-09 10:00:00,2026-03-09,10,Monday,False,Downtown_CBD,Clear,0.28,60.0,1.428,85.65,220.8,128.9,98.8,0.4476,0.4476,0.713,8463.01,64.24,False,0.0264
2026-03-09 11:00:00,2026-03-09,11,Monday,False,Downtown_CBD,Clear,0.163,60.0,1.0,60.0,108.4,126.0,71.8,0.6625,0.6625,-0.14,4307.64,45.0,False,0.02
2026-03-09 12:00:00,2026-03-09,12,Monday,False,Downtown_CBD,Clear,0.095,60.0,1.0,60.0,64.1,116.9,41.5,0.6471,0.6471,-0.452,2487.69,45.0,False,0.02
2026-03-09 13:00:00,2026-03-09,13,Monday,False,Downtown_CBD,Clear,0.085,60.0,1.0,60.0,59.1,125.2,39.1,0.661,0.661,-0.528,2345.19,45.0,False,0.02
2026-03-09 14:00:00,2026-03-09,14,Monday,False,Downtown_CBD,Clear,0.063,60.0,1.0,60.0,57.1,115.2,39.2,0.6868,0.6868,-0.504,2353.7,45.0,False,0.02
2026-03-09 15:00:00,2026-03-09,15,Monday,False,Downtown_CBD,Clear,0.076,60.0,1.0,60.0,96.7,113.3,64.7,0.6692,0.6692,-0.146,3883.11,45.0,False,0.02
2026-03-09 16:00:00,2026-03-09,16,Monday,False,Downtown_CBD,Clear,0.191,60.0,1.216,72.93,169.1,124.4,89.2,0.5276,0.5276,0.359,6507.53,54.7,False,0.02
2026-03-09 17:00:00,2026-03-09,17,Monday,False,Downtown_CBD,Clear,0.331,60.0,1.735,104.11,288.9,129.8,106.9,0.37,0.37,1.225,11130.07,78.08,False,0.0418
2026-03-09 18:00:00,2026-03-09,18,Monday,False,Downtown_CBD,Clear,0.406,60.0,1.974,118.44,380.3,145.0,125.3,0.3296,0.3296,1.623,14843.14,88.83,False,0.0537
2026-03-09 19:00:00,2026-03-09,19,Monday,False,Downtown_CBD,Clear,0.438,60.0,2.016,120.95,349.8,129.9,116.1,0.3318,0.3318,1.693,14036.43,90.71,False,0.0558
2026-03-09 20:00:00,2026-03-09,20,Monday,False,Downtown_CBD,Clear,0.28,60.0,1.774,106.43,286.6,125.2,105.4,0.3678,0.3678,1.29,11219.1,79.82,False,0.0437
2026-03-09 21:00:00,2026-03-09,21,Monday,False,Downtown_CBD,Clear,0.207,60.0,1.228,73.66,178.8,129.6,94.5,0.5285,0.5285,0.379,6961.45,55.24,False,0.02
2026-03-09 22:00:00,2026-03-09,22,Monday,False,Downtown_CBD,Clear,0.129,60.0,1.0,60.0,88.2,110.6,59.4,0.6737,0.6737,-0.202,3566.02,45.0,False,0.02
2026-03-09 23:00:00,2026-03-09,23,Monday,False,Downtown_CBD,Clear,0.1,60.0,1.0,60.0,54.1,99.5,35.6,0.6582,0.6582,-0.456,2136.13,45.0,False,0.02
2026-03-10 00:00:00,2026-03-10,0,Tuesday,False,Downtown_CBD,Clear,0.12,60.0,1.0,60.0,49.9,67.7,33.1,0.663,0.663,-0.262,1985.73,45.0,False,0.02
2026-03-10 01:00:00,2026-03-10,1,Tuesday,False,Downtown_CBD,Clear,0.041,60.0,1.0,60.0,54.6,68.8,36.4,0.6666,0.6666,-0.206,2185.09,45.0,False,0.02
2026-03-10 02:00:00,2026-03-10,2,Tuesday,False,Downtown_CBD,Clear,0.04,60.0,1.0,60.0,49.4,80.7,33.6,0.6803,0.6803,-0.389,2015.23,45.0,False,0.02
2026-03-10 03:00:00,2026-03-10,3,Tuesday,False,Downtown_CBD,Clear,0.105,60.0,1.0,60.0,47.5,77.2,32.4,0.6819,0.6819,-0.384,1945.0,45.0,False,0.02
2026-03-10 04:00:00,2026-03-10,4,Tuesday,False,Downtown_CBD,Clear,0.061,60.0,1.0,60.0,47.8,90.9,31.8,0.6656,0.6656,-0.474,1910.05,45.0,False,0.02
2026-03-10 05:00:00,2026-03-10,5,Tuesday,False,Downtown_CBD,Clear,0.076,60.0,1.0,60.0,69.2,101.0,46.4,0.6701,0.6701,-0.315,2783.08,45.0,False,0.02
2026-03-10 06:00:00,2026-03-10,6,Tuesday,False,Downtown_CBD,Clear,0.102,60.0,1.147,68.8,130.2,104.6,79.3,0.6089,0.6089,0.245,5452.65,51.6,False,0.02
2026-03-10 07:00:00,2026-03-10,7,Tuesday,False,Downtown_CBD,Clear,0.234,60.0,1.54,92.4,230.4,121.3,99.1,0.4299,0.4299,0.9,9154.84,69.3,False,0.032
2026-03-10 08:00:00,2026-03-10,8,Tuesday,False,Downtown_CBD,Clear,0.36,60.0,2.071,124.26,305.4,109.7,98.5,0.3225,0.3225,1.785,12239.63,93.2,False,0.0586
2026-03-10 09:00:00,2026-03-10,9,Tuesday,False,Downtown_CBD,Clear,0.367,60.0,1.889,113.36,306.7,123.6,106.9,0.3486,0.3486,1.482,12120.74,85.02,False,0.0495
2026-03-10 10:00:00,2026-03-10,10,Tuesday,False,Downtown_CBD,Clear,0.279,60.0,1.479,88.72,206.1,114.7,90.3,0.4381,0.4381,0.798,8012.83,66.54,False,0.0289
2026-03-10 11:00:00,2026-03-10,11,Tuesday,False,Downtown_CBD,Clear,0.088,60.0,1.0,60.0,123.6,132.1,83.0,0.6714,0.6714,-0.064,4979.75,45.0,False,0.02
2026-03-10 12:00:00,2026-03-10,12,Tuesday,False,Downtown_CBD,Clear,0.112,60.0,1.0,60.0,79.8,101.5,55.8,0.6996,0.6996,-0.214,3350.23,45.0,False,0.02
2026-03-10 13:00:00,2026-03-10,13,Tuesday,False,Downtown_CBD,Clear,0.045,60.0,1.0,60.0,49.1,120.8,33.3,0.6793,0.6793,-0.594,1999.77,45.0,False,0.02
2026-03-10 14:00:00,2026-03-10,14,Tuesday,False,Downtown_CBD,Clear,0.073,60.0,1.0,60.0,62.6,125.2,42.0,0.6711,0.6711,-0.5,2522.43,45.0,False,0.02
2026-03-10 15:00:00,2026-03-10,15,Tuesday,False,Downtown_CBD,Clear,0.154,60.0,1.0,60.0,106.2,122.6,69.1,0.6508,0.6508,-0.134,4145.24,45.0,False,0.02
2026-03-10 16:00:00,2026-03-10,16,Tuesday,False,Downtown_CBD,Clear,0.201,60.0,1.164,69.87,162.5,127.6,90.6,0.5572,0.5572,0.274,6327.62,52.4,False,0.02
2026-03-10 17:00:00,2026-03-10,17,Tuesday,False,Downtown_CBD,Clear,0.3,60.0,1.592,95.51,276.5,139.2,116.2,0.4201,0.4201,0.986,11095.59,71.63,False,0.0346
2026-03-10 18:00:00,2026-03-10,18,Tuesday,False,Downtown_CBD,Clear,0.449,60.0,2.134,128.06,398.2,137.8,120.4,0.3023,0.3023,1.891,15417.06,96.05,False,0.0617
2026-03-10 19:00:00,2026-03-10,19,Tuesday,False,Downtown_CBD,Clear,0.408,60.0,2.216,132.97,405.3,133.9,123.5,0.3048,0.3048,2.027,16425.11,99.73,False,0.0658
2026-03-10 20:00:00,2026-03-10,20,Tuesday,False,Downtown_CBD,Clear,0.335,60.0,1.887,113.2,296.4,119.6,104.0,0.351,0.351,1.478,11778.16,84.9,False,0.0493
2026-03-10 21:00:00,2026-03-10,21,Tuesday,False,Downtown_CBD,Clear,0.248,60.0,1.203,72.16,150.1,112.2,83.6,0.5569,0.5569,0.338,6030.94,54.12,False,0.02
2026-03-10 22:00:00,2026-03-10,22,Tuesday,False,Downtown_CBD,Clear,0.128,60.0,1.0,60.0,103.4,110.4,69.5,0.6719,0.6719,-0.063,4170.38,45.0,False,0.02
2026-03-10 23:00:00,2026-03-10,23,Tuesday,False,Downtown_CBD,Clear,0.04,60.0,1.0,60.0,62.1,104.6,41.6,0.6688,0.6688,-0.406,2494.04,45.0,False,0.02
2026-03-11 00:00:00,2026-03-11,0,Wednesday,False,Downtown_CBD,Clear,0.096,60.0,1.0,60.0,46.9,69.1,30.8,0.6569,0.6569,-0.322,1847.89,45.0,False,0.02
2026-03-11 01:00:00,2026-03-11,1,Wednesday,False,Downtown_CBD,Clear,0.068,60.0,1.0,60.0,51.4,75.9,34.2,0.6669,0.6669,-0.323,2054.87,45.0,False,0.02
2026-03-11 02:00:00,2026-03-11,2,Wednesday,False,Downtown_CBD,Clear,0.027,60.0,1.0,60.0,46.3,73.3,31.9,0.6892,0.6892,-0.369,1914.86,45.0,False,0.02
2026-03-11 03:00:00,2026-03-11,3,Wednesday,False,Downtown_CBD,Clear,0.074,60.0,1.0,60.0,58.2,82.1,38.3,0.6574,0.6574,-0.29,2297.36,45.0,False,0.02
2026-03-11 04:00:00,2026-03-11,4,Wednesday,False,Downtown_CBD,Clear,0.042,60.0,1.0,60.0,56.3,90.7,37.1,0.6586,0.6586,-0.379,2226.69,45.0,False,0.02
2026-03-11 05:00:00,2026-03-11,5,Wednesday,False,Downtown_CBD,Clear,0.117,60.0,1.0,60.0,73.4,94.5,48.3,0.6575,0.6575,-0.223,2896.67,45.0,False,0.02
2026-03-11 06:00:00,2026-03-11,6,Wednesday,False,Downtown_CBD,Clear,0.162,60.0,1.165,69.92,119.3,93.5,67.5,0.5655,0.5655,0.275,4717.77,52.44,False,0.02
2026-03-11 07:00:00,2026-03-11,7,Wednesday,False,Downtown_CBD,Clear,0.24,60.0,1.447,86.82,203.0,116.3,95.1,0.4687,0.4687,0.745,8259.92,65.11,False,0.0273
2026-03-11 08:00:00,2026-03-11,8,Wednesday,False,Downtown_CBD,Clear,0.371,60.0,1.784,107.06,260.0,112.7,95.2,0.3664,0.3664,1.307,10197.05,80.3,False,0.0442
2026-03-11 09:00:00,2026-03-11,9,Wednesday,False,Downtown_CBD,Clear,0.372,60.0,2.032,121.91,305.6,112.4,101.3,0.3315,0.3315,1.72,12350.4,91.43,False,0.0566
2026-03-11 10:00:00,2026-03-11,10,Wednesday,False,Downtown_CBD,Clear,0.245,60.0,1.243,74.56,189.4,134.9,97.3,0.5136,0.5136,0.404,7254.01,55.92,False,0.02
2026-03-11 11:00:00,2026-03-11,11,Wednesday,False,Downtown_CBD,Clear,0.113,60.0,1.006,60.34,126.2,125.0,84.4,0.669,0.669,0.009,5093.49,45.26,False,0.02
2026-03-11 12:00:00,2026-03-11,12,Wednesday,False,Downtown_CBD,Clear,0.12,60.0,1.0,60.0,71.7,144.0,46.8,0.6527,0.6527,-0.502,2807.14,45.0,False,0.02
2026-03-11 13:00:00,2026-03-11,13,Wednesday,False,Downtown_CBD,Clear,0.062,60.0,1.0,60.0,49.3,122.9,32.1,0.6513,0.6513,-0.599,1925.04,45.0,False,0.02
2026-03-11 14:00:00,2026-03-11,14,Wednesday,False,Downtown_CBD,Clear,0.065,60.0,1.0,60.0,67.0,138.2,44.0,0.6575,0.6575,-0.515,2641.4,45.0,False,0.02
2026-03-11 15:00:00,2026-03-11,15,Wednesday,False,Downtown_CBD,Clear,0.09,60.0,1.0,60.0,92.1,130.0,63.3,0.6873,0.6873,-0.292,3798.0,45.0,False,0.02
2026-03-11 16:00:00,2026-03-11,16,Wednesday,False,Downtown_CBD,Clear,0.174,60.0,1.223,73.37,166.7,121.6,87.8,0.5264,0.5264,0.371,6438.59,55.03,False,0.02
2026-03-11 17:00:00,2026-03-11,17,Wednesday,False,Downtown_CBD,Clear,0.311,60.0,1.637,98.24,291.6,141.4,119.2,0.4088,0.4088,1.062,11712.54,73.68,False,0.0369
2026-03-11 18:00:00,2026-03-11,18,Wednesday,False,Downtown_CBD,Clear,0.451,60.0,2.037,122.22,326.0,119.5,105.3,0.3229,0.3229,1.728,12864.64,91.66,False,0.0568
2026-03-11 19:00:00,2026-03-11,19,Wednesday,False,Downtown_CBD,Clear,0.431,60.0,1.946,116.79,365.9,142.0,125.4,0.3426,0.3426,1.577,14642.53,87.59,False,0.0523
2026-03-11 20:00:00,2026-03-11,20,Wednesday,False,Downtown_CBD,Clear,0.332,60.0,1.618,97.11,263.4,129.7,110.4,0.4191,0.4191,1.031,10718.54,72.83,False,0.0359
2026-03-11 21:00:00,2026-03-11,21,Wednesday,False,Downtown_CBD,Clear,0.183,60.0,1.254,75.22,185.8,130.6,99.1,0.5335,0.5335,0.423,7454.72,56.41,False,0.02
2026-03-11 22:00:00,2026-03-11,22,Wednesday,False,Downtown_CBD,Clear,0.154,60.0,1.0,60.0,99.8,115.3,66.2,0.6635,0.6635,-0.134,3974.3,45.0,False,0.02
2026-03-11 23:00:00,2026-03-11,23,Wednesday,False,Downtown_CBD,Clear,0.074,60.0,1.0,60.0,54.4,111.4,35.8,0.6585,0.6585,-0.512,2147.39,45.0,False,0.02
2026-03-12 00:00:00,2026-03-12,0,Thursday,False,Downtown_CBD,Clear,0.06,60.0,1.0,60.0,47.7,70.1,31.5,0.661,0.661,-0.32,1889.98,45.0,False,0.02
2026-03-12 01:00:00,2026-03-12,1,Thursday,False,Downtown_CBD,Clear,0.091,60.0,1.0,60.0,40.8,72.5,27.0,0.6616,0.6616,-0.438,1617.88,45.0,False,0.02
2026-03-12 02:00:00,2026-03-12,2,Thursday,False,Downtown_CBD,Clear,0.043,60.0,1.0,60.0,48.7,82.9,32.1,0.6591,0.6591,-0.413,1924.52,45.0,False,0.02
2026-03-12 03:00:00,2026-03-12,3,Thursday,False,Downtown_CBD,Clear,0.086,60.0,1.0,60.0,44.9,83.5,30.6,0.6819,0.6819,-0.462,1838.83,45.0,False,0.02
2026-03-12 04:00:00,2026-03-12,4,Thursday,False,Downtown_CBD,Clear,0.052,60.0,1.0,60.0,56.0,87.0,37.9,0.6765,0.6765,-0.356,2274.61,45.0,False,0.02
2026-03-12 05:00:00,2026-03-12,5,Thursday,False,Downtown_CBD,Clear,0.086,60.0,1.0,60.0,68.1,92.7,44.7,0.6574,0.6574,-0.266,2684.63,45.0,False,0.02
2026-03-12 06:00:00,2026-03-12,6,Thursday,False,Downtown_CBD,Clear,0.205,60.0,1.074,64.42,119.3,106.3,74.8,0.6268,0.6268,0.123,4816.8,48.31,False,0.02
2026-03-12 07:00:00,2026-03-12,7,Thursday,False,Downtown_CBD,Clear,0.226,60.0,1.407,84.44,191.6,114.1,89.5,0.467,0.467,0.679,7555.35,63.33,False,0.0254
2026-03-12 08:00:00,2026-03-12,8,Thursday,False,Downtown_CBD,Clear,0.361,60.0,1.646,98.78,257.9,124.1,105.1,0.4076,0.4076,1.077,10384.09,74.09,False,0.0373
2026-03-12 09:00:00,2026-03-12,9,Thursday,False,Downtown_CBD,Clear,0.332,60.0,1.887,113.24,301.1,121.5,105.0,0.3486,0.3486,1.479,11885.86,84.93,False,0.0494
2026-03-12 10:00:00,2026-03-12,10,Thursday,False,Downtown_CBD,Clear,0.213,60.0,1.401,84.06,225.0,134.9,106.9,0.4751,0.4751,0.668,8988.65,63.05,False,0.025
2026-03-12 11:00:00,2026-03-12,11,Thursday,False,Downtown_CBD,Clear,0.16,60.0,1.0,60.0,119.2,124.9,81.7,0.6856,0.6856,-0.046,4904.05,45.0,False,0.02
2026-03-12 12:00:00,2026-03-12,12,Thursday,False,Downtown_CBD,Clear,0.074,60.0,1.0,60.0,72.6,120.9,48.3,0.6652,0.6652,-0.4,2897.07,45.0,False,0.02
2026-03-12 13:00:00,2026-03-12,13,Thursday,False,Downtown_CBD,Clear,0.069,60.0,1.0,60.0,56.8,110.8,37.8,0.6657,0.6657,-0.488,2266.8,45.0,False,0.02
2026-03-12 14:00:00,2026-03-12,14,Thursday,False,Downtown_CBD,Clear,0.131,60.0,1.0,60.0,69.0,125.6,47.1,0.682,0.682,-0.45,2824.93,45.0,False,0.02
2026-03-12 15:00:00,2026-03-12,15,Thursday,False,Downtown_CBD,Clear,0.14,60.0,1.0,60.0,91.8,113.5,61.0,0.6643,0.6643,-0.191,3660.25,45.0,False,0.02
2026-03-12 16:00:00,2026-03-12,16,Thursday,False,Downtown_CBD,Clear,0.217,60.0,1.165,69.91,168.0,131.8,95.4,0.5675,0.5675,0.275,6666.76,52.43,False,0.02
2026-03-12 17:00:00,2026-03-12,17,Thursday,False,Downtown_CBD,Clear,0.314,60.0,1.656,99.39,267.0,127.5,107.5,0.4025,0.4025,1.094,10679.5,74.54,False,0.0378
2026-03-12 18:00:00,2026-03-12,18,Thursday,False,Downtown_CBD,Clear,0.481,60.0,2.228,133.69,337.6,110.8,101.8,0.3015,0.3015,2.047,13609.5,100.27,False,0.0664
2026-03-12 19:00:00,2026-03-12,19,Thursday,False,Downtown_CBD,Clear,0.409,60.0,1.837,110.2,346.9,144.9,126.6,0.3648,0.3648,1.394,13947.71,82.65,False,0.0468
2026-03-12 20:00:00,2026-03-12,20,Thursday,False,Downtown_CBD,Clear,0.32,60.0,1.585,95.1,267.9,135.6,112.8,0.421,0.421,0.975,10725.27,71.32,False,0.0343
2026-03-12 21:00:00,2026-03-12,21,Thursday,False,Downtown_CBD,Clear,0.21,60.0,1.284,77.05,179.8,122.0,89.7,0.4988,0.4988,0.474,6908.94,57.79,False,0.02
2026-03-12 22:00:00,2026-03-12,22,Thursday,False,Downtown_CBD,Clear,0.136,60.0,1.005,60.27,107.5,106.7,71.4,0.6641,0.6641,0.008,4301.1,45.2,False,0.02
2026-03-12 23:00:00,2026-03-12,23,Thursday,False,Downtown_CBD,Clear,0.059,60.0,1.0,60.0,61.0,97.2,40.7,0.6674,0.6674,-0.372,2441.68,45.0,False,0.02
2026-03-13 00:00:00,2026-03-13,0,Friday,False,Downtown_CBD,Clear,0.051,60.0,1.0,60.0,53.4,66.1,36.1,0.675,0.675,-0.192,2163.37,45.0,False,0.02
2026-03-13 01:00:00,2026-03-13,1,Friday,False,Downtown_CBD,Clear,0.078,60.0,1.0,60.0,50.6,73.3,34.4,0.6809,0.6809,-0.31,2066.24,45.0,False,0.02
2026-03-13 02:00:00,2026-03-13,2,Friday,False,Downtown_CBD,Clear,0.091,60.0,1.0,60.0,44.4,84.0,29.3,0.6602,0.6602,-0.471,1759.29,45.0,False,0.02
2026-03-13 03:00:00,2026-03-13,3,Friday,False,Downtown_CBD,Clear,0.084,60.0,1.0,60.0,51.9,82.6,34.9,0.6725,0.6725,-0.372,2093.01,45.0,False,0.02
2026-03-13 04:00:00,2026-03-13,4,Friday,False,Downtown_CBD,Clear,0.043,60.0,1.0,60.0,55.9,90.8,37.2,0.6652,0.6652,-0.385,2229.86,45.0,False,0.02
2026-03-13 05:00:00,2026-03-13,5,Friday,False,Downtown_CBD,Clear,0.135,60.0,1.0,60.0,65.1,98.4,42.6,0.6544,0.6544,-0.339,2555.49,45.0,False,0.02
2026-03-13 06:00:00,2026-03-13,6,Friday,False,Downtown_CBD,Clear,0.205,60.0,1.153,69.18,128.9,102.7,70.6,0.5478,0.5478,0.255,4886.31,51.89,False,0.02
2026-03-13 07:00:00,2026-03-13,7,Friday,False,Downtown_CBD,Clear,0.243,60.0,1.705,102.27,216.5,99.6,84.9,0.392,0.392,1.174,8678.52,76.7,False,0.0402
2026-03-13 08:00:00,2026-03-13,8,Friday,False,Downtown_CBD,Clear,0.303,60.0,1.881,112.87,282.9,114.6,98.6,0.3485,0.3485,1.469,11130.87,84.65,False,0.0491
2026-03-13 09:00:00,2026-03-13,9,Friday,False,Downtown_CBD,Clear,0.361,60.0,1.723,103.39,299.3,135.7,113.9,0.3804,0.3804,1.205,11774.36,77.54,False,0.0412
2026-03-13 10:00:00,2026-03-13,10,Friday,False,Downtown_CBD,Clear,0.221,60.0,1.293,77.56,209.6,140.9,106.7,0.5091,0.5091,0.488,8277.62,58.17,False,0.02
2026-03-13 11:00:00,2026-03-13,11,Friday,False,Downtown_CBD,Clear,0.179,60.0,1.01,60.59,113.7,111.9,77.9,0.6854,0.6854,0.016,4721.0,45.44,False,0.02
2026-03-13 12:00:00,2026-03-13,12,Friday,False,Downtown_CBD,Clear,0.074,60.0,1.0,60.0,69.8,109.8,47.2,0.6759,0.6759,-0.364,2830.73,45.0,False,0.02
2026-03-13 13:00:00,2026-03-13,13,Friday,False,Downtown_CBD,Clear,0.095,60.0,1.0,60.0,56.2,124.8,37.5,0.6666,0.6666,-0.55,2248.6,45.0,False,0.02
2026-03-13 14:00:00,2026-03-13,14,Friday,False,Downtown_CBD,Clear,0.09,60.0,1.0,60.0,65.8,121.9,43.1,0.6554,0.6554,-0.46,2587.78,45.0,False,0.02
2026-03-13 15:00:00,2026-03-13,15,Friday,False,Downtown_CBD,Clear,0.108,60.0,1.0,60.0,86.4,120.9,58.6,0.6787,0.6787,-0.285,3518.97,45.0,False,0.02
2026-03-13 16:00:00,2026-03-13,16,Friday,False,Downtown_CBD,Clear,0.235,60.0,1.254,75.23,175.9,123.6,93.9,0.5339,0.5339,0.423,7064.15,56.42,False,0.02
2026-03-13 17:00:00,2026-03-13,17,Friday,False,Downtown_CBD,Clear,0.325,60.0,1.62,97.18,240.1,118.1,94.9,0.3953,0.3953,1.033,9224.28,72.89,False,0.036
2026-03-13 18:00:00,2026-03-13,18,Friday,False,Downtown_CBD,Clear,0.445,60.0,2.029,121.77,340.6,125.4,110.6,0.3248,0.3248,1.716,13468.01,91.33,False,0.0565
2026-03-13 19:00:00,2026-03-13,19,Friday,False,Downtown_CBD,Clear,0.404,60.0,1.958,117.49,362.1,139.4,125.4,0.3464,0.3464,1.597,14736.14,88.12,False,0.0529
2026-03-13 20:00:00,2026-03-13,20,Friday,False,Downtown_CBD,Clear,0.36,60.0,1.743,104.6,261.7,116.9,96.3,0.368,0.368,1.239,10072.9,78.45,False,0.0422
2026-03-13 21:00:00,2026-03-13,21,Friday,False,Downtown_CBD,Clear,0.176,60.0,1.166,69.98,165.4,129.5,92.3,0.5581,0.5581,0.277,6460.01,52.48,False,0.02
2026-03-13 22:00:00,2026-03-13,22,Friday,False,Downtown_CBD,Clear,0.092,60.0,1.0,60.0,103.6,114.7,70.1,0.6764,0.6764,-0.097,4204.8,45.0,False,0.02
2026-03-13 23:00:00,2026-03-13,23,Friday,False,Downtown_CBD,Clear,0.075,60.0,1.0,60.0,59.0,107.9,39.1,0.6631,0.6631,-0.453,2348.48,45.0,False,0.02
2026-03-14 00:00:00,2026-03-14,0,Saturday,True,Downtown_CBD,Rain,0.253,60.0,1.0,60.0,70.7,82.4,45.6,0.6446,0.6446,-0.142,2734.27,45.0,False,0.02
2026-03-14 01:00:00,2026-03-14,1,Saturday,True,Downtown_CBD,Rain,0.256,60.0,1.0,60.0,71.9,90.3,46.4,0.6448,0.6448,-0.203,2782.8,45.0,False,0.02
2026-03-14 02:00:00,2026-03-14,2,Saturday,True,Downtown_CBD,Rain,0.222,60.0,1.0,60.0,68.0,80.3,44.2,0.6497,0.6497,-0.153,2651.64,45.0,False,0.02
2026-03-14 03:00:00,2026-03-14,3,Saturday,True,Downtown_CBD,Rain,0.212,60.0,1.0,60.0,68.0,73.7,44.0,0.6468,0.6468,-0.078,2639.62,45.0,False,0.02
2026-03-14 04:00:00,2026-03-14,4,Saturday,True,Downtown_CBD,Rain,0.235,60.0,1.0,60.0,72.7,81.3,46.0,0.6334,0.6334,-0.106,2761.4,45.0,False,0.02
2026-03-14 05:00:00,2026-03-14,5,Saturday,True,Downtown_CBD,Rain,0.233,60.0,1.0,60.0,80.4,91.5,51.2,0.6372,0.6372,-0.121,3073.25,45.0,False,0.02
2026-03-14 06:00:00,2026-03-14,6,Saturday,True,Downtown_CBD,Rain,0.202,60.0,1.0,60.0,78.9,91.0,49.7,0.6296,0.6296,-0.132,2982.12,45.0,False,0.02
2026-03-14 07:00:00,2026-03-14,7,Saturday,True,Downtown_CBD,Rain,0.314,60.0,1.0,60.0,79.2,95.1,49.8,0.6281,0.6281,-0.167,2985.98,45.0,False,0.02
2026-03-14 08:00:00,2026-03-14,8,Saturday,True,Downtown_CBD,Rain,0.295,60.0,1.141,68.44,121.9,98.7,69.3,0.5685,0.5685,0.234,4742.16,51.33,False,0.02
2026-03-14 09:00:00,2026-03-14,9,Saturday,True,Downtown_CBD,Rain,0.295,60.0,1.271,76.28,155.2,106.9,72.9,0.4698,0.4698,0.452,5562.05,57.21,False,0.02
2026-03-14 10:00:00,2026-03-14,10,Saturday,True,Downtown_CBD,Rain,0.362,60.0,1.563,93.76,198.7,102.5,80.8,0.4065,0.4065,0.938,7572.43,70.32,False,0.0331
2026-03-14 11:00:00,2026-03-14,11,Saturday,True,Downtown_CBD,Rain,0.425,60.0,1.512,90.71,222.7,120.2,90.8,0.4077,0.4077,0.853,8234.13,68.03,False,0.0306
2026-03-14 12:00:00,2026-03-14,12,Saturday,True,Downtown_CBD,Rain,0.463,60.0,1.606,96.38,263.8,131.2,102.4,0.388,0.388,1.01,9865.44,72.28,False,0.0353
2026-03-14 13:00:00,2026-03-14,13,Saturday,True,Downtown_CBD,Rain,0.492,60.0,2.127,127.6,348.0,120.9,102.2,0.2937,0.2937,1.878,13042.77,95.7,False,0.0613
2026-03-14 14:00:00,2026-03-14,14,Saturday,True,Downtown_CBD,Rain,0.495,60.0,1.692,101.54,280.1,130.0,102.8,0.367,0.367,1.154,10438.22,76.16,False,0.0396
2026-03-14 15:00:00,2026-03-14,15,Saturday,True,Downtown_CBD,Rain,0.492,60.0,1.876,112.54,304.4,123.8,98.9,0.3248,0.3248,1.46,11124.76,84.41,False,0.0488
2026-03-14 16:00:00,2026-03-14,16,Saturday,True,Downtown_CBD,Rain,0.426,60.0,1.627,97.64,262.6,128.3,99.9,0.3805,0.3805,1.046,9755.51,73.23,False,0.0364
2026-03-14 17:00:00,2026-03-14,17,Saturday,True,Downtown_CBD,Rain,0.379,60.0,1.278,76.71,180.7,123.4,88.8,0.4916,0.4916,0.464,6812.56,57.53,False,0.02
2026-03-14 18:00:00,2026-03-14,18,Saturday,True,Downtown_CBD,Rain,0.279,60.0,1.264,75.87,175.3,121.7,87.3,0.4979,0.4979,0.441,6621.89,56.9,False,0.02
2026-03-14 19:00:00,2026-03-14,19,Saturday,True,Downtown_CBD,Rain,0.391,60.0,1.356,81.39,182.2,114.3,81.9,0.4497,0.4497,0.594,6669.75,61.04,False,0.0228
2026-03-14 20:00:00,2026-03-14,20,Saturday,True,Downtown_CBD,Rain,0.446,60.0,1.762,105.72,248.2,109.3,88.9,0.358,0.358,1.27,9393.51,79.29,False,0.0431
2026-03-14 21:00:00,2026-03-14,21,Saturday,True,Downtown_CBD,Rain,0.458,60.0,2.204,132.24,336.6,112.0,96.3,0.2859,0.2859,2.007,12728.78,99.18,False,0.0652
2026-03-14 22:00:00,2026-03-14,22,Saturday,True,Downtown_CBD,Rain,0.512,60.0,2.775,166.53,345.6,87.3,83.0,0.2403,0.2403,2.959,13828.53,124.9,False,0.0938
2026-03-14 23:00:00,2026-03-14,23,Saturday,True,Downtown_CBD,Rain,0.499,60.0,2.44,146.38,319.4,94.0,84.2,0.2637,0.2637,2.4,12328.26,109.78,False,0.077
2026-03-15 00:00:00,2026-03-15,0,Sunday,True,Downtown_CBD,Clear,0.108,60.0,1.0,60.0,57.3,78.6,38.5,0.6715,0.6715,-0.271,2308.54,45.0,False,0.02
2026-03-15 01:00:00,2026-03-15,1,Sunday,True,Downtown_CBD,Clear,0.104,60.0,1.0,60.0,70.1,80.1,46.0,0.6567,0.6567,-0.125,2761.88,45.0,False,0.02
2026-03-15 02:00:00,2026-03-15,2,Sunday,True,Downtown_CBD,Clear,0.115,60.0,1.0,60.0,61.5,81.3,40.5,0.6582,0.6582,-0.243,2429.41,45.0,False,0.02
2026-03-15 03:00:00,2026-03-15,3,Sunday,True,Downtown_CBD,Clear,0.122,60.0,1.0,60.0,65.0,77.3,44.4,0.683,0.683,-0.16,2662.2,45.0,False,0.02
2026-03-15 04:00:00,2026-03-15,4,Sunday,True,Downtown_CBD,Clear,0.033,60.0,1.0,60.0,72.9,86.6,48.5,0.6649,0.6649,-0.158,2909.17,45.0,False,0.02
2026-03-15 05:00:00,2026-03-15,5,Sunday,True,Downtown_CBD,Clear,0.094,60.0,1.0,60.0,59.2,83.3,40.5,0.6846,0.6846,-0.289,2432.72,45.0,False,0.02
2026-03-15 06:00:00,2026-03-15,6,Sunday,True,Downtown_CBD,Clear,0.056,60.0,1.0,60.0,83.2,92.4,57.2,0.6874,0.6874,-0.099,3430.32,45.0,False,0.02
2026-03-15 07:00:00,2026-03-15,7,Sunday,True,Downtown_CBD,Clear,0.075,60.0,1.0,60.0,85.5,93.9,57.9,0.677,0.677,-0.089,3473.79,45.0,False,0.02
2026-03-15 08:00:00,2026-03-15,8,Sunday,True,Downtown_CBD,Clear,0.127,60.0,1.047,62.84,90.7,84.0,57.7,0.6367,0.6367,0.079,3628.08,47.13,False,0.02
2026-03-15 09:00:00,2026-03-15,9,Sunday,True,Downtown_CBD,Clear,0.187,60.0,1.245,74.72,150.9,107.1,81.9,0.5428,0.5428,0.409,6119.93,56.04,False,0.02
2026-03-15 10:00:00,2026-03-15,10,Sunday,True,Downtown_CBD,Clear,0.217,60.0,1.214,72.83,158.3,116.7,83.0,0.5246,0.5246,0.356,6047.33,54.62,False,0.02
2026-03-15 11:00:00,2026-03-15,11,Sunday,True,Downtown_CBD,Clear,0.24,60.0,1.386,83.14,213.3,129.8,100.8,0.4728,0.4728,0.643,8383.93,62.36,False,0.0243
2026-03-15 12:00:00,2026-03-15,12,Sunday,True,Downtown_CBD,Clear,0.272,60.0,1.764,105.87,275.4,121.1,100.2,0.3637,0.3637,1.274,10603.99,79.4,False,0.0432
2026-03-15 13:00:00,2026-03-15,13,Sunday,True,Downtown_CBD,Clear,0.367,60.0,1.756,105.35,282.3,124.9,108.5,0.3845,0.3845,1.26,11433.23,79.01,False,0.0428
2026-03-15 14:00:00,2026-03-15,14,Sunday,True,Downtown_CBD,Clear,0.322,60.0,1.905,114.31,299.7,119.5,101.2,0.3376,0.3376,1.509,11567.51,85.73,False,0.0503
2026-03-15 15:00:00,2026-03-15,15,Sunday,True,Downtown_CBD,Clear,0.349,60.0,1.483,89.01,248.6,137.7,112.2,0.4512,0.4512,0.806,9984.68,66.76,False,0.0292
2026-03-15 16:00:00,2026-03-15,16,Sunday,True,Downtown_CBD,Clear,0.283,60.0,1.394,83.63,226.6,136.8,107.1,0.4726,0.4726,0.656,8955.96,62.72,False,0.0247
2026-03-15 17:00:00,2026-03-15,17,Sunday,True,Downtown_CBD,Clear,0.193,60.0,1.29,77.41,202.4,136.4,99.2,0.4899,0.4899,0.484,7676.3,58.06,False,0.02
2026-03-15 18:00:00,2026-03-15,18,Sunday,True,Downtown_CBD,Clear,0.215,60.0,1.201,72.07,165.9,124.3,91.8,0.5534,0.5534,0.335,6618.81,54.05,False,0.02
2026-03-15 19:00:00,2026-03-15,19,Sunday,True,Downtown_CBD,Clear,0.227,60.0,1.286,77.14,178.1,120.6,90.5,0.5084,0.5084,0.476,6983.39,57.86,False,0.02
2026-03-15 20:00:00,2026-03-15,20,Sunday,True,Downtown_CBD,Clear,0.282,60.0,1.655,99.29,236.6,113.1,91.3,0.386,0.386,1.091,9066.62,74.47,False,0.0377
2026-03-15 21:00:00,2026-03-15,21,Sunday,True,Downtown_CBD,Clear,0.33,60.0,2.073,124.41,269.9,96.8,81.6,0.3022,0.3022,1.789,10147.96,93.31,False,0.0587
2026-03-15 22:00:00,2026-03-15,22,Sunday,True,Downtown_CBD,Clear,0.368,60.0,2.456,147.36,370.6,108.2,99.9,0.2694,0.2694,2.427,14714.9,110.52,False,0.0778
2026-03-15 23:00:00,2026-03-15,23,Sunday,True,Downtown_CBD,Clear,0.33,60.0,2.248,134.86,280.4,91.0,83.5,0.2979,0.2979,2.079,11264.88,101.15,False,0.0674
2026-03-16 00:00:00,2026-03-16,0,Monday,False,Downtown_CBD,Clear,0.048,60.0,1.0,60.0,49.1,65.8,32.1,0.6527,0.6527,-0.253,1924.65,45.0,False,0.02
2026-03-16 01:00:00,2026-03-16,1,Monday,False,Downtown_CBD,Clear,0.048,60.0,1.0,60.0,41.7,73.2,28.0,0.672,0.672,-0.431,1680.16,45.0,False,0.02
2026-03-16 02:00:00,2026-03-16,2,Monday,False,Downtown_CBD,Clear,0.079,60.0,1.0,60.0,53.3,73.4,36.0,0.6752,0.6752,-0.274,2160.92,45.0,False,0.02
2026-03-16 03:00:00,2026-03-16,3,Monday,False,Downtown_CBD,Clear,0.07,60.0,1.0,60.0,44.4,86.7,30.0,0.6747,0.6747,-0.487,1798.7,45.0,False,0.02
2026-03-16 04:00:00,2026-03-16,4,Monday,False,Downtown_CBD,Clear,0.084,60.0,1.0,60.0,55.6,94.8,38.1,0.6857,0.6857,-0.413,2287.83,45.0,False,0.02
2026-03-16 05:00:00,2026-03-16,5,Monday,False,Downtown_CBD,Clear,0.092,60.0,1.0,60.0,78.8,96.6,52.3,0.6641,0.6641,-0.184,3139.06,45.0,False,0.02
2026-03-16 06:00:00,2026-03-16,6,Monday,False,Downtown_CBD,Clear,0.116,60.0,1.079,64.75,132.6,117.1,79.6,0.6006,0.6006,0.132,5156.16,48.56,False,0.02
2026-03-16 07:00:00,2026-03-16,7,Monday,False,Downtown_CBD,Clear,0.25,60.0,1.743,104.56,252.9,113.0,95.2,0.3765,0.3765,1.238,9953.77,78.42,False,0.0421
2026-03-16 08:00:00,2026-03-16,8,Monday,False,Downtown_CBD,Clear,0.362,60.0,1.757,105.45,303.9,134.3,110.5,0.3637,0.3637,1.262,11654.39,79.09,False,0.0429
2026-03-16 09:00:00,2026-03-16,9,Monday,False,Downtown_CBD,Clear,0.329,60.0,1.994,119.61,329.6,124.1,107.4,0.326,0.326,1.656,12850.14,89.71,False,0.0547
2026-03-16 10:00:00,2026-03-16,10,Monday,False,Downtown_CBD,Clear,0.248,60.0,1.369,82.16,198.1,122.6,93.6,0.4723,0.4723,0.616,7687.12,61.62,False,0.0235
2026-03-16 11:00:00,2026-03-16,11,Monday,False,Downtown_CBD,Clear,0.159,60.0,1.0,60.0,121.9,122.4,84.6,0.694,0.694,-0.004,5073.83,45.0,False,0.02
2026-03-16 12:00:00,2026-03-16,12,Monday,False,Downtown_CBD,Clear,0.06,60.0,1.0,60.0,67.5,129.5,46.0,0.6805,0.6805,-0.479,2757.47,45.0,False,0.02
2026-03-16 13:00:00,2026-03-16,13,Monday,False,Downtown_CBD,Clear,0.068,60.0,1.0,60.0,60.3,124.6,40.4,0.6696,0.6696,-0.516,2424.54,45.0,False,0.02
2026-03-16 14:00:00,2026-03-16,14,Monday,False,Downtown_CBD,Clear,0.116,60.0,1.0,60.0,60.9,117.9,39.7,0.6528,0.6528,-0.484,2384.11,45.0,False,0.02
2026-03-16 15:00:00,2026-03-16,15,Monday,False,Downtown_CBD,Clear,0.043,60.0,1.0,60.0,95.9,120.1,64.6,0.6737,0.6737,-0.202,3875.39,45.0,False,0.02
2026-03-16 16:00:00,2026-03-16,16,Monday,False,Downtown_CBD,Clear,0.191,60.0,1.127,67.61,168.5,139.1,96.4,0.5719,0.5719,0.211,6516.39,50.71,False,0.02
2026-03-16 17:00:00,2026-03-16,17,Monday,False,Downtown_CBD,Clear,0.285,60.0,1.675,100.52,283.3,133.3,115.4,0.4072,0.4072,1.126,11597.32,75.39,False,0.0388
2026-03-16 18:00:00,2026-03-16,18,Monday,False,Downtown_CBD,Clear,0.425,60.0,2.102,126.11,351.3,123.9,112.4,0.32,0.32,1.836,14180.41,94.58,False,0.0601
2026-03-16 19:00:00,2026-03-16,19,Monday,False,Downtown_CBD,Clear,0.393,60.0,2.027,121.6,368.9,136.1,120.4,0.3263,0.3263,1.711,14635.55,91.2,False,0.0563
2026-03-16 20:00:00,2026-03-16,20,Monday,False,Downtown_CBD,Clear,0.391,60.0,1.504,90.26,252.0,136.9,105.4,0.4183,0.4183,0.841,9512.77,67.7,False,0.0302
2026-03-16 21:00:00,2026-03-16,21,Monday,False,Downtown_CBD,Clear,0.189,60.0,1.148,68.9,153.7,123.2,86.9,0.5655,0.5655,0.247,5988.86,51.68,False,0.02
2026-03-16 22:00:00,2026-03-16,22,Monday,False,Downtown_CBD,Clear,0.101,60.0,1.0,60.0,110.0,119.1,73.4,0.6674,0.6674,-0.077,4403.72,45.0,False,0.02
2026-03-16 23:00:00,2026-03-16,23,Monday,False,Downtown_CBD,Clear,0.097,60.0,1.0,60.0,58.5,104.5,38.3,0.6538,0.6538,-0.44,2295.15,45.0,False,0.02
2026-03-17 00:00:00,2026-03-17,0,Tuesday,False,Downtown_CBD,Clear,0.038,60.0,1.0,60.0,54.4,68.8,37.2,0.6828,0.6828,-0.208,2230.61,45.0,False,0.02
2026-03-17 01:00:00,2026-03-17,1,Tuesday,False,Downtown_CBD,Clear,0.059,60.0,1.0,60.0,53.3,70.8,35.4,0.6635,0.6635,-0.247,2121.72,45.0,False,0.02
2026-03-17 02:00:00,2026-03-17,2,Tuesday,False,Downtown_CBD,Clear,0.052,60.0,1.0,60.0,52.6,74.2,35.2,0.6705,0.6705,-0.291,2114.38,45.0,False,0.02
2026-03-17 03:00:00,2026-03-17,3,Tuesday,False,Downtown_CBD,Clear,0.092,60.0,1.0,60.0,50.0,83.0,32.8,0.6562,0.6562,-0.398,1969.24,45.0,False,0.02
2026-03-17 04:00:00,2026-03-17,4,Tuesday,False,Downtown_CBD,Clear,0.117,60.0,1.0,60.0,56.6,97.4,37.8,0.6681,0.6681,-0.419,2266.93,45.0,False,0.02
2026-03-17 05:00:00,2026-03-17,5,Tuesday,False,Downtown_CBD,Clear,0.061,60.0,1.0,60.0,79.0,103.9,52.3,0.6628,0.6628,-0.24,3140.6,45.0,False,0.02
2026-03-17 06:00:00,2026-03-17,6,Tuesday,False,Downtown_CBD,Clear,0.205,60.0,1.13,67.81,133.9,110.1,78.2,0.5839,0.5839,0.217,5302.72,50.86,False,0.02
2026-03-17 07:00:00,2026-03-17,7,Tuesday,False,Downtown_CBD,Clear,0.274,60.0,1.674,100.47,233.4,109.9,88.8,0.3804,0.3804,1.124,8917.58,75.35,False,0.0387
2026-03-17 08:00:00,2026-03-17,8,Tuesday,False,Downtown_CBD,Clear,0.35,60.0,1.799,107.94,290.0,124.4,107.4,0.3704,0.3704,1.332,11594.7,80.95,False,0.045
2026-03-17 09:00:00,2026-03-17,9,Tuesday,False,Downtown_CBD,Clear,0.353,60.0,2.044,122.66,310.7,113.4,102.0,0.3282,0.3282,1.741,12510.77,92.0,False,0.0572
2026-03-17 10:00:00,2026-03-17,10,Tuesday,False,Downtown_CBD,Clear,0.204,60.0,1.416,84.98,221.7,130.9,104.3,0.4706,0.4706,0.694,8865.93,63.73,False,0.0258
2026-03-17 11:00:00,2026-03-17,11,Tuesday,False,Downtown_CBD,Clear,0.133,60.0,1.097,65.82,143.8,123.8,87.1,0.6059,0.6059,0.162,5735.01,49.36,False,0.02
2026-03-17 12:00:00,2026-03-17,12,Tuesday,False,Downtown_CBD,Clear,0.009,60.0,1.0,60.0,72.7,111.8,50.7,0.6974,0.6974,-0.35,3041.49,45.0,False,0.02
2026-03-17 13:00:00,2026-03-17,13,Tuesday,False,Downtown_CBD,Clear,0.061,60.0,1.0,60.0,52.5,116.0,34.8,0.6622,0.6622,-0.547,2086.43,45.0,False,0.02
2026-03-17 14:00:00,2026-03-17,14,Tuesday,False,Downtown_CBD,Clear,0.107,60.0,1.0,60.0,71.5,133.5,49.1,0.686,0.686,-0.464,2944.46,45.0,False,0.02
2026-03-17 15:00:00,2026-03-17,15,Tuesday,False,Downtown_CBD,Clear,0.054,60.0,1.0,60.0,97.9,128.5,64.8,0.6616,0.6616,-0.238,3886.83,45.0,False,0.02
2026-03-17 16:00:00,2026-03-17,16,Tuesday,False,Downtown_CBD,Clear,0.174,60.0,1.232,73.92,197.0,142.1,104.7,0.5317,0.5317,0.387,7742.61,55.44,False,0.02
2026-03-17 17:00:00,2026-03-17,17,Tuesday,False,Downtown_CBD,Clear,0.348,60.0,1.983,118.95,315.5,119.6,106.7,0.3381,0.3381,1.638,12686.54,89.21,False,0.0541
2026-03-17 18:00:00,2026-03-17,18,Tuesday,False,Downtown_CBD,Clear,0.476,60.0,2.29,137.4,417.3,132.5,122.9,0.2944,0.2944,2.15,16880.39,103.05,False,0.0695
2026-03-17 19:00:00,2026-03-17,19,Tuesday,False,Downtown_CBD,Clear,0.435,60.0,2.066,123.96,378.1,136.2,118.8,0.3143,0.3143,1.777,14731.39,92.97,False,0.0583
2026-03-17 20:00:00,2026-03-17,20,Tuesday,False,Downtown_CBD,Clear,0.304,60.0,1.664,99.87,283.5,134.5,111.3,0.3928,0.3928,1.107,11120.45,74.9,False,0.0382
2026-03-17 21:00:00,2026-03-17,21,Tuesday,False,Downtown_CBD,Clear,0.251,60.0,1.213,72.78,169.5,125.1,93.9,0.5538,0.5538,0.355,6830.95,54.59,False,0.02
2026-03-17 22:00:00,2026-03-17,22,Tuesday,False,Downtown_CBD,Clear,0.15,60.0,1.0,60.0,97.8,110.0,67.1,0.6857,0.6857,-0.111,4024.93,45.0,False,0.02
2026-03-17 23:00:00,2026-03-17,23,Tuesday,False,Downtown_CBD,Clear,0.118,60.0,1.0,60.0,60.4,115.1,40.8,0.6744,0.6744,-0.475,2445.84,45.0,False,0.02
2026-03-18 00:00:00,2026-03-18,0,Wednesday,False,Downtown_CBD,Clear,0.082,60.0,1.0,60.0,59.3,67.2,39.8,0.6713,0.6713,-0.119,2386.44,45.0,False,0.02
2026-03-18 01:00:00,2026-03-18,1,Wednesday,False,Downtown_CBD,Clear,0.055,60.0,1.0,60.0,49.0,68.8,33.4,0.6806,0.6806,-0.287,2001.58,45.0,False,0.02
2026-03-18 02:00:00,2026-03-18,2,Wednesday,False,Downtown_CBD,Clear,0.042,60.0,1.0,60.0,48.5,77.9,33.0,0.6815,0.6815,-0.377,1982.51,45.0,False,0.02
2026-03-18 03:00:00,2026-03-18,3,Wednesday,False,Downtown_CBD,Clear,0.017,60.0,1.0,60.0,47.5,84.7,33.1,0.6973,0.6973,-0.439,1986.58,45.0,False,0.02
2026-03-18 04:00:00,2026-03-18,4,Wednesday,False,Downtown_CBD,Clear,0.068,60.0,1.0,60.0,57.4,83.3,38.1,0.663,0.663,-0.311,2283.37,45.0,False,0.02
2026-03-18 05:00:00,2026-03-18,5,Wednesday,False,Downtown_CBD,Clear,0.178,60.0,1.0,60.0,75.1,94.3,49.7,0.6622,0.6622,-0.204,2983.7,45.0,False,0.02
2026-03-18 06:00:00,2026-03-18,6,Wednesday,False,Downtown_CBD,Clear,0.215,60.0,1.154,69.24,138.4,110.1,79.5,0.5746,0.5746,0.257,5504.68,51.93,False,0.02
2026-03-18 07:00:00,2026-03-18,7,Wednesday,False,Downtown_CBD,Clear,0.272,60.0,1.155,69.28,166.0,132.0,96.3,0.5801,0.5801,0.258,6673.79,51.96,False,0.02
2026-03-18 08:00:00,2026-03-18,8,Wednesday,False,Downtown_CBD,Clear,0.374,60.0,2.033,121.96,320.4,117.7,103.6,0.3232,0.3232,1.721,12629.93,91.47,False,0.0566
2026-03-18 09:00:00,2026-03-18,9,Wednesday,False,Downtown_CBD,Clear,0.34,60.0,1.685,101.08,284.7,133.0,109.3,0.3838,0.3838,1.141,11044.91,75.81,False,0.0392
2026-03-18 10:00:00,2026-03-18,10,Wednesday,False,Downtown_CBD,Clear,0.26,60.0,1.359,81.55,192.7,120.5,94.0,0.4881,0.4881,0.599,7668.83,61.16,False,0.023
2026-03-18 11:00:00,2026-03-18,11,Wednesday,False,Downtown_CBD,Clear,0.207,60.0,1.059,63.51,143.0,130.2,89.1,0.623,0.623,0.098,5656.41,47.63,False,0.02
2026-03-18 12:00:00,2026-03-18,12,Wednesday,False,Downtown_CBD,Clear,0.105,60.0,1.0,60.0,78.6,126.3,53.7,0.6825,0.6825,-0.378,3219.98,45.0,False,0.02
2026-03-18 13:00:00,2026-03-18,13,Wednesday,False,Downtown_CBD,Clear,0.094,60.0,1.0,60.0,57.0,114.7,37.6,0.6602,0.6602,-0.503,2256.64,45.0,False,0.02
2026-03-18 14:00:00,2026-03-18,14,Wednesday,False,Downtown_CBD,Clear,0.092,60.0,1.0,60.0,56.6,117.7,37.7,0.6662,0.6662,-0.519,2263.99,45.0,False,0.02
2026-03-18 15:00:00,2026-03-18,15,Wednesday,False,Downtown_CBD,Clear,0.107,60.0,1.0,60.0,92.0,124.3,61.1,0.6636,0.6636,-0.259,3664.58,45.0,False,0.02
2026-03-18 16:00:00,2026-03-18,16,Wednesday,False,Downtown_CBD,Clear,0.218,60.0,1.241,74.48,161.3,115.0,82.7,0.5131,0.5131,0.402,6163.15,55.86,False,0.02
2026-03-18 17:00:00,2026-03-18,17,Wednesday,False,Downtown_CBD,Clear,0.319,60.0,1.957,117.39,313.4,120.8,108.1,0.3449,0.3449,1.594,12687.07,88.04,False,0.0528
2026-03-18 18:00:00,2026-03-18,18,Wednesday,False,Downtown_CBD,Clear,0.416,60.0,1.943,116.56,354.3,137.8,121.8,0.3438,0.3438,1.571,14197.77,87.42,False,0.0521
2026-03-18 19:00:00,2026-03-18,19,Wednesday,False,Downtown_CBD,Clear,0.386,60.0,2.164,129.82,361.8,123.1,109.9,0.3037,0.3037,1.939,14263.36,97.36,False,0.0632
2026-03-18 20:00:00,2026-03-18,20,Wednesday,False,Downtown_CBD,Clear,0.314,60.0,1.844,110.61,285.3,118.6,100.2,0.3514,0.3514,1.406,11088.62,82.96,False,0.0472
2026-03-18 21:00:00,2026-03-18,21,Wednesday,False,Downtown_CBD,Clear,0.271,60.0,1.294,77.62,184.5,123.9,96.5,0.5231,0.5231,0.49,7492.86,58.22,False,0.02
2026-03-18 22:00:00,2026-03-18,22,Wednesday,False,Downtown_CBD,Clear,0.07,60.0,1.0,60.0,95.7,106.7,64.1,0.6698,0.6698,-0.103,3846.54,45.0,False,0.02
2026-03-18 23:00:00,2026-03-18,23,Wednesday,False,Downtown_CBD,Clear,0.108,60.0,1.0,60.0,60.3,108.2,39.7,0.6581,0.6581,-0.443,2380.4,45.0,False,0.02
2026-03-19 00:00:00,2026-03-19,0,Thursday,False,Downtown_CBD,Clear,0.06,60.0,1.0,60.0,51.5,76.4,34.0,0.6606,0.6606,-0.326,2039.93,45.0,False,0.02
2026-03-19 01:00:00,2026-03-19,1,Thursday,False,Downtown_CBD,Clear,0.068,60.0,1.0,60.0,47.8,72.2,32.1,0.6702,0.6702,-0.338,1923.64,45.0,False,0.02
2026-03-19 02:00:00,2026-03-19,2,Thursday,False,Downtown_CBD,Clear,0.035,60.0,1.0,60.0,50.8,63.8,33.7,0.6633,0.6633,-0.204,2020.44,45.0,False,0.02
2026-03-19 03:00:00,2026-03-19,3,Thursday,False,Downtown_CBD,Clear,0.046,60.0,1.0,60.0,47.5,83.6,31.5,0.6631,0.6631,-0.432,1889.57,45.0,False,0.02
2026-03-19 04:00:00,2026-03-19,4,Thursday,False,Downtown_CBD,Clear,0.052,60.0,1.0,60.0,52.2,85.7,34.7,0.6647,0.6647,-0.391,2083.27,45.0,False,0.02
2026-03-19 05:00:00,2026-03-19,5,Thursday,False,Downtown_CBD,Clear,0.044,60.0,1.0,60.0,77.8,104.1,53.0,0.6816,0.6816,-0.253,3180.48,45.0,False,0.02
2026-03-19 06:00:00,2026-03-19,6,Thursday,False,Downtown_CBD,Clear,0.217,60.0,1.138,68.3,124.4,101.1,73.7,0.5923,0.5923,0.231,5032.17,51.22,False,0.02
2026-03-19 07:00:00,2026-03-19,7,Thursday,False,Downtown_CBD,Clear,0.235,60.0,1.502,90.12,207.6,113.0,89.2,0.4295,0.4295,0.837,8034.88,67.59,False,0.0301
2026-03-19 08:00:00,2026-03-19,8,Thursday,False,Downtown_CBD,Clear,0.425,60.0,1.898,113.89,309.9,124.1,106.9,0.3451,0.3451,1.497,12180.2,85.42,False,0.0499
2026-03-19 09:00:00,2026-03-19,9,Thursday,False,Downtown_CBD,Clear,0.335,60.0,2.109,126.55,304.9,107.0,95.0,0.3115,0.3115,1.849,12018.72,94.91,False,0.0605
2026-03-19 10:00:00,2026-03-19,10,Thursday,False,Downtown_CBD,Clear,0.246,60.0,1.497,89.82,202.9,110.9,87.7,0.4321,0.4321,0.828,7873.27,67.36,False,0.0299
2026-03-19 11:00:00,2026-03-19,11,Thursday,False,Downtown_CBD,Clear,0.154,60.0,1.022,61.34,124.5,120.1,79.5,0.6387,0.6387,0.037,4878.55,46.01,False,0.02
2026-03-19 12:00:00,2026-03-19,12,Thursday,False,Downtown_CBD,Clear,0.09,60.0,1.0,60.0,69.0,118.9,47.4,0.6875,0.6875,-0.42,2846.63,45.0,False,0.02
2026-03-19 13:00:00,2026-03-19,13,Thursday,False,Downtown_CBD,Clear,0.078,60.0,1.0,60.0,58.9,107.9,39.6,0.6728,0.6728,-0.454,2378.78,45.0,False,0.02
2026-03-19 14:00:00,2026-03-19,14,Thursday,False,Downtown_CBD,Clear,0.061,60.0,1.0,60.0,65.2,123.0,44.4,0.6803,0.6803,-0.47,2662.34,45.0,False,0.02
2026-03-19 15:00:00,2026-03-19,15,Thursday,False,Downtown_CBD,Clear,0.065,60.0,1.0,60.0,85.1,106.9,58.3,0.685,0.685,-0.204,3496.8,45.0,False,0.02
2026-03-19 16:00:00,2026-03-19,16,Thursday,False,Downtown_CBD,Clear,0.184,60.0,1.176,70.57,164.0,126.8,95.8,0.5839,0.5839,0.294,6758.05,52.93,False,0.02
2026-03-19 17:00:00,2026-03-19,17,Thursday,False,Downtown_CBD,Clear,0.339,60.0,1.816,108.98,306.1,129.7,109.4,0.3574,0.3574,1.361,11920.17,81.73,False,0.0458
2026-03-19 18:00:00,2026-03-19,18,Thursday,False,Downtown_CBD,Clear,0.422,60.0,1.775,106.48,326.7,142.6,122.6,0.3752,0.3752,1.291,13054.54,79.86,False,0.0437
2026-03-19 19:00:00,2026-03-19,19,Thursday,False,Downtown_CBD,Clear,0.484,60.0,1.909,114.52,313.7,124.8,109.1,0.3479,0.3479,1.514,12495.64,85.89,False,0.0504
2026-03-19 20:00:00,2026-03-19,20,Thursday,False,Downtown_CBD,Clear,0.322,60.0,1.691,101.45,259.0,120.4,103.5,0.3994,0.3994,1.151,10495.97,76.09,False,0.0395
2026-03-19 21:00:00,2026-03-19,21,Thursday,False,Downtown_CBD,Clear,0.216,60.0,1.103,66.2,135.4,115.5,81.0,0.598,0.598,0.172,5361.94,49.65,False,0.02
2026-03-19 22:00:00,2026-03-19,22,Thursday,False,Downtown_CBD,Clear,0.083,60.0,1.0,60.0,105.0,119.3,70.2,0.6684,0.6684,-0.119,4212.1,45.0,False,0.02
2026-03-19 23:00:00,2026-03-19,23,Thursday,False,Downtown_CBD,Clear,0.035,60.0,1.0,60.0,62.5,90.1,41.9,0.6709,0.6709,-0.306,2515.7,45.0,False,0.02
2026-03-20 00:00:00,2026-03-20,0,Friday,False,Downtown_CBD,Clear,0.004,60.0,1.0,60.0,44.1,71.3,30.3,0.6861,0.6861,-0.381,1816.43,45.0,False,0.02
2026-03-20 01:00:00,2026-03-20,1,Friday,False,Downtown_CBD,Clear,0.048,60.0,1.0,60.0,47.0,73.8,31.1,0.6621,0.6621,-0.363,1867.19,45.0,False,0.02
2026-03-20 02:00:00,2026-03-20,2,Friday,False,Downtown_CBD,Clear,0.085,60.0,1.0,60.0,49.2,76.9,32.4,0.6583,0.6583,-0.36,1944.3,45.0,False,0.02
2026-03-20 03:00:00,2026-03-20,3,Friday,False,Downtown_CBD,Clear,0.053,60.0,1.0,60.0,50.8,79.5,33.5,0.6587,0.6587,-0.36,2008.91,45.0,False,0.02
2026-03-20 04:00:00,2026-03-20,4,Friday,False,Downtown_CBD,Clear,0.076,60.0,1.0,60.0,55.5,86.3,37.2,0.6706,0.6706,-0.357,2232.29,45.0,False,0.02
2026-03-20 05:00:00,2026-03-20,5,Friday,False,Downtown_CBD,Clear,0.079,60.0,1.0,60.0,84.5,93.8,56.6,0.6705,0.6705,-0.1,3398.42,45.0,False,0.02
2026-03-20 06:00:00,2026-03-20,6,Friday,False,Downtown_CBD,Clear,0.173,60.0,1.134,68.03,122.3,100.0,69.7,0.5698,0.5698,0.223,4739.75,51.02,False,0.02
2026-03-20 07:00:00,2026-03-20,7,Friday,False,Downtown_CBD,Clear,0.23,60.0,1.669,100.11,222.1,105.1,85.7,0.3857,0.3857,1.114,8576.9,75.08,False,0.0384
2026-03-20 08:00:00,2026-03-20,8,Friday,False,Downtown_CBD,Clear,0.345,60.0,1.814,108.86,273.5,116.0,96.9,0.3541,0.3541,1.357,10543.74,81.64,False,0.0457
2026-03-20 09:00:00,2026-03-20,9,Friday,False,Downtown_CBD,Clear,0.349,60.0,1.653,99.18,249.1,119.3,99.7,0.4003,0.4003,1.088,9887.91,74.39,False,0.0376
2026-03-20 10:00:00,2026-03-20,10,Friday,False,Downtown_CBD,Clear,0.237,60.0,1.44,86.39,229.3,132.3,102.3,0.4463,0.4463,0.733,8840.05,64.79,False,0.027
2026-03-20 11:00:00,2026-03-20,11,Friday,False,Downtown_CBD,Clear,0.187,60.0,1.0,60.0,119.3,130.7,78.8,0.66,0.66,-0.087,4725.16,45.0,False,0.02
2026-03-20 12:00:00,2026-03-20,12,Friday,False,Downtown_CBD,Clear,0.07,60.0,1.0,60.0,68.6,123.4,46.0,0.671,0.671,-0.444,2762.64,45.0,False,0.02
2026-03-20 13:00:00,2026-03-20,13,Friday,False,Downtown_CBD,Clear,0.04,60.0,1.0,60.0,58.0,113.3,39.0,0.6733,0.6733,-0.489,2341.28,45.0,False,0.02
2026-03-20 14:00:00,2026-03-20,14,Friday,False,Downtown_CBD,Clear,0.09,60.0,1.0,60.0,63.5,109.3,42.7,0.6721,0.6721,-0.419,2559.86,45.0,False,0.02
2026-03-20 15:00:00,2026-03-20,15,Friday,False,Downtown_CBD,Clear,0.066,60.0,1.0,60.0,100.4,119.7,66.3,0.6606,0.6606,-0.161,3980.98,45.0,False,0.02
2026-03-20 16:00:00,2026-03-20,16,Friday,False,Downtown_CBD,Clear,0.145,60.0,1.147,68.84,160.2,128.6,93.7,0.585,0.585,0.246,6452.98,51.63,False,0.02
2026-03-20 17:00:00,2026-03-20,17,Friday,False,Downtown_CBD,Clear,0.375,60.0,1.506,90.35,246.6,133.8,107.0,0.434,0.434,0.843,9667.77,67.76,False,0.0303
2026-03-20 18:00:00,2026-03-20,18,Friday,False,Downtown_CBD,Clear,0.412,60.0,2.301,138.09,378.8,119.5,110.7,0.2923,0.2923,2.169,15287.75,103.57,False,0.0701
2026-03-20 19:00:00,2026-03-20,19,Friday,False,Downtown_CBD,Clear,0.426,60.0,2.11,126.58,394.7,138.5,125.5,0.318,0.318,1.849,15884.62,94.94,False,0.0605
2026-03-20 20:00:00,2026-03-20,20,Friday,False,Downtown_CBD,Clear,0.343,60.0,1.497,89.84,225.8,123.5,99.3,0.4396,0.4396,0.829,8918.74,67.38,False,0.0299
2026-03-20 21:00:00,2026-03-20,21,Friday,False,Downtown_CBD,Clear,0.226,60.0,1.283,76.99,161.8,109.9,83.8,0.518,0.518,0.472,6451.58,57.74,False,0.02
2026-03-20 22:00:00,2026-03-20,22,Friday,False,Downtown_CBD,Clear,0.092,60.0,1.0,60.0,89.8,124.6,60.3,0.6711,0.6711,-0.279,3617.01,45.0,False,0.02
2026-03-20 23:00:00,2026-03-20,23,Friday,False,Downtown_CBD,Clear,0.093,60.0,1.0,60.0,58.5,98.4,39.1,0.6678,0.6678,-0.405,2344.17,45.0,False,0.02
2026-03-21 00:00:00,2026-03-21,0,Saturday,True,Downtown_CBD,Rain,0.172,60.0,1.0,60.0,63.1,71.8,38.5,0.6105,0.6105,-0.121,2312.17,45.0,False,0.02
2026-03-21 01:00:00,2026-03-21,1,Saturday,True,Downtown_CBD,Rain,0.211,60.0,1.015,60.89,78.7,76.8,49.4,0.6274,0.6274,0.025,3007.59,45.67,False,0.02
2026-03-21 02:00:00,2026-03-21,2,Saturday,True,Downtown_CBD,Rain,0.237,60.0,1.0,60.0,71.0,79.5,46.4,0.6533,0.6533,-0.106,2783.84,45.0,False,0.02
2026-03-21 03:00:00,2026-03-21,3,Saturday,True,Downtown_CBD,Rain,0.237,60.0,1.0,60.0,65.4,82.2,40.6,0.6213,0.6213,-0.204,2438.52,45.0,False,0.02
2026-03-21 04:00:00,2026-03-21,4,Saturday,True,Downtown_CBD,Rain,0.257,60.0,1.0,60.0,73.8,86.1,47.0,0.6368,0.6368,-0.143,2819.29,45.0,False,0.02
2026-03-21 05:00:00,2026-03-21,5,Saturday,True,Downtown_CBD,Rain,0.254,60.0,1.0,60.0,79.8,84.1,51.7,0.6476,0.6476,-0.051,3100.45,45.0,False,0.02
2026-03-21 06:00:00,2026-03-21,6,Saturday,True,Downtown_CBD,Rain,0.239,60.0,1.0,60.0,83.2,87.4,52.8,0.6339,0.6339,-0.047,3165.82,45.0,False,0.02
2026-03-21 07:00:00,2026-03-21,7,Saturday,True,Downtown_CBD,Rain,0.306,60.0,1.066,63.93,98.7,89.0,59.8,0.6056,0.6056,0.109,3821.96,47.95,False,0.02
2026-03-21 08:00:00,2026-03-21,8,Saturday,True,Downtown_CBD,Rain,0.259,60.0,1.123,67.37,116.9,97.1,65.1,0.5568,0.5568,0.205,4386.09,50.53,False,0.02
2026-03-21 09:00:00,2026-03-21,9,Saturday,True,Downtown_CBD,Rain,0.324,60.0,1.353,81.15,164.6,103.7,75.7,0.4598,0.4598,0.588,6142.88,60.86,False,0.0226
2026-03-21 10:00:00,2026-03-21,10,Saturday,True,Downtown_CBD,Rain,0.393,60.0,1.466,87.96,210.9,118.7,89.3,0.4234,0.4234,0.777,7852.86,65.97,False,0.0283
2026-03-21 11:00:00,2026-03-21,11,Saturday,True,Downtown_CBD,Rain,0.425,60.0,1.505,90.28,232.5,126.3,96.7,0.416,0.416,0.841,8733.25,67.71,False,0.0302
2026-03-21 12:00:00,2026-03-21,12,Saturday,True,Downtown_CBD,Rain,0.463,60.0,1.744,104.64,261.7,116.8,97.7,0.3736,0.3736,1.24,10228.1,78.48,False,0.0422
2026-03-21 13:00:00,2026-03-21,13,Saturday,True,Downtown_CBD,Rain,0.528,60.0,1.957,117.44,342.7,132.0,111.3,0.3248,0.3248,1.596,13071.94,88.08,False,0.0529
2026-03-21 14:00:00,2026-03-21,14,Saturday,True,Downtown_CBD,Rain,0.466,60.0,1.794,107.64,330.8,142.4,114.5,0.3463,0.3463,1.323,12328.86,80.73,False,0.0447
2026-03-21 15:00:00,2026-03-21,15,Saturday,True,Downtown_CBD,Rain,0.442,60.0,1.494,89.65,257.3,141.1,106.0,0.412,0.412,0.824,9502.9,67.24,False,0.0297
2026-03-21 16:00:00,2026-03-21,16,Saturday,True,Downtown_CBD,Rain,0.456,60.0,1.627,97.61,263.8,129.0,99.3,0.3762,0.3762,1.045,9688.02,73.21,False,0.0363
2026-03-21 17:00:00,2026-03-21,17,Saturday,True,Downtown_CBD,Rain,0.379,60.0,1.365,81.88,208.0,129.4,95.9,0.4608,0.4608,0.608,7848.92,61.41,False,0.0232
2026-03-21 18:00:00,2026-03-21,18,Saturday,True,Downtown_CBD,Rain,0.319,60.0,1.497,89.84,221.0,120.8,92.3,0.4176,0.4176,0.829,8290.66,67.38,False,0.0299
2026-03-21 19:00:00,2026-03-21,19,Saturday,True,Downtown_CBD,Rain,0.36,60.0,1.45,86.97,193.3,110.5,82.6,0.4271,0.4271,0.749,7181.0,65.23,False,0.0275
2026-03-21 20:00:00,2026-03-21,20,Saturday,True,Downtown_CBD,Rain,0.432,60.0,1.92,115.18,250.4,98.9,83.8,0.3347,0.3347,1.533,9651.87,86.39,False,0.051
2026-03-21 21:00:00,2026-03-21,21,Saturday,True,Downtown_CBD,Rain,0.51,60.0,2.22,133.21,324.7,107.0,92.1,0.2837,0.2837,2.034,12270.24,99.91,False,0.066
2026-03-21 22:00:00,2026-03-21,22,Saturday,True,Downtown_CBD,Rain,0.486,60.0,2.193,131.57,308.8,103.4,89.1,0.2886,0.2886,1.988,11726.28,98.68,False,0.0646
2026-03-21 23:00:00,2026-03-21,23,Saturday,True,Downtown_CBD,Rain,0.485,60.0,2.579,154.77,322.8,88.9,78.2,0.2422,0.2422,2.632,12097.9,116.08,False,0.084
2026-03-22 00:00:00,2026-03-22,0,Sunday,True,Downtown_CBD,Clear,0.092,60.0,1.0,60.0,66.3,71.6,44.9,0.6772,0.6772,-0.073,2695.39,45.0,False,0.02
2026-03-22 01:00:00,2026-03-22,1,Sunday,True,Downtown_CBD,Clear,0.088,60.0,1.0,60.0,63.6,83.2,42.5,0.6682,0.6682,-0.236,2548.59,45.0,False,0.02
2026-03-22 02:00:00,2026-03-22,2,Sunday,True,Downtown_CBD,Clear,0.078,60.0,1.0,60.0,62.7,72.6,42.6,0.6798,0.6798,-0.137,2556.7,45.0,False,0.02
2026-03-22 03:00:00,2026-03-22,3,Sunday,True,Downtown_CBD,Clear,0.067,60.0,1.0,60.0,62.3,74.5,40.6,0.6505,0.6505,-0.163,2433.35,45.0,False,0.02
2026-03-22 04:00:00,2026-03-22,4,Sunday,True,Downtown_CBD,Clear,0.034,60.0,1.0,60.0,65.4,87.6,43.4,0.663,0.663,-0.253,2601.74,45.0,False,0.02
2026-03-22 05:00:00,2026-03-22,5,Sunday,True,Downtown_CBD,Clear,0.101,60.0,1.0,60.0,67.8,86.6,44.6,0.6581,0.6581,-0.217,2678.28,45.0,False,0.02
2026-03-22 06:00:00,2026-03-22,6,Sunday,True,Downtown_CBD,Clear,0.055,60.0,1.0,60.0,75.7,88.0,49.1,0.6484,0.6484,-0.14,2943.99,45.0,False,0.02
2026-03-22 07:00:00,2026-03-22,7,Sunday,True,Downtown_CBD,Clear,0.063,60.0,1.0,60.0,87.9,90.0,58.1,0.661,0.661,-0.023,3487.5,45.0,False,0.02
2026-03-22 08:00:00,2026-03-22,8,Sunday,True,Downtown_CBD,Clear,0.126,60.0,1.047,62.82,106.4,98.7,66.4,0.6239,0.6239,0.078,4171.16,47.12,False,0.02
2026-03-22 09:00:00,2026-03-22,9,Sunday,True,Downtown_CBD,Clear,0.15,60.0,1.395,83.69,158.1,95.4,73.8,0.4665,0.4665,0.658,6174.04,62.77,False,0.0247
2026-03-22 10:00:00,2026-03-22,10,Sunday,True,Downtown_CBD,Clear,0.242,60.0,1.349,80.93,172.1,108.8,86.9,0.5052,0.5052,0.581,7035.45,60.7,False,0.0224
2026-03-22 11:00:00,2026-03-22,11,Sunday,True,Downtown_CBD,Clear,0.259,60.0,1.528,91.67,220.4,117.3,94.1,0.4268,0.4268,0.88,8624.08,68.75,False,0.0314
2026-03-22 12:00:00,2026-03-22,12,Sunday,True,Downtown_CBD,Clear,0.317,60.0,1.772,106.34,259.7,113.6,93.8,0.3611,0.3611,1.287,9973.08,79.75,False,0.0436
2026-03-22 13:00:00,2026-03-22,13,Sunday,True,Downtown_CBD,Clear,0.321,60.0,1.626,97.54,290.5,142.2,120.2,0.4137,0.4137,1.043,11721.19,73.16,False,0.0363
2026-03-22 14:00:00,2026-03-22,14,Sunday,True,Downtown_CBD,Clear,0.372,60.0,1.964,117.84,326.3,125.2,109.3,0.335,0.335,1.607,12877.53,88.38,False,0.0532
2026-03-22 15:00:00,2026-03-22,15,Sunday,True,Downtown_CBD,Clear,0.318,60.0,1.608,96.47,256.2,127.3,105.4,0.4112,0.4112,1.013,10164.34,72.35,False,0.0354
2026-03-22 16:00:00,2026-03-22,16,Sunday,True,Downtown_CBD,Clear,0.283,60.0,1.346,80.77,196.1,124.4,95.1,0.4851,0.4851,0.577,7684.86,60.58,False,0.0223
2026-03-22 17:00:00,2026-03-22,17,Sunday,True,Downtown_CBD,Clear,0.221,60.0,1.083,64.95,165.6,145.6,101.8,0.6148,0.6148,0.138,6613.61,48.71,False,0.02
2026-03-22 18:00:00,2026-03-22,18,Sunday,True,Downtown_CBD,Clear,0.179,60.0,1.461,87.65,192.4,108.8,84.9,0.4414,0.4414,0.768,7441.94,65.74,False,0.028
2026-03-22 19:00:00,2026-03-22,19,Sunday,True,Downtown_CBD,Clear,0.19,60.0,1.229,73.75,161.9,117.2,83.9,0.5182,0.5182,0.382,6189.21,55.31,False,0.02
2026-03-22 20:00:00,2026-03-22,20,Sunday,True,Downtown_CBD,Clear,0.217,60.0,1.769,106.12,242.8,106.4,89.1,0.367,0.367,1.281,9455.32,79.59,False,0.0434
2026-03-22 21:00:00,2026-03-22,21,Sunday,True,Downtown_CBD,Clear,0.364,60.0,2.207,132.42,326.5,108.4,102.1,0.3128,0.3128,2.012,13524.72,99.31,False,0.0653
2026-03-22 22:00:00,2026-03-22,22,Sunday,True,Downtown_CBD,Clear,0.419,60.0,2.425,145.52,332.4,98.5,91.0,0.2738,0.2738,2.376,13244.63,109.14,False,0.0763
2026-03-22 23:00:00,2026-03-22,23,Sunday,True,Downtown_CBD,Clear,0.323,60.0,2.134,128.02,269.7,93.4,82.7,0.3066,0.3066,1.889,10588.65,96.02,False,0.0617
2026-03-23 00:00:00,2026-03-23,0,Monday,False,Downtown_CBD,Clear,0.064,60.0,1.0,60.0,45.5,74.2,30.3,0.6656,0.6656,-0.387,1815.44,45.0,False,0.02
2026-03-23 01:00:00,2026-03-23,1,Monday,False,Downtown_CBD,Clear,0.053,60.0,1.0,60.0,53.3,77.7,34.9,0.6544,0.6544,-0.314,2093.13,45.0,False,0.02
2026-03-23 02:00:00,2026-03-23,2,Monday,False,Downtown_CBD,Clear,0.039,60.0,1.0,60.0,43.6,77.3,29.0,0.6665,0.6665,-0.436,1742.56,45.0,False,0.02
2026-03-23 03:00:00,2026-03-23,3,Monday,False,Downtown_CBD,Clear,0.053,60.0,1.0,60.0,53.9,80.8,35.2,0.6525,0.6525,-0.333,2110.93,45.0,False,0.02
2026-03-23 04:00:00,2026-03-23,4,Monday,False,Downtown_CBD,Clear,0.08,60.0,1.0,60.0,53.5,91.5,36.3,0.6787,0.6787,-0.415,2179.08,45.0,False,0.02
2026-03-23 05:00:00,2026-03-23,5,Monday,False,Downtown_CBD,Clear,0.107,60.0,1.0,60.0,74.6,96.7,49.7,0.6659,0.6659,-0.229,2981.82,45.0,False,0.02
2026-03-23 06:00:00,2026-03-23,6,Monday,False,Downtown_CBD,Clear,0.167,60.0,1.084,65.05,118.7,104.1,70.9,0.5975,0.5975,0.14,4611.7,48.79,False,0.02
2026-03-23 07:00:00,2026-03-23,7,Monday,False,Downtown_CBD,Clear,0.223,60.0,1.532,91.91,234.1,124.1,99.8,0.4263,0.4263,0.886,9171.43,68.93,False,0.0316
2026-03-23 08:00:00,2026-03-23,8,Monday,False,Downtown_CBD,Clear,0.359,60.0,1.827,109.64,276.2,116.1,99.2,0.3592,0.3592,1.379,10875.69,82.23,False,0.0464
2026-03-23 09:00:00,2026-03-23,9,Monday,False,Downtown_CBD,Clear,0.366,60.0,1.636,98.17,265.4,128.8,109.1,0.4112,0.4112,1.06,10714.93,73.63,False,0.0368
2026-03-23 10:00:00,2026-03-23,10,Monday,False,Downtown_CBD,Clear,0.272,60.0,1.687,101.22,270.3,126.0,104.5,0.3867,0.3867,1.145,10579.33,75.91,False,0.0394
2026-03-23 11:00:00,2026-03-23,11,Monday,False,Downtown_CBD,Clear,0.117,60.0,1.06,63.58,131.9,120.0,82.1,0.6228,0.6228,0.099,5222.4,47.69,False,0.02
2026-03-23 12:00:00,2026-03-23,12,Monday,False,Downtown_CBD,Clear,0.08,60.0,1.0,60.0,66.6,130.9,44.9,0.674,0.674,-0.491,2693.78,45.0,False,0.02
2026-03-23 13:00:00,2026-03-23,13,Monday,False,Downtown_CBD,Clear,0.082,60.0,1.0,60.0,47.1,125.8,31.3,0.6656,0.6656,-0.626,1880.15,45.0,False,0.02
2026-03-23 14:00:00,2026-03-23,14,Monday,False,Downtown_CBD,Clear,0.028,60.0,1.0,60.0,64.9,111.5,43.8,0.6752,0.6752,-0.418,2627.38,45.0,False,0.02
2026-03-23 15:00:00,2026-03-23,15,Monday,False,Downtown_CBD,Clear,0.092,60.0,1.0,60.0,109.0,130.9,70.8,0.6495,0.6495,-0.167,4249.05,45.0,False,0.02
2026-03-23 16:00:00,2026-03-23,16,Monday,False,Downtown_CBD,Clear,0.213,60.0,1.108,66.5,161.6,136.9,95.1,0.5884,0.5884,0.18,6323.27,49.88,False,0.02
2026-03-23 17:00:00,2026-03-23,17,Monday,False,Downtown_CBD,Clear,0.309,60.0,1.59,95.43,276.7,139.5,114.3,0.4129,0.4129,0.984,10904.25,71.57,False,0.0345
2026-03-23 18:00:00,2026-03-23,18,Monday,False,Downtown_CBD,Clear,0.376,60.0,2.037,122.22,370.1,135.6,122.4,0.3307,0.3307,1.728,14959.17,91.66,False,0.0569
2026-03-23 19:00:00,2026-03-23,19,Monday,False,Downtown_CBD,Clear,0.458,60.0,1.941,116.48,350.4,136.4,118.9,0.3394,0.3394,1.569,13852.87,87.36,False,0.0521
2026-03-23 20:00:00,2026-03-23,20,Monday,False,Downtown_CBD,Clear,0.379,60.0,1.795,107.72,321.2,138.1,116.8,0.3635,0.3635,1.326,12577.14,80.79,False,0.0448
2026-03-23 21:00:00,2026-03-23,21,Monday,False,Downtown_CBD,Clear,0.195,60.0,1.238,74.28,172.3,123.4,92.6,0.5376,0.5376,0.397,6880.9,55.71,False,0.02
2026-03-23 22:00:00,2026-03-23,22,Monday,False,Downtown_CBD,Clear,0.155,60.0,1.0,60.0,106.1,117.7,71.8,0.6771,0.6771,-0.098,4310.29,45.0,False,0.02
2026-03-23 23:00:00,2026-03-23,23,Monday,False,Downtown_CBD,Clear,0.065,60.0,1.0,60.0,60.8,113.2,40.7,0.6683,0.6683,-0.462,2439.9,45.0,False,0.02
2026-03-24 00:00:00,2026-03-24,0,Tuesday,False,Downtown_CBD,Rain,0.193,60.0,1.0,60.0,54.2,75.0,34.7,0.6403,0.6403,-0.278,2082.39,45.0,False,0.02
2026-03-24 01:00:00,2026-03-24,1,Tuesday,False,Downtown_CBD,Rain,0.278,60.0,1.0,60.0,55.3,73.0,34.7,0.6269,0.6269,-0.243,2079.36,45.0,False,0.02
2026-03-24 02:00:00,2026-03-24,2,Tuesday,False,Downtown_CBD,Rain,0.201,60.0,1.0,60.0,52.9,70.5,32.7,0.6177,0.6177,-0.25,1959.35,45.0,False,0.02
2026-03-24 03:00:00,2026-03-24,3,Tuesday,False,Downtown_CBD,Rain,0.217,60.0,1.0,60.0,55.1,81.8,34.7,0.6295,0.6295,-0.326,2081.88,45.0,False,0.02
2026-03-24 04:00:00,2026-03-24,4,Tuesday,False,Downtown_CBD,Rain,0.216,60.0,1.0,60.0,55.2,92.7,35.9,0.6495,0.6495,-0.404,2152.07,45.0,False,0.02
2026-03-24 05:00:00,2026-03-24,5,Tuesday,False,Downtown_CBD,Rain,0.233,60.0,1.0,60.0,78.8,97.0,49.8,0.6319,0.6319,-0.187,2989.18,45.0,False,0.02
2026-03-24 06:00:00,2026-03-24,6,Tuesday,False,Downtown_CBD,Rain,0.285,60.0,1.193,71.6,134.2,101.5,69.2,0.5155,0.5155,0.322,4952.76,53.7,False,0.02
2026-03-24 07:00:00,2026-03-24,7,Tuesday,False,Downtown_CBD,Rain,0.418,60.0,1.758,105.5,272.7,120.5,99.4,0.3644,0.3644,1.264,10483.58,79.12,False,0.0429
2026-03-24 08:00:00,2026-03-24,8,Tuesday,False,Downtown_CBD,Rain,0.512,60.0,1.91,114.61,332.3,132.0,108.3,0.3261,0.3261,1.517,12417.12,85.96,False,0.0505
2026-03-24 09:00:00,2026-03-24,9,Tuesday,False,Downtown_CBD,Rain,0.485,60.0,2.038,122.31,346.7,127.0,106.6,0.3074,0.3074,1.731,13036.23,91.73,False,0.0569
2026-03-24 10:00:00,2026-03-24,10,Tuesday,False,Downtown_CBD,Rain,0.417,60.0,1.36,81.59,233.5,145.9,105.2,0.4506,0.4506,0.6,8584.52,61.19,False,0.023
2026-03-24 11:00:00,2026-03-24,11,Tuesday,False,Downtown_CBD,Rain,0.341,60.0,1.096,65.74,136.4,117.6,79.7,0.5844,0.5844,0.159,5238.77,49.3,False,0.02
2026-03-24 12:00:00,2026-03-24,12,Tuesday,False,Downtown_CBD,Rain,0.238,60.0,1.0,60.0,82.2,123.5,53.2,0.6473,0.6473,-0.334,3192.33,45.0,False,0.02
2026-03-24 13:00:00,2026-03-24,13,Tuesday,False,Downtown_CBD,Rain,0.22,60.0,1.0,60.0,58.7,119.7,36.2,0.6168,0.6168,-0.51,2173.34,45.0,False,0.02
2026-03-24 14:00:00,2026-03-24,14,Tuesday,False,Downtown_CBD,Rain,0.254,60.0,1.0,60.0,78.8,112.2,49.8,0.6321,0.6321,-0.298,2988.55,45.0,False,0.02
2026-03-24 15:00:00,2026-03-24,15,Tuesday,False,Downtown_CBD,Rain,0.275,60.0,1.0,60.0,96.3,115.7,60.4,0.627,0.627,-0.167,3624.38,45.0,False,0.02
2026-03-24 16:00:00,2026-03-24,16,Tuesday,False,Downtown_CBD,Rain,0.378,60.0,1.28,76.81,182.6,124.5,89.6,0.4906,0.4906,0.467,6881.38,57.61,False,0.02
2026-03-24 17:00:00,2026-03-24,17,Tuesday,False,Downtown_CBD,Rain,0.451,60.0,1.654,99.26,270.2,129.2,99.3,0.3676,0.3676,1.091,9858.91,74.45,False,0.0377
2026-03-24 18:00:00,2026-03-24,18,Tuesday,False,Downtown_CBD,Rain,0.583,60.0,2.214,132.84,370.8,122.6,107.3,0.2894,0.2894,2.023,14252.3,99.63,False,0.0657
2026-03-24 19:00:00,2026-03-24,19,Tuesday,False,Downtown_CBD,Rain,0.578,60.0,2.227,133.59,404.0,132.7,109.1,0.2699,0.2699,2.044,14568.62,100.19,False,0.0663
2026-03-24 20:00:00,2026-03-24,20,Tuesday,False,Downtown_CBD,Rain,0.49,60.0,1.596,95.74,260.6,130.8,100.4,0.3851,0.3851,0.993,9610.93,71.8,False,0.0348
2026-03-24 21:00:00,2026-03-24,21,Tuesday,False,Downtown_CBD,Rain,0.377,60.0,1.359,81.53,205.0,128.3,96.2,0.469,0.469,0.598,7839.62,61.15,False,0.0229
2026-03-24 22:00:00,2026-03-24,22,Tuesday,False,Downtown_CBD,Rain,0.23,60.0,1.0,60.0,102.9,122.4,66.6,0.6479,0.6479,-0.16,3998.33,45.0,False,0.02
2026-03-24 23:00:00,2026-03-24,23,Tuesday,False,Downtown_CBD,Rain,0.163,60.0,1.0,60.0,78.3,104.9,49.2,0.6289,0.6289,-0.253,2954.58,45.0,False,0.02
2026-03-25 00:00:00,2026-03-25,0,Wednesday,False,Downtown_CBD,Clear,0.041,60.0,1.0,60.0,51.2,71.7,34.0,0.6628,0.6628,-0.285,2037.77,45.0,False,0.02
2026-03-25 01:00:00,2026-03-25,1,Wednesday,False,Downtown_CBD,Clear,0.053,60.0,1.0,60.0,50.9,77.8,33.7,0.6606,0.6606,-0.345,2019.41,45.0,False,0.02
2026-03-25 02:00:00,2026-03-25,2,Wednesday,False,Downtown_CBD,Clear,0.137,60.0,1.0,60.0,55.5,64.0,37.6,0.6764,0.6764,-0.132,2253.81,45.0,False,0.02
2026-03-25 03:00:00,2026-03-25,3,Wednesday,False,Downtown_CBD,Clear,0.045,60.0,1.0,60.0,48.7,86.7,32.7,0.6718,0.6718,-0.438,1961.46,45.0,False,0.02
2026-03-25 04:00:00,2026-03-25,4,Wednesday,False,Downtown_CBD,Clear,0.036,60.0,1.0,60.0,59.0,82.8,39.7,0.6738,0.6738,-0.288,2383.71,45.0,False,0.02
2026-03-25 05:00:00,2026-03-25,5,Wednesday,False,Downtown_CBD,Clear,0.067,60.0,1.0,60.0,60.7,96.0,42.0,0.6918,0.6918,-0.368,2518.55,45.0,False,0.02
2026-03-25 06:00:00,2026-03-25,6,Wednesday,False,Downtown_CBD,Clear,0.194,60.0,1.161,69.63,129.4,102.1,74.1,0.5727,0.5727,0.268,5159.76,52.22,False,0.02
2026-03-25 07:00:00,2026-03-25,7,Wednesday,False,Downtown_CBD,Clear,0.25,60.0,1.462,87.72,198.3,112.1,89.0,0.4489,0.4489,0.77,7809.09,65.79,False,0.0281
2026-03-25 08:00:00,2026-03-25,8,Wednesday,False,Downtown_CBD,Clear,0.322,60.0,1.693,101.55,263.5,122.3,101.1,0.3838,0.3838,1.154,10269.93,76.16,False,0.0396
2026-03-25 09:00:00,2026-03-25,9,Wednesday,False,Downtown_CBD,Clear,0.372,60.0,2.107,126.41,336.0,118.1,106.7,0.3176,0.3176,1.845,13489.44,94.81,False,0.0603
2026-03-25 10:00:00,2026-03-25,10,Wednesday,False,Downtown_CBD,Clear,0.262,60.0,1.549,92.93,219.7,114.8,93.3,0.4246,0.4246,0.915,8670.06,69.7,False,0.0324
2026-03-25 11:00:00,2026-03-25,11,Wednesday,False,Downtown_CBD,Clear,0.116,60.0,1.0,60.0,127.6,133.7,87.5,0.6859,0.6859,-0.045,5252.78,45.0,False,0.02
2026-03-25 12:00:00,2026-03-25,12,Wednesday,False,Downtown_CBD,Clear,0.101,60.0,1.0,60.0,70.9,123.9,46.0,0.6488,0.6488,-0.427,2761.2,45.0,False,0.02
2026-03-25 13:00:00,2026-03-25,13,Wednesday,False,Downtown_CBD,Clear,0.09,60.0,1.0,60.0,58.4,123.7,39.6,0.6772,0.6772,-0.528,2374.3,45.0,False,0.02
2026-03-25 14:00:00,2026-03-25,14,Wednesday,False,Downtown_CBD,Clear,0.068,60.0,1.0,60.0,64.3,134.1,43.2,0.6713,0.6713,-0.521,2589.69,45.0,False,0.02
2026-03-25 15:00:00,2026-03-25,15,Wednesday,False,Downtown_CBD,Clear,0.11,60.0,1.0,60.0,94.3,125.4,62.3,0.6606,0.6606,-0.248,3737.53,45.0,False,0.02
2026-03-25 16:00:00,2026-03-25,16,Wednesday,False,Downtown_CBD,Clear,0.208,60.0,1.255,75.33,179.8,126.1,92.8,0.5163,0.5163,0.426,6991.34,56.5,False,0.02
2026-03-25 17:00:00,2026-03-25,17,Wednesday,False,Downtown_CBD,Clear,0.299,60.0,1.86,111.63,293.6,120.6,103.9,0.3539,0.3539,1.434,11602.32,83.72,False,0.048
2026-03-25 18:00:00,2026-03-25,18,Wednesday,False,Downtown_CBD,Clear,0.433,60.0,2.004,120.24,347.2,129.9,112.9,0.3252,0.3252,1.673,13573.18,90.18,False,0.0552
2026-03-25 19:00:00,2026-03-25,19,Wednesday,False,Downtown_CBD,Clear,0.371,60.0,2.191,131.45,395.3,132.4,117.8,0.2979,0.2979,1.985,15482.04,98.59,False,0.0645
2026-03-25 20:00:00,2026-03-25,20,Wednesday,False,Downtown_CBD,Clear,0.29,60.0,1.724,103.46,279.5,126.6,103.8,0.3713,0.3713,1.207,10736.19,77.59,False,0.0412
2026-03-25 21:00:00,2026-03-25,21,Wednesday,False,Downtown_CBD,Clear,0.205,60.0,1.282,76.95,175.0,119.0,89.3,0.5106,0.5106,0.471,6875.13,57.71,False,0.02
2026-03-25 22:00:00,2026-03-25,22,Wednesday,False,Downtown_CBD,Clear,0.116,60.0,1.0,60.0,90.2,108.8,59.5,0.6596,0.6596,-0.171,3569.85,45.0,False,0.02
2026-03-25 23:00:00,2026-03-25,23,Wednesday,False,Downtown_CBD,Clear,0.115,60.0,1.0,60.0,67.8,93.8,45.0,0.6636,0.6636,-0.278,2699.48,45.0,False,0.02
2026-03-26 00:00:00,2026-03-26,0,Thursday,False,Downtown_CBD,Clear,0.103,60.0,1.0,60.0,51.4,71.6,33.9,0.6599,0.6599,-0.282,2035.65,45.0,False,0.02
2026-03-26 01:00:00,2026-03-26,1,Thursday,False,Downtown_CBD,Clear,0.097,60.0,1.0,60.0,50.7,69.8,35.0,0.6915,0.6915,-0.274,2101.81,45.0,False,0.02
2026-03-26 02:00:00,2026-03-26,2,Thursday,False,Downtown_CBD,Clear,0.075,60.0,1.0,60.0,47.4,78.3,31.3,0.6605,0.6605,-0.395,1877.38,45.0,False,0.02
2026-03-26 03:00:00,2026-03-26,3,Thursday,False,Downtown_CBD,Clear,0.113,60.0,1.0,60.0,42.6,82.5,28.7,0.6745,0.6745,-0.484,1723.21,45.0,False,0.02
2026-03-26 04:00:00,2026-03-26,4,Thursday,False,Downtown_CBD,Clear,0.039,60.0,1.0,60.0,50.1,81.2,33.0,0.6582,0.6582,-0.384,1977.08,45.0,False,0.02
2026-03-26 05:00:00,2026-03-26,5,Thursday,False,Downtown_CBD,Clear,0.064,60.0,1.0,60.0,70.5,96.8,46.4,0.6588,0.6588,-0.272,2786.47,45.0,False,0.02
2026-03-26 06:00:00,2026-03-26,6,Thursday,False,Downtown_CBD,Clear,0.154,60.0,1.164,69.83,138.4,108.7,76.6,0.5537,0.5537,0.273,5350.22,52.37,False,0.02
2026-03-26 07:00:00,2026-03-26,7,Thursday,False,Downtown_CBD,Clear,0.258,60.0,1.576,94.58,213.3,108.8,87.8,0.4115,0.4115,0.961,8303.66,70.94,False,0.0338
2026-03-26 08:00:00,2026-03-26,8,Thursday,False,Downtown_CBD,Clear,0.393,60.0,1.835,110.07,279.9,117.1,100.6,0.3596,0.3596,1.391,11076.34,82.55,False,0.0467
2026-03-26 09:00:00,2026-03-26,9,Thursday,False,Downtown_CBD,Clear,0.363,60.0,1.984,119.01,315.3,119.5,106.5,0.3377,0.3377,1.639,12670.36,89.26,False,0.0542
2026-03-26 10:00:00,2026-03-26,10,Thursday,False,Downtown_CBD,Clear,0.256,60.0,1.597,95.81,242.1,121.4,99.1,0.4094,0.4094,0.995,9497.8,71.86,False,0.0348
2026-03-26 11:00:00,2026-03-26,11,Thursday,False,Downtown_CBD,Clear,0.172,60.0,1.0,60.0,118.6,129.6,78.8,0.6641,0.6641,-0.085,4726.45,45.0,False,0.02
2026-03-26 12:00:00,2026-03-26,12,Thursday,False,Downtown_CBD,Clear,0.071,60.0,1.0,60.0,75.8,135.6,50.9,0.6717,0.6717,-0.441,3056.79,45.0,False,0.02
2026-03-26 13:00:00,2026-03-26,13,Thursday,False,Downtown_CBD,Clear,0.069,60.0,1.0,60.0,56.4,114.6,37.4,0.664,0.664,-0.508,2245.48,45.0,False,0.02
2026-03-26 14:00:00,2026-03-26,14,Thursday,False,Downtown_CBD,Clear,0.106,60.0,1.0,60.0,64.4,119.7,43.1,0.6701,0.6701,-0.462,2588.35,45.0,False,0.02
2026-03-26 15:00:00,2026-03-26,15,Thursday,False,Downtown_CBD,Clear,0.09,60.0,1.0,60.0,99.3,119.5,68.1,0.6853,0.6853,-0.169,4084.73,45.0,False,0.02
2026-03-26 16:00:00,2026-03-26,16,Thursday,False,Downtown_CBD,Clear,0.198,60.0,1.226,73.54,176.4,128.2,94.2,0.534,0.534,0.376,6925.91,55.16,False,0.02
2026-03-26 17:00:00,2026-03-26,17,Thursday,False,Downtown_CBD,Clear,0.307,60.0,1.445,86.71,224.4,128.8,103.4,0.4609,0.4609,0.742,8968.82,65.03,False,0.0273
2026-03-26 18:00:00,2026-03-26,18,Thursday,False,Downtown_CBD,Clear,0.463,60.0,1.989,119.36,358.4,135.3,115.8,0.323,0.323,1.649,13818.19,89.52,False,0.0545
2026-03-26 19:00:00,2026-03-26,19,Thursday,False,Downtown_CBD,Clear,0.429,60.0,2.036,122.14,369.4,135.5,124.0,0.3357,0.3357,1.726,15143.83,91.61,False,0.0568
2026-03-26 20:00:00,2026-03-26,20,Thursday,False,Downtown_CBD,Clear,0.333,60.0,1.95,116.98,314.0,121.6,106.1,0.3378,0.3378,1.583,12408.88,87.73,False,0.0525
2026-03-26 21:00:00,2026-03-26,21,Thursday,False,Downtown_CBD,Clear,0.241,60.0,1.192,71.54,176.9,134.0,96.1,0.5433,0.5433,0.32,6877.54,53.66,False,0.02
2026-03-26 22:00:00,2026-03-26,22,Thursday,False,Downtown_CBD,Clear,0.115,60.0,1.0,60.0,96.2,109.4,65.6,0.6821,0.6821,-0.121,3936.23,45.0,False,0.02
2026-03-26 23:00:00,2026-03-26,23,Thursday,False,Downtown_CBD,Clear,0.076,60.0,1.0,60.0,66.4,109.7,45.1,0.6786,0.6786,-0.395,2704.35,45.0,False,0.02
2026-03-27 00:00:00,2026-03-27,0,Friday,False,Downtown_CBD,Clear,0.066,60.0,1.0,60.0,52.5,73.3,35.5,0.6761,0.6761,-0.283,2130.97,45.0,False,0.02
2026-03-27 01:00:00,2026-03-27,1,Friday,False,Downtown_CBD,Clear,0.081,60.0,1.0,60.0,43.7,74.5,29.4,0.6727,0.6727,-0.414,1763.85,45.0,False,0.02
2026-03-27 02:00:00,2026-03-27,2,Friday,False,Downtown_CBD,Clear,0.036,60.0,1.0,60.0,43.6,81.6,28.3,0.6503,0.6503,-0.466,1700.9,45.0,False,0.02
2026-03-27 03:00:00,2026-03-27,3,Friday,False,Downtown_CBD,Clear,0.064,60.0,1.0,60.0,51.6,81.7,33.5,0.6497,0.6497,-0.368,2011.71,45.0,False,0.02
2026-03-27 04:00:00,2026-03-27,4,Friday,False,Downtown_CBD,Clear,0.026,60.0,1.0,60.0,55.4,88.7,37.4,0.6741,0.6741,-0.375,2241.83,45.0,False,0.02
2026-03-27 05:00:00,2026-03-27,5,Friday,False,Downtown_CBD,Clear,0.102,60.0,1.0,60.0,71.3,100.6,46.7,0.6549,0.6549,-0.291,2801.27,45.0,False,0.02
2026-03-27 06:00:00,2026-03-27,6,Friday,False,Downtown_CBD,Clear,0.156,60.0,1.203,72.19,133.2,99.5,72.1,0.5413,0.5413,0.339,5205.74,54.14,False,0.02
2026-03-27 07:00:00,2026-03-27,7,Friday,False,Downtown_CBD,Clear,0.22,60.0,1.429,85.74,204.0,119.0,92.2,0.452,0.452,0.715,7906.89,64.3,False,0.0265
2026-03-27 08:00:00,2026-03-27,8,Friday,False,Downtown_CBD,Clear,0.388,60.0,1.911,114.67,319.8,127.0,109.2,0.3416,0.3416,1.519,12527.26,86.0,False,0.0506
2026-03-27 09:00:00,2026-03-27,9,Friday,False,Downtown_CBD,Clear,0.365,60.0,1.84,110.38,289.6,120.7,105.9,0.3658,0.3658,1.399,11689.98,82.78,False,0.047
2026-03-27 10:00:00,2026-03-27,10,Friday,False,Downtown_CBD,Clear,0.316,60.0,1.526,91.56,208.0,110.8,88.9,0.4274,0.4274,0.877,8138.48,68.67,False,0.0313
2026-03-27 11:00:00,2026-03-27,11,Friday,False,Downtown_CBD,Clear,0.099,60.0,1.032,61.93,118.4,112.3,75.9,0.6411,0.6411,0.054,4699.24,46.45,False,0.02
2026-03-27 12:00:00,2026-03-27,12,Friday,False,Downtown_CBD,Clear,0.125,60.0,1.0,60.0,77.8,109.9,52.4,0.6736,0.6736,-0.292,3143.53,45.0,False,0.02
2026-03-27 13:00:00,2026-03-27,13,Friday,False,Downtown_CBD,Clear,0.067,60.0,1.0,60.0,58.1,115.8,39.1,0.674,0.674,-0.499,2347.61,45.0,False,0.02
2026-03-27 14:00:00,2026-03-27,14,Friday,False,Downtown_CBD,Clear,0.045,60.0,1.0,60.0,63.6,113.2,42.2,0.6645,0.6645,-0.438,2533.79,45.0,False,0.02
2026-03-27 15:00:00,2026-03-27,15,Friday,False,Downtown_CBD,Clear,0.115,60.0,1.0,60.0,99.1,108.1,66.3,0.6691,0.6691,-0.083,3978.13,45.0,False,0.02
2026-03-27 16:00:00,2026-03-27,16,Friday,False,Downtown_CBD,Clear,0.21,60.0,1.273,76.4,174.1,119.6,91.2,0.524,0.524,0.456,6968.66,57.3,False,0.02
2026-03-27 17:00:00,2026-03-27,17,Friday,False,Downtown_CBD,Clear,0.303,60.0,1.581,94.89,272.6,138.4,111.4,0.4086,0.4086,0.969,10568.6,71.17,False,0.0341
2026-03-27 18:00:00,2026-03-27,18,Friday,False,Downtown_CBD,Clear,0.434,60.0,1.984,119.04,342.6,129.8,114.8,0.3351,0.3351,1.64,13666.21,89.28,False,0.0542
2026-03-27 19:00:00,2026-03-27,19,Friday,False,Downtown_CBD,Clear,0.479,60.0,2.236,134.17,378.5,123.7,110.0,0.2906,0.2906,2.06,14756.14,100.63,False,0.0668
2026-03-27 20:00:00,2026-03-27,20,Friday,False,Downtown_CBD,Clear,0.336,60.0,1.599,95.91,248.4,124.4,101.6,0.4091,0.4091,0.998,9745.59,71.93,False,0.0349
2026-03-27 21:00:00,2026-03-27,21,Friday,False,Downtown_CBD,Clear,0.176,60.0,1.216,72.98,158.3,116.4,85.6,0.5407,0.5407,0.36,6247.29,54.73,False,0.02
2026-03-27 22:00:00,2026-03-27,22,Friday,False,Downtown_CBD,Clear,0.105,60.0,1.0,60.0,91.4,118.2,63.1,0.69,0.69,-0.226,3785.54,45.0,False,0.02
2026-03-27 23:00:00,2026-03-27,23,Friday,False,Downtown_CBD,Clear,0.055,60.0,1.0,60.0,56.4,110.8,38.1,0.6769,0.6769,-0.491,2288.99,45.0,False,0.02
2026-03-28 00:00:00,2026-03-28,0,Saturday,True,Downtown_CBD,Clear,0.076,60.0,1.0,60.0,66.9,79.0,44.1,0.6598,0.6598,-0.153,2648.92,45.0,False,0.02
2026-03-28 01:00:00,2026-03-28,1,Saturday,True,Downtown_CBD,Clear,0.1,60.0,1.0,60.0,60.5,80.2,40.6,0.671,0.671,-0.245,2434.79,45.0,False,0.02
2026-03-28 02:00:00,2026-03-28,2,Saturday,True,Downtown_CBD,Clear,0.039,60.0,1.0,60.0,62.0,83.3,40.5,0.6526,0.6526,-0.255,2428.23,45.0,False,0.02
2026-03-28 03:00:00,2026-03-28,3,Saturday,True,Downtown_CBD,Clear,0.14,60.0,1.0,60.0,60.1,82.5,40.1,0.6672,0.6672,-0.272,2404.95,45.0,False,0.02
2026-03-28 04:00:00,2026-03-28,4,Saturday,True,Downtown_CBD,Clear,0.063,60.0,1.0,60.0,62.6,73.7,42.4,0.677,0.677,-0.15,2544.61,45.0,False,0.02
2026-03-28 05:00:00,2026-03-28,5,Saturday,True,Downtown_CBD,Clear,0.113,60.0,1.0,60.0,70.2,84.1,45.8,0.6532,0.6532,-0.166,2749.57,45.0,False,0.02
2026-03-28 06:00:00,2026-03-28,6,Saturday,True,Downtown_CBD,Clear,0.079,60.0,1.0,60.0,73.7,96.9,48.4,0.6574,0.6574,-0.24,2906.64,45.0,False,0.02
2026-03-28 07:00:00,2026-03-28,7,Saturday,True,Downtown_CBD,Clear,0.094,60.0,1.0,60.0,89.9,91.1,60.7,0.6755,0.6755,-0.013,3643.81,45.0,False,0.02
2026-03-28 08:00:00,2026-03-28,8,Saturday,True,Downtown_CBD,Clear,0.077,60.0,1.178,70.68,118.2,91.1,66.4,0.5619,0.5619,0.297,4693.04,53.01,False,0.02
2026-03-28 09:00:00,2026-03-28,9,Saturday,True,Downtown_CBD,Clear,0.154,60.0,1.179,70.76,138.5,106.6,79.8,0.5761,0.5761,0.299,5645.66,53.07,False,0.02
2026-03-28 10:00:00,2026-03-28,10,Saturday,True,Downtown_CBD,Clear,0.261,60.0,1.308,78.46,177.7,117.5,89.1,0.501,0.501,0.513,6986.94,58.84,False,0.0204
2026-03-28 11:00:00,2026-03-28,11,Saturday,True,Downtown_CBD,Clear,0.279,60.0,1.505,90.31,220.7,119.8,95.1,0.4307,0.4307,0.842,8585.24,67.73,False,0.0303
2026-03-28 12:00:00,2026-03-28,12,Saturday,True,Downtown_CBD,Clear,0.361,60.0,1.706,102.39,254.5,116.9,95.6,0.3757,0.3757,1.177,9789.85,76.79,False,0.0403
2026-03-28 13:00:00,2026-03-28,13,Saturday,True,Downtown_CBD,Clear,0.316,60.0,1.622,97.3,268.4,131.8,112.8,0.4201,0.4201,1.036,10971.37,72.97,False,0.0361
2026-03-28 14:00:00,2026-03-28,14,Saturday,True,Downtown_CBD,Clear,0.327,60.0,1.68,100.8,286.4,134.3,110.7,0.3865,0.3865,1.133,11158.21,75.6,False,0.039
2026-03-28 15:00:00,2026-03-28,15,Saturday,True,Downtown_CBD,Clear,0.344,60.0,1.687,101.22,262.8,122.5,100.0,0.3803,0.3803,1.145,10117.75,75.91,False,0.0394
2026-03-28 16:00:00,2026-03-28,16,Saturday,True,Downtown_CBD,Clear,0.275,60.0,1.392,83.53,219.6,132.8,103.2,0.4699,0.4699,0.654,8621.02,62.65,False,0.0246
2026-03-28 17:00:00,2026-03-28,17,Saturday,True,Downtown_CBD,Clear,0.216,60.0,1.231,73.84,193.6,139.9,104.5,0.5398,0.5398,0.384,7718.87,55.38,False,0.02
2026-03-28 18:00:00,2026-03-28,18,Saturday,True,Downtown_CBD,Clear,0.193,60.0,1.229,73.75,182.2,131.8,101.1,0.555,0.555,0.382,7456.16,55.31,False,0.02
2026-03-28 19:00:00,2026-03-28,19,Saturday,True,Downtown_CBD,Clear,0.191,60.0,1.409,84.53,205.7,122.3,97.1,0.4722,0.4722,0.681,8210.32,63.4,False,0.0254
2026-03-28 20:00:00,2026-03-28,20,Saturday,True,Downtown_CBD,Clear,0.301,60.0,1.486,89.13,197.7,109.3,84.2,0.4259,0.4259,0.809,7504.91,66.85,False,0.0293
2026-03-28 21:00:00,2026-03-28,21,Saturday,True,Downtown_CBD,Clear,0.318,60.0,2.163,129.78,336.3,114.5,102.3,0.3043,0.3043,1.938,13281.38,97.34,False,0.0631
2026-03-28 22:00:00,2026-03-28,22,Saturday,True,Downtown_CBD,Clear,0.362,60.0,2.317,139.0,317.1,99.3,88.9,0.2803,0.2803,2.194,12353.63,104.25,False,0.0708
2026-03-28 23:00:00,2026-03-28,23,Saturday,True,Downtown_CBD,Clear,0.372,60.0,2.397,143.8,292.5,87.9,82.7,0.2828,0.2828,2.328,11896.17,107.85,False,0.0748
2026-03-29 00:00:00,2026-03-29,0,Sunday,True,Downtown_CBD,Clear,0.124,60.0,1.0,60.0,59.5,78.5,39.7,0.6676,0.6676,-0.242,2383.41,45.0,False,0.02
2026-03-29 01:00:00,2026-03-29,1,Sunday,True,Downtown_CBD,Clear,0.133,60.0,1.0,60.0,54.5,86.1,37.2,0.6823,0.6823,-0.367,2231.52,45.0,False,0.02
2026-03-29 02:00:00,2026-03-29,2,Sunday,True,Downtown_CBD,Clear,0.101,60.0,1.0,60.0,59.5,81.7,40.8,0.686,0.686,-0.272,2447.16,45.0,False,0.02
2026-03-29 03:00:00,2026-03-29,3,Sunday,True,Downtown_CBD,Clear,0.087,60.0,1.0,60.0,61.3,75.8,39.8,0.6498,0.6498,-0.191,2389.46,45.0,False,0.02
2026-03-29 04:00:00,2026-03-29,4,Sunday,True,Downtown_CBD,Clear,0.069,60.0,1.0,60.0,58.9,85.6,39.0,0.6611,0.6611,-0.311,2338.09,45.0,False,0.02
2026-03-29 05:00:00,2026-03-29,5,Sunday,True,Downtown_CBD,Clear,0.09,60.0,1.0,60.0,67.4,80.9,44.7,0.6633,0.6633,-0.166,2683.85,45.0,False,0.02
2026-03-29 06:00:00,2026-03-29,6,Sunday,True,Downtown_CBD,Clear,0.078,60.0,1.0,60.0,76.2,90.9,50.9,0.6679,0.6679,-0.162,3054.58,45.0,False,0.02
2026-03-29 07:00:00,2026-03-29,7,Sunday,True,Downtown_CBD,Clear,0.072,60.0,1.0,60.0,82.7,100.6,56.0,0.6772,0.6772,-0.178,3361.16,45.0,False,0.02
2026-03-29 08:00:00,2026-03-29,8,Sunday,True,Downtown_CBD,Clear,0.116,60.0,1.183,70.95,123.4,94.6,67.8,0.5495,0.5495,0.304,4812.68,53.21,False,0.02
2026-03-29 09:00:00,2026-03-29,9,Sunday,True,Downtown_CBD,Clear,0.137,60.0,1.33,79.82,164.0,105.8,80.4,0.4903,0.4903,0.551,6417.59,59.86,False,0.0215
2026-03-29 10:00:00,2026-03-29,10,Sunday,True,Downtown_CBD,Clear,0.241,60.0,1.292,77.5,152.8,102.8,78.4,0.5135,0.5135,0.486,6079.0,58.12,False,0.02
2026-03-29 11:00:00,2026-03-29,11,Sunday,True,Downtown_CBD,Clear,0.276,60.0,1.456,87.35,221.8,126.0,98.5,0.4443,0.4443,0.76,8607.84,65.51,False,0.0278
2026-03-29 12:00:00,2026-03-29,12,Sunday,True,Downtown_CBD,Clear,0.338,60.0,1.587,95.23,243.6,123.1,98.3,0.4035,0.4035,0.979,9360.09,71.42,False,0.0344
2026-03-29 13:00:00,2026-03-29,13,Sunday,True,Downtown_CBD,Clear,0.321,60.0,1.811,108.68,286.9,122.0,101.1,0.3523,0.3523,1.352,10984.1,81.51,False,0.0456
2026-03-29 14:00:00,2026-03-29,14,Sunday,True,Downtown_CBD,Clear,0.369,60.0,1.783,106.95,300.1,130.2,110.7,0.3689,0.3689,1.304,11840.32,80.21,False,0.0441
2026-03-29 15:00:00,2026-03-29,15,Sunday,True,Downtown_CBD,Clear,0.373,60.0,1.442,86.52,264.9,152.5,116.8,0.4411,0.4411,0.737,10107.82,64.89,False,0.0271
2026-03-29 16:00:00,2026-03-29,16,Sunday,True,Downtown_CBD,Clear,0.261,60.0,1.64,98.41,266.0,128.7,104.6,0.3931,0.3931,1.067,10291.8,73.81,False,0.037
2026-03-29 17:00:00,2026-03-29,17,Sunday,True,Downtown_CBD,Clear,0.253,60.0,1.354,81.21,180.2,113.4,88.3,0.4901,0.4901,0.589,7172.25,60.91,False,0.0227
2026-03-29 18:00:00,2026-03-29,18,Sunday,True,Downtown_CBD,Clear,0.201,60.0,1.238,74.25,191.8,137.4,101.4,0.5286,0.5286,0.396,7526.97,55.69,False,0.02
2026-03-29 19:00:00,2026-03-29,19,Sunday,True,Downtown_CBD,Clear,0.201,60.0,1.273,76.37,154.9,106.5,78.6,0.5072,0.5072,0.455,6000.4,57.28,False,0.02
2026-03-29 20:00:00,2026-03-29,20,Sunday,True,Downtown_CBD,Clear,0.316,60.0,1.404,84.23,203.9,121.9,93.6,0.4593,0.4593,0.673,7887.42,63.17,False,0.0252
2026-03-29 21:00:00,2026-03-29,21,Sunday,True,Downtown_CBD,Clear,0.367,60.0,1.891,113.49,252.8,101.7,86.9,0.3435,0.3435,1.486,9856.87,85.12,False,0.0496
2026-03-29 22:00:00,2026-03-29,22,Sunday,True,Downtown_CBD,Clear,0.362,60.0,2.101,126.05,267.1,94.2,84.8,0.3176,0.3176,1.835,10694.9,94.54,False,0.06
2026-03-29 23:00:00,2026-03-29,23,Sunday,True,Downtown_CBD,Clear,0.341,60.0,2.168,130.08,294.9,100.1,89.8,0.3045,0.3045,1.947,11680.97,97.56,False,0.0634
2026-03-30 00:00:00,2026-03-30,0,Monday,False,Downtown_CBD,Clear,0.066,60.0,1.0,60.0,46.1,68.9,30.8,0.6671,0.6671,-0.33,1846.46,45.0,False,0.02
2026-03-30 01:00:00,2026-03-30,1,Monday,False,Downtown_CBD,Clear,0.072,60.0,1.0,60.0,57.5,74.7,38.3,0.6661,0.6661,-0.23,2298.77,45.0,False,0.02
2026-03-30 02:00:00,2026-03-30,2,Monday,False,Downtown_CBD,Clear,0.119,60.0,1.0,60.0,54.8,75.5,36.7,0.6691,0.6691,-0.274,2201.78,45.0,False,0.02
2026-03-30 03:00:00,2026-03-30,3,Monday,False,Downtown_CBD,Clear,0.079,60.0,1.0,60.0,54.2,88.4,37.3,0.6881,0.6881,-0.387,2235.7,45.0,False,0.02
2026-03-30 04:00:00,2026-03-30,4,Monday,False,Downtown_CBD,Clear,0.016,60.0,1.0,60.0,48.0,99.3,32.0,0.6672,0.6672,-0.517,1920.45,45.0,False,0.02
2026-03-30 05:00:00,2026-03-30,5,Monday,False,Downtown_CBD,Clear,0.074,60.0,1.0,60.0,68.7,102.3,46.3,0.6744,0.6744,-0.329,2779.7,45.0,False,0.02
2026-03-30 06:00:00,2026-03-30,6,Monday,False,Downtown_CBD,Clear,0.139,60.0,1.09,65.43,112.6,97.8,72.5,0.6439,0.6439,0.151,4744.03,49.07,False,0.02
2026-03-30 07:00:00,2026-03-30,7,Monday,False,Downtown_CBD,Clear,0.242,60.0,1.607,96.43,220.6,109.6,88.4,0.4008,0.4008,1.012,8525.48,72.32,False,0.0354
2026-03-30 08:00:00,2026-03-30,8,Monday,False,Downtown_CBD,Clear,0.385,60.0,1.812,108.7,278.9,118.5,101.4,0.3638,0.3638,1.353,11026.46,81.53,False,0.0456
2026-03-30 09:00:00,2026-03-30,9,Monday,False,Downtown_CBD,Clear,0.372,60.0,1.887,113.23,311.8,125.8,106.5,0.3415,0.3415,1.479,12055.28,84.92,False,0.0494
2026-03-30 10:00:00,2026-03-30,10,Monday,False,Downtown_CBD,Clear,0.216,60.0,1.403,84.17,218.4,130.7,101.1,0.463,0.463,0.671,8511.62,63.13,False,0.0251
2026-03-30 11:00:00,2026-03-30,11,Monday,False,Downtown_CBD,Clear,0.097,60.0,1.0,60.0,124.8,135.7,82.5,0.6614,0.6614,-0.08,4951.63,45.0,False,0.02
2026-03-30 12:00:00,2026-03-30,12,Monday,False,Downtown_CBD,Clear,0.065,60.0,1.0,60.0,77.9,116.7,51.8,0.6648,0.6648,-0.333,3105.94,45.0,False,0.02
2026-03-30 13:00:00,2026-03-30,13,Monday,False,Downtown_CBD,Clear,0.051,60.0,1.0,60.0,56.1,112.3,37.3,0.6646,0.6646,-0.5,2236.99,45.0,False,0.02
2026-03-30 14:00:00,2026-03-30,14,Monday,False,Downtown_CBD,Clear,0.106,60.0,1.0,60.0,63.0,122.6,43.0,0.6836,0.6836,-0.486,2582.8,45.0,False,0.02
2026-03-30 15:00:00,2026-03-30,15,Monday,False,Downtown_CBD,Clear,0.108,60.0,1.0,60.0,105.8,124.8,72.3,0.6831,0.6831,-0.152,4335.3,45.0,False,0.02
2026-03-30 16:00:00,2026-03-30,16,Monday,False,Downtown_CBD,Clear,0.226,60.0,1.209,72.56,165.7,122.8,88.6,0.5347,0.5347,0.349,6427.01,54.42,False,0.02
2026-03-30 17:00:00,2026-03-30,17,Monday,False,Downtown_CBD,Clear,0.265,60.0,1.386,83.18,242.3,147.4,116.5,0.4807,0.4807,0.644,9686.84,62.39,False,0.0243
2026-03-30 18:00:00,2026-03-30,18,Monday,False,Downtown_CBD,Clear,0.426,60.0,1.81,108.58,315.7,134.4,119.6,0.3789,0.3789,1.35,12990.51,81.44,False,0.0455
2026-03-30 19:00:00,2026-03-30,19,Monday,False,Downtown_CBD,Clear,0.393,60.0,1.959,117.52,331.3,127.5,115.7,0.3493,0.3493,1.598,13601.58,88.14,False,0.0529
2026-03-30 20:00:00,2026-03-30,20,Monday,False,Downtown_CBD,Clear,0.32,60.0,1.91,114.59,310.8,123.5,107.4,0.3455,0.3455,1.516,12303.92,85.94,False,0.0505
2026-03-30 21:00:00,2026-03-30,21,Monday,False,Downtown_CBD,Clear,0.185,60.0,1.117,67.03,161.9,135.5,97.7,0.6034,0.6034,0.195,6549.36,50.27,False,0.02
2026-03-30 22:00:00,2026-03-30,22,Monday,False,Downtown_CBD,Clear,0.098,60.0,1.0,60.0,97.6,112.3,65.4,0.6699,0.6699,-0.13,3924.65,45.0,False,0.02
2026-03-30 23:00:00,2026-03-30,23,Monday,False,Downtown_CBD,Clear,0.069,60.0,1.0,60.0,62.2,104.1,41.2,0.6628,0.6628,-0.403,2473.92,45.0,False,0.02
2026-03-31 00:00:00,2026-03-31,0,Tuesday,False,Downtown_CBD,Clear,0.106,60.0,1.0,60.0,49.5,73.0,32.8,0.6629,0.6629,-0.321,1970.07,45.0,False,0.02
2026-03-31 01:00:00,2026-03-31,1,Tuesday,False,Downtown_CBD,Clear,0.027,60.0,1.0,60.0,48.0,76.5,31.6,0.6572,0.6572,-0.372,1894.14,45.0,False,0.02
2026-03-31 02:00:00,2026-03-31,2,Tuesday,False,Downtown_CBD,Clear,0.047,60.0,1.0,60.0,53.7,77.1,34.4,0.6416,0.6416,-0.304,2065.2,45.0,False,0.02
2026-03-31 03:00:00,2026-03-31,3,Tuesday,False,Downtown_CBD,Clear,0.029,60.0,1.0,60.0,53.9,80.9,34.4,0.6382,0.6382,-0.334,2065.01,45.0,False,0.02
2026-03-31 04:00:00,2026-03-31,4,Tuesday,False,Downtown_CBD,Clear,0.1,60.0,1.0,60.0,56.8,84.1,37.4,0.6585,0.6585,-0.325,2242.79,45.0,False,0.02
2026-03-31 05:00:00,2026-03-31,5,Tuesday,False,Downtown_CBD,Clear,0.027,60.0,1.0,60.0,72.4,102.9,48.6,0.6713,0.6713,-0.297,2915.24,45.0,False,0.02
2026-03-31 06:00:00,2026-03-31,6,Tuesday,False,Downtown_CBD,Clear,0.153,60.0,1.098,65.86,124.7,107.3,72.8,0.5834,0.5834,0.163,4792.45,49.39,False,0.02
2026-03-31 07:00:00,2026-03-31,7,Tuesday,False,Downtown_CBD,Clear,0.297,60.0,1.693,101.56,226.2,105.0,87.4,0.3863,0.3863,1.154,8874.72,76.17,False,0.0396
2026-03-31 08:00:00,2026-03-31,8,Tuesday,False,Downtown_CBD,Clear,0.337,60.0,2.045,122.69,315.3,115.0,101.8,0.3227,0.3227,1.741,12483.75,92.02,False,0.0572
2026-03-31 09:00:00,2026-03-31,9,Tuesday,False,Downtown_CBD,Clear,0.355,60.0,2.01,120.58,319.1,118.9,103.9,0.3255,0.3255,1.683,12523.31,90.44,False,0.0555
2026-03-31 10:00:00,2026-03-31,10,Tuesday,False,Downtown_CBD,Clear,0.269,60.0,1.349,80.93,207.1,131.0,100.6,0.4856,0.4856,0.581,8138.17,60.7,False,0.0224
2026-03-31 11:00:00,2026-03-31,11,Tuesday,False,Downtown_CBD,Clear,0.149,60.0,1.0,60.0,115.5,123.2,75.0,0.6496,0.6496,-0.062,4502.18,45.0,False,0.02
2026-03-31 12:00:00,2026-03-31,12,Tuesday,False,Downtown_CBD,Clear,0.099,60.0,1.0,60.0,71.7,115.1,47.5,0.6625,0.6625,-0.377,2849.86,45.0,False,0.02
2026-03-31 13:00:00,2026-03-31,13,Tuesday,False,Downtown_CBD,Clear,0.114,60.0,1.0,60.0,56.3,121.2,37.1,0.659,0.659,-0.536,2225.24,45.0,False,0.02
2026-03-31 14:00:00,2026-03-31,14,Tuesday,False,Downtown_CBD,Clear,0.065,60.0,1.0,60.0,61.4,123.8,42.2,0.6866,0.6866,-0.504,2529.01,45.0,False,0.02
2026-03-31 15:00:00,2026-03-31,15,Tuesday,False,Downtown_CBD,Clear,0.135,60.0,1.0,60.0,106.2,119.4,71.1,0.6697,0.6697,-0.11,4266.23,45.0,False,0.02
2026-03-31 16:00:00,2026-03-31,16,Tuesday,False,Downtown_CBD,Clear,0.228,60.0,1.174,70.45,173.5,134.4,98.7,0.5689,0.5689,0.29,6951.91,52.84,False,0.02
2026-03-31 17:00:00,2026-03-31,17,Tuesday,False,Downtown_CBD,Clear,0.35,60.0,1.621,97.27,279.5,137.3,112.0,0.4008,0.4008,1.035,10896.33,72.95,False,0.0361
2026-03-31 18:00:00,2026-03-31,18,Tuesday,False,Downtown_CBD,Clear,0.387,60.0,2.198,131.88,372.4,124.3,111.9,0.3003,0.3003,1.997,14751.98,98.91,False,0.0649
2026-03-31 19:00:00,2026-03-31,19,Tuesday,False,Downtown_CBD,Clear,0.43,60.0,2.094,125.61,360.7,127.8,115.4,0.3199,0.3199,1.823,14493.11,94.21,False,0.0597
2026-03-31 20:00:00,2026-03-31,20,Tuesday,False,Downtown_CBD,Clear,0.326,60.0,1.618,97.07,250.6,123.5,101.5,0.4048,0.4048,1.03,9849.2,72.8,False,0.0359
2026-03-31 21:00:00,2026-03-31,21,Tuesday,False,Downtown_CBD,Clear,0.23,60.0,1.168,70.07,166.0,129.8,96.7,0.5827,0.5827,0.28,6778.3,52.55,False,0.02
2026-03-31 22:00:00,2026-03-31,22,Tuesday,False,Downtown_CBD,Clear,0.064,60.0,1.0,60.0,91.2,114.3,64.4,0.7055,0.7055,-0.202,3862.13,45.0,False,0.02
2026-03-31 23:00:00,2026-03-31,23,Tuesday,False,Downtown_CBD,Clear,0.051,60.0,1.0,60.0,59.7,100.9,40.3,0.6755,0.6755,-0.408,2420.49,45.0,False,0.02
2026-01-01 00:00:00,2026-01-01,0,Thursday,False,Suburban_Residential,Rain,0.265,60.0,1.0,60.0,21.8,37.4,13.9,0.6358,0.6358,-0.418,831.62,45.0,False,0.02
2026-01-01 01:00:00,2026-01-01,1,Thursday,False,Suburban_Residential,Rain,0.201,60.0,1.0,60.0,18.7,38.3,11.8,0.6337,0.6337,-0.512,710.5,45.0,False,0.02
2026-01-01 02:00:00,2026-01-01,2,Thursday,False,Suburban_Residential,Rain,0.216,60.0,1.0,60.0,21.6,41.3,13.5,0.6277,0.6277,-0.478,812.7,45.0,False,0.02
2026-01-01 03:00:00,2026-01-01,3,Thursday,False,Suburban_Residential,Rain,0.243,60.0,1.0,60.0,23.5,42.7,14.6,0.6185,0.6185,-0.448,873.84,45.0,False,0.02
2026-01-01 04:00:00,2026-01-01,4,Thursday,False,Suburban_Residential,Rain,0.232,60.0,1.0,60.0,26.3,44.4,16.4,0.6219,0.6219,-0.408,981.93,45.0,False,0.02
2026-01-01 05:00:00,2026-01-01,5,Thursday,False,Suburban_Residential,Rain,0.242,60.0,1.0,60.0,33.3,50.1,21.1,0.6349,0.6349,-0.336,1267.09,45.0,False,0.02
2026-01-01 06:00:00,2026-01-01,6,Thursday,False,Suburban_Residential,Rain,0.308,60.0,1.0,60.0,52.3,54.5,33.7,0.6446,0.6446,-0.04,2021.46,45.0,False,0.02
2026-01-01 07:00:00,2026-01-01,7,Thursday,False,Suburban_Residential,Rain,0.399,60.0,1.181,70.88,89.5,68.7,47.1,0.5266,0.5266,0.302,3341.23,53.16,False,0.02
2026-01-01 08:00:00,2026-01-01,8,Thursday,False,Suburban_Residential,Rain,0.508,60.0,1.541,92.44,127.1,66.8,51.8,0.4074,0.4074,0.901,4786.56,69.33,False,0.032
2026-01-01 09:00:00,2026-01-01,9,Thursday,False,Suburban_Residential,Rain,0.48,60.0,1.649,98.91,137.6,66.1,52.7,0.3827,0.3827,1.081,5210.07,74.18,False,0.0374
2026-01-01 10:00:00,2026-01-01,10,Thursday,False,Suburban_Residential,Rain,0.44,60.0,1.282,76.93,98.7,67.2,47.9,0.4856,0.4856,0.47,3688.04,57.7,False,0.02
2026-01-01 11:00:00,2026-01-01,11,Thursday,False,Suburban_Residential,Rain,0.284,60.0,1.0,60.0,50.5,66.2,32.3,0.6405,0.6405,-0.237,1940.92,45.0,False,0.02
2026-01-01 12:00:00,2026-01-01,12,Thursday,False,Suburban_Residential,Rain,0.23,60.0,1.0,60.0,32.5,69.4,20.2,0.6223,0.6223,-0.532,1212.84,45.0,False,0.02
2026-01-01 13:00:00,2026-01-01,13,Thursday,False,Suburban_Residential,Rain,0.235,60.0,1.0,60.0,25.1,62.4,16.3,0.6466,0.6466,-0.597,975.58,45.0,False,0.02
2026-01-01 14:00:00,2026-01-01,14,Thursday,False,Suburban_Residential,Rain,0.206,60.0,1.0,60.0,30.0,68.5,19.1,0.6349,0.6349,-0.561,1144.58,45.0,False,0.02
2026-01-01 15:00:00,2026-01-01,15,Thursday,False,Suburban_Residential,Rain,0.289,60.0,1.0,60.0,45.6,67.7,29.5,0.6467,0.6467,-0.326,1771.07,45.0,False,0.02
2026-01-01 16:00:00,2026-01-01,16,Thursday,False,Suburban_Residential,Rain,0.338,60.0,1.0,60.0,67.2,68.1,42.7,0.6352,0.6352,-0.014,2560.28,45.0,False,0.02
2026-01-01 17:00:00,2026-01-01,17,Thursday,False,Suburban_Residential,Rain,0.462,60.0,1.342,80.51,121.3,77.3,57.9,0.4776,0.4776,0.57,4665.26,60.38,False,0.0221
2026-01-01 18:00:00,2026-01-01,18,Thursday,False,Suburban_Residential,Rain,0.571,60.0,1.878,112.66,165.7,67.3,54.6,0.3295,0.3295,1.463,6150.19,84.5,False,0.0489
2026-01-01 19:00:00,2026-01-01,19,Thursday,False,Suburban_Residential,Rain,0.606,60.0,1.498,89.87,144.5,79.0,60.4,0.4183,0.4183,0.83,5431.99,67.4,False,0.0299
2026-01-01 20:00:00,2026-01-01,20,Thursday,False,Suburban_Residential,Rain,0.49,60.0,1.355,81.31,111.3,69.9,50.5,0.4538,0.4538,0.592,4107.15,60.98,False,0.0228
2026-01-01 21:00:00,2026-01-01,21,Thursday,False,Suburban_Residential,Rain,0.363,60.0,1.056,63.33,79.2,72.5,48.5,0.6129,0.6129,0.093,3073.5,47.5,False,0.02
2026-01-01 22:00:00,2026-01-01,22,Thursday,False,Suburban_Residential,Rain,0.269,60.0,1.0,60.0,35.0,67.7,21.6,0.616,0.616,-0.483,1294.91,45.0,False,0.02
2026-01-01 23:00:00,2026-01-01,23,Thursday,False,Suburban_Residential,Rain,0.3,60.0,1.0,60.0,28.3,54.3,17.9,0.635,0.635,-0.48,1076.35,45.0,False,0.02
2026-01-02 00:00:00,2026-01-02,0,Friday,False,Suburban_Residential,Clear,0.067,60.0,1.0,60.0,17.8,39.1,12.0,0.6746,0.6746,-0.544,721.29,45.0,False,0.02
2026-01-02 01:00:00,2026-01-02,1,Friday,False,Suburban_Residential,Clear,0.036,60.0,1.0,60.0,20.3,41.0,13.7,0.6762,0.6762,-0.504,824.1,45.0,False,0.02
2026-01-02 02:00:00,2026-01-02,2,Friday,False,Suburban_Residential,Clear,0.094,60.0,1.0,60.0,20.4,41.9,13.5,0.6626,0.6626,-0.514,809.93,45.0,False,0.02
2026-01-02 03:00:00,2026-01-02,3,Friday,False,Suburban_Residential,Clear,0.061,60.0,1.0,60.0,14.8,47.6,10.1,0.6793,0.6793,-0.689,604.4,45.0,False,0.02
2026-01-02 04:00:00,2026-01-02,4,Friday,False,Suburban_Residential,Clear,0.057,60.0,1.0,60.0,22.0,49.9,14.8,0.6706,0.6706,-0.559,885.08,45.0,False,0.02
2026-01-02 05:00:00,2026-01-02,5,Friday,False,Suburban_Residential,Clear,0.06,60.0,1.0,60.0,32.5,55.7,22.2,0.6835,0.6835,-0.417,1331.39,45.0,False,0.02
2026-01-02 06:00:00,2026-01-02,6,Friday,False,Suburban_Residential,Clear,0.125,60.0,1.0,60.0,50.4,60.6,35.4,0.7016,0.7016,-0.168,2122.24,45.0,False,0.02
2026-01-02 07:00:00,2026-01-02,7,Friday,False,Suburban_Residential,Clear,0.243,60.0,1.19,71.41,78.3,59.5,41.3,0.5269,0.5269,0.317,2946.18,53.56,False,0.02
2026-01-02 08:00:00,2026-01-02,8,Friday,False,Suburban_Residential,Clear,0.381,60.0,1.505,90.3,119.5,64.9,51.7,0.4329,0.4329,0.842,4671.28,67.72,False,0.0303
2026-01-02 09:00:00,2026-01-02,9,Friday,False,Suburban_Residential,Clear,0.36,60.0,1.295,77.7,97.8,65.6,49.8,0.5094,0.5094,0.492,3872.43,58.28,False,0.02
2026-01-02 10:00:00,2026-01-02,10,Friday,False,Suburban_Residential,Clear,0.283,60.0,1.145,68.71,87.7,70.6,49.6,0.5657,0.5657,0.242,3407.32,51.53,False,0.02
2026-01-02 11:00:00,2026-01-02,11,Friday,False,Suburban_Residential,Clear,0.172,60.0,1.0,60.0,52.2,67.9,35.0,0.6714,0.6714,-0.231,2102.14,45.0,False,0.02
2026-01-02 12:00:00,2026-01-02,12,Friday,False,Suburban_Residential,Clear,0.101,60.0,1.0,60.0,35.0,62.8,23.9,0.6813,0.6813,-0.442,1432.1,45.0,False,0.02
2026-01-02 13:00:00,2026-01-02,13,Friday,False,Suburban_Residential,Clear,0.032,60.0,1.0,60.0,23.0,69.8,15.5,0.6752,0.6752,-0.67,931.34,45.0,False,0.02
2026-01-02 14:00:00,2026-01-02,14,Friday,False,Suburban_Residential,Clear,0.015,60.0,1.0,60.0,26.3,66.3,17.5,0.6655,0.6655,-0.603,1052.23,45.0,False,0.02
2026-01-02 15:00:00,2026-01-02,15,Friday,False,Suburban_Residential,Clear,0.092,60.0,1.0,60.0,39.5,72.4,27.5,0.6946,0.6946,-0.454,1647.44,45.0,False,0.02
2026-01-02 16:00:00,2026-01-02,16,Friday,False,Suburban_Residential,Clear,0.212,60.0,1.0,60.0,65.3,67.7,44.0,0.6745,0.6745,-0.036,2642.95,45.0,False,0.02
2026-01-02 17:00:00,2026-01-02,17,Friday,False,Suburban_Residential,Clear,0.3,60.0,1.427,85.61,120.6,70.4,55.2,0.458,0.458,0.711,4726.29,64.21,False,0.0263
2026-01-02 18:00:00,2026-01-02,18,Friday,False,Suburban_Residential,Clear,0.467,60.0,1.61,96.61,133.9,66.4,54.5,0.407,0.407,1.017,5265.7,72.46,False,0.0355
2026-01-02 19:00:00,2026-01-02,19,Friday,False,Suburban_Residential,Clear,0.404,60.0,1.453,87.17,133.8,76.3,61.3,0.4582,0.4582,0.755,5345.6,65.38,False,0.0276
2026-01-02 20:00:00,2026-01-02,20,Friday,False,Suburban_Residential,Clear,0.355,60.0,1.547,92.83,127.4,66.6,53.3,0.4188,0.4188,0.912,4951.32,69.62,False,0.0324
2026-01-02 21:00:00,2026-01-02,21,Friday,False,Suburban_Residential,Clear,0.197,60.0,1.005,60.29,69.2,68.6,46.5,0.6727,0.6727,0.008,2804.6,45.22,False,0.02
2026-01-02 22:00:00,2026-01-02,22,Friday,False,Suburban_Residential,Clear,0.087,60.0,1.0,60.0,37.9,58.7,25.6,0.6755,0.6755,-0.354,1535.9,45.0,False,0.02
2026-01-02 23:00:00,2026-01-02,23,Friday,False,Suburban_Residential,Clear,0.075,60.0,1.0,60.0,23.9,57.0,15.9,0.6637,0.6637,-0.581,952.77,45.0,False,0.02
2026-01-03 00:00:00,2026-01-03,0,Saturday,True,Suburban_Residential,Rain,0.226,60.0,1.0,60.0,25.8,43.6,16.5,0.6383,0.6383,-0.407,989.76,45.0,False,0.02
2026-01-03 01:00:00,2026-01-03,1,Saturday,True,Suburban_Residential,Rain,0.222,60.0,1.0,60.0,24.4,43.0,15.2,0.6232,0.6232,-0.432,913.42,45.0,False,0.02
2026-01-03 02:00:00,2026-01-03,2,Saturday,True,Suburban_Residential,Rain,0.261,60.0,1.0,60.0,32.4,41.9,20.9,0.6453,0.6453,-0.227,1255.05,45.0,False,0.02
2026-01-03 03:00:00,2026-01-03,3,Saturday,True,Suburban_Residential,Rain,0.272,60.0,1.0,60.0,25.2,43.3,16.4,0.6514,0.6514,-0.419,983.5,45.0,False,0.02
2026-01-03 04:00:00,2026-01-03,4,Saturday,True,Suburban_Residential,Rain,0.213,60.0,1.0,60.0,29.2,47.2,18.9,0.6463,0.6463,-0.381,1131.13,45.0,False,0.02
2026-01-03 05:00:00,2026-01-03,5,Saturday,True,Suburban_Residential,Rain,0.208,60.0,1.0,60.0,31.1,48.3,20.3,0.6532,0.6532,-0.356,1219.47,45.0,False,0.02
2026-01-03 06:00:00,2026-01-03,6,Saturday,True,Suburban_Residential,Rain,0.247,60.0,1.0,60.0,24.8,51.1,16.1,0.6474,0.6474,-0.514,964.55,45.0,False,0.02
2026-01-03 07:00:00,2026-01-03,7,Saturday,True,Suburban_Residential,Rain,0.279,60.0,1.0,60.0,39.5,48.4,25.1,0.6365,0.6365,-0.184,1506.74,45.0,False,0.02
2026-01-03 08:00:00,2026-01-03,8,Saturday,True,Suburban_Residential,Rain,0.292,60.0,1.0,60.0,42.5,47.9,27.4,0.6454,0.6454,-0.113,1644.83,45.0,False,0.02
2026-01-03 09:00:00,2026-01-03,9,Saturday,True,Suburban_Residential,Rain,0.317,60.0,1.041,62.45,62.3,58.3,37.9,0.6086,0.6086,0.068,2368.15,46.84,False,0.02
2026-01-03 10:00:00,2026-01-03,10,Saturday,True,Suburban_Residential,Rain,0.356,60.0,1.188,71.25,80.2,61.1,42.4,0.5283,0.5283,0.313,3019.71,53.44,False,0.02
2026-01-03 11:00:00,2026-01-03,11,Saturday,True,Suburban_Residential,Rain,0.363,60.0,1.285,77.08,101.1,68.5,50.8,0.5031,0.5031,0.474,3918.46,57.81,False,0.02
2026-01-03 12:00:00,2026-01-03,12,Saturday,True,Suburban_Residential,Rain,0.472,60.0,1.347,80.85,108.4,68.7,50.2,0.4629,0.4629,0.579,4058.83,60.64,False,0.0224
2026-01-03 13:00:00,2026-01-03,13,Saturday,True,Suburban_Residential,Rain,0.452,60.0,1.576,94.59,124.5,63.5,47.6,0.3824,0.3824,0.961,4503.68,70.94,False,0.0338
2026-01-03 14:00:00,2026-01-03,14,Saturday,True,Suburban_Residential,Rain,0.523,60.0,1.335,80.11,123.5,79.3,58.7,0.4754,0.4754,0.559,4704.37,60.08,False,0.0218
2026-01-03 15:00:00,2026-01-03,15,Saturday,True,Suburban_Residential,Rain,0.451,60.0,1.392,83.53,118.1,71.4,53.4,0.4519,0.4519,0.654,4456.86,62.65,False,0.0246
2026-01-03 16:00:00,2026-01-03,16,Saturday,True,Suburban_Residential,Rain,0.45,60.0,1.199,71.95,95.2,71.5,49.8,0.5232,0.5232,0.332,3585.23,53.96,False,0.02
2026-01-03 17:00:00,2026-01-03,17,Saturday,True,Suburban_Residential,Rain,0.346,60.0,1.142,68.53,83.9,67.8,45.2,0.5389,0.5389,0.237,3096.76,51.4,False,0.02
2026-01-03 18:00:00,2026-01-03,18,Saturday,True,Suburban_Residential,Rain,0.358,60.0,1.086,65.19,77.8,68.0,45.1,0.5794,0.5794,0.144,2938.59,48.89,False,0.02
2026-01-03 19:00:00,2026-01-03,19,Saturday,True,Suburban_Residential,Rain,0.354,60.0,1.0,60.0,63.8,67.0,42.5,0.666,0.666,-0.047,2550.78,45.0,False,0.02
2026-01-03 20:00:00,2026-01-03,20,Saturday,True,Suburban_Residential,Rain,0.431,60.0,1.311,78.69,97.4,64.1,44.7,0.4591,0.4591,0.519,3519.8,59.02,False,0.0206
2026-01-03 21:00:00,2026-01-03,21,Saturday,True,Suburban_Residential,Rain,0.513,60.0,1.55,93.03,111.6,58.2,44.8,0.4014,0.4014,0.917,4166.34,69.77,False,0.0325
2026-01-03 22:00:00,2026-01-03,22,Saturday,True,Suburban_Residential,Rain,0.532,60.0,1.734,104.06,130.5,58.7,47.8,0.3661,0.3661,1.224,4973.21,78.05,False,0.0417
2026-01-03 23:00:00,2026-01-03,23,Saturday,True,Suburban_Residential,Rain,0.529,60.0,1.79,107.4,116.1,50.1,40.9,0.3522,0.3522,1.317,4390.86,80.55,False,0.0445
2026-01-04 00:00:00,2026-01-04,0,Sunday,True,Suburban_Residential,Clear,0.034,60.0,1.0,60.0,22.4,40.2,14.9,0.6669,0.6669,-0.444,895.37,45.0,False,0.02
2026-01-04 01:00:00,2026-01-04,1,Sunday,True,Suburban_Residential,Clear,0.074,60.0,1.0,60.0,26.3,45.4,17.4,0.6603,0.6603,-0.42,1042.83,45.0,False,0.02
2026-01-04 02:00:00,2026-01-04,2,Sunday,True,Suburban_Residential,Clear,0.056,60.0,1.0,60.0,26.2,47.4,17.2,0.6565,0.6565,-0.447,1031.81,45.0,False,0.02
2026-01-04 03:00:00,2026-01-04,3,Sunday,True,Suburban_Residential,Clear,0.06,60.0,1.0,60.0,23.7,42.4,16.0,0.6763,0.6763,-0.44,962.83,45.0,False,0.02
2026-01-04 04:00:00,2026-01-04,4,Sunday,True,Suburban_Residential,Clear,0.076,60.0,1.0,60.0,27.6,43.1,18.3,0.6623,0.6623,-0.359,1096.8,45.0,False,0.02
2026-01-04 05:00:00,2026-01-04,5,Sunday,True,Suburban_Residential,Clear,0.106,60.0,1.0,60.0,29.4,46.9,20.0,0.6808,0.6808,-0.372,1201.61,45.0,False,0.02
2026-01-04 06:00:00,2026-01-04,6,Sunday,True,Suburban_Residential,Clear,0.08,60.0,1.0,60.0,35.0,50.4,23.5,0.6722,0.6722,-0.306,1410.05,45.0,False,0.02
2026-01-04 07:00:00,2026-01-04,7,Sunday,True,Suburban_Residential,Clear,0.081,60.0,1.0,60.0,30.5,51.6,20.3,0.6662,0.6662,-0.409,1218.37,45.0,False,0.02
2026-01-04 08:00:00,2026-01-04,8,Sunday,True,Suburban_Residential,Clear,0.076,60.0,1.0,60.0,44.1,47.6,28.6,0.6492,0.6492,-0.075,1716.04,45.0,False,0.02
2026-01-04 09:00:00,2026-01-04,9,Sunday,True,Suburban_Residential,Clear,0.168,60.0,1.085,65.11,58.6,51.3,34.7,0.5923,0.5923,0.142,2259.45,48.83,False,0.02
2026-01-04 10:00:00,2026-01-04,10,Sunday,True,Suburban_Residential,Clear,0.212,60.0,1.24,74.4,73.6,52.5,38.4,0.5222,0.5222,0.4,2857.8,55.8,False,0.02
2026-01-04 11:00:00,2026-01-04,11,Sunday,True,Suburban_Residential,Clear,0.265,60.0,1.264,75.84,91.3,63.4,46.6,0.5101,0.5101,0.44,3531.81,56.88,False,0.02
2026-01-04 12:00:00,2026-01-04,12,Sunday,True,Suburban_Residential,Clear,0.328,60.0,1.338,80.29,111.2,71.1,54.8,0.4926,0.4926,0.564,4399.16,60.22,False,0.0219
2026-01-04 13:00:00,2026-01-04,13,Sunday,True,Suburban_Residential,Clear,0.392,60.0,1.404,84.22,102.4,61.2,48.1,0.4697,0.4697,0.673,4049.91,63.16,False,0.0252
2026-01-04 14:00:00,2026-01-04,14,Sunday,True,Suburban_Residential,Clear,0.307,60.0,1.405,84.31,132.7,79.2,63.3,0.4773,0.4773,0.675,5339.68,63.23,False,0.0253
2026-01-04 15:00:00,2026-01-04,15,Sunday,True,Suburban_Residential,Clear,0.31,60.0,1.356,81.38,111.9,70.2,54.6,0.4875,0.4875,0.594,4440.14,61.03,False,0.0228
2026-01-04 16:00:00,2026-01-04,16,Sunday,True,Suburban_Residential,Clear,0.253,60.0,1.17,70.23,89.6,69.7,50.7,0.5665,0.5665,0.284,3563.08,52.67,False,0.02
2026-01-04 17:00:00,2026-01-04,17,Sunday,True,Suburban_Residential,Clear,0.269,60.0,1.0,60.0,74.1,79.0,51.4,0.6935,0.6935,-0.061,3084.02,45.0,False,0.02
2026-01-04 18:00:00,2026-01-04,18,Sunday,True,Suburban_Residential,Clear,0.149,60.0,1.0,60.0,61.8,64.6,40.3,0.6516,0.6516,-0.043,2417.77,45.0,False,0.02
2026-01-04 19:00:00,2026-01-04,19,Sunday,True,Suburban_Residential,Clear,0.154,60.0,1.017,61.02,74.2,72.1,48.5,0.6531,0.6531,0.028,2957.17,45.77,False,0.02
2026-01-04 20:00:00,2026-01-04,20,Sunday,True,Suburban_Residential,Clear,0.283,60.0,1.173,70.38,76.9,59.7,43.2,0.5614,0.5614,0.288,3039.95,52.78,False,0.02
2026-01-04 21:00:00,2026-01-04,21,Sunday,True,Suburban_Residential,Clear,0.362,60.0,1.413,84.76,96.0,56.9,45.5,0.4746,0.4746,0.688,3860.72,63.57,False,0.0256
2026-01-04 22:00:00,2026-01-04,22,Sunday,True,Suburban_Residential,Clear,0.394,60.0,1.714,102.82,120.8,55.2,46.4,0.3841,0.3841,1.189,4771.47,77.11,False,0.0407
2026-01-04 23:00:00,2026-01-04,23,Sunday,True,Suburban_Residential,Clear,0.356,60.0,1.923,115.36,123.9,48.8,41.8,0.3376,0.3376,1.538,4824.36,86.52,False,0.0511
2026-01-05 00:00:00,2026-01-05,0,Monday,False,Suburban_Residential,Clear,0.063,60.0,1.0,60.0,18.1,36.7,12.3,0.6777,0.6777,-0.507,735.15,45.0,False,0.02
2026-01-05 01:00:00,2026-01-05,1,Monday,False,Suburban_Residential,Clear,0.059,60.0,1.0,60.0,18.4,36.0,12.2,0.6624,0.6624,-0.488,732.31,45.0,False,0.02
2026-01-05 02:00:00,2026-01-05,2,Monday,False,Suburban_Residential,Clear,0.059,60.0,1.0,60.0,18.8,38.6,12.4,0.66,0.66,-0.514,742.94,45.0,False,0.02
2026-01-05 03:00:00,2026-01-05,3,Monday,False,Suburban_Residential,Clear,0.075,60.0,1.0,60.0,19.8,48.6,13.2,0.67,0.67,-0.594,794.43,45.0,False,0.02
2026-01-05 04:00:00,2026-01-05,4,Monday,False,Suburban_Residential,Clear,0.046,60.0,1.0,60.0,23.2,44.8,15.0,0.6462,0.6462,-0.483,898.32,45.0,False,0.02
2026-01-05 05:00:00,2026-01-05,5,Monday,False,Suburban_Residential,Clear,0.083,60.0,1.0,60.0,30.7,53.8,19.8,0.6462,0.6462,-0.429,1190.91,45.0,False,0.02
2026-01-05 06:00:00,2026-01-05,6,Monday,False,Suburban_Residential,Clear,0.161,60.0,1.0,60.0,53.6,57.3,35.8,0.6669,0.6669,-0.065,2145.34,45.0,False,0.02
2026-01-05 07:00:00,2026-01-05,7,Monday,False,Suburban_Residential,Clear,0.253,60.0,1.32,79.2,97.2,63.4,48.5,0.4989,0.4989,0.533,3839.61,59.4,False,0.021
2026-01-05 08:00:00,2026-01-05,8,Monday,False,Suburban_Residential,Clear,0.352,60.0,1.354,81.26,110.2,69.3,54.4,0.4937,0.4937,0.591,4422.66,60.95,False,0.0227
2026-01-05 09:00:00,2026-01-05,9,Monday,False,Suburban_Residential,Clear,0.383,60.0,1.555,93.28,122.6,63.7,53.0,0.4326,0.4326,0.924,4948.04,69.96,False,0.0327
2026-01-05 10:00:00,2026-01-05,10,Monday,False,Suburban_Residential,Clear,0.231,60.0,1.234,74.03,89.4,64.3,48.1,0.5382,0.5382,0.39,3560.21,55.52,False,0.02
2026-01-05 11:00:00,2026-01-05,11,Monday,False,Suburban_Residential,Clear,0.111,60.0,1.0,60.0,53.9,67.3,36.2,0.6704,0.6704,-0.199,2169.36,45.0,False,0.02
2026-01-05 12:00:00,2026-01-05,12,Monday,False,Suburban_Residential,Clear,0.108,60.0,1.0,60.0,29.5,59.3,20.1,0.6809,0.6809,-0.503,1204.06,45.0,False,0.02
2026-01-05 13:00:00,2026-01-05,13,Monday,False,Suburban_Residential,Clear,0.077,60.0,1.0,60.0,23.2,69.8,15.4,0.6635,0.6635,-0.668,924.01,45.0,False,0.02
2026-01-05 14:00:00,2026-01-05,14,Monday,False,Suburban_Residential,Clear,0.09,60.0,1.0,60.0,21.8,71.0,14.5,0.6664,0.6664,-0.693,871.43,45.0,False,0.02
2026-01-05 15:00:00,2026-01-05,15,Monday,False,Suburban_Residential,Clear,0.102,60.0,1.0,60.0,35.9,70.5,24.0,0.6685,0.6685,-0.49,1440.79,45.0,False,0.02
2026-01-05 16:00:00,2026-01-05,16,Monday,False,Suburban_Residential,Clear,0.198,60.0,1.0,60.0,67.7,70.3,45.2,0.668,0.668,-0.038,2711.86,45.0,False,0.02
2026-01-05 17:00:00,2026-01-05,17,Monday,False,Suburban_Residential,Clear,0.346,60.0,1.276,76.53,108.5,74.4,55.2,0.509,0.509,0.459,4226.12,57.4,False,0.02
2026-01-05 18:00:00,2026-01-05,18,Monday,False,Suburban_Residential,Clear,0.412,60.0,1.684,101.02,157.4,73.6,59.4,0.3774,0.3774,1.139,6000.72,75.77,False,0.0392
2026-01-05 19:00:00,2026-01-05,19,Monday,False,Suburban_Residential,Clear,0.459,60.0,1.629,97.77,149.7,73.0,60.6,0.4046,0.4046,1.049,5920.84,73.33,False,0.0365
2026-01-05 20:00:00,2026-01-05,20,Monday,False,Suburban_Residential,Clear,0.345,60.0,1.373,82.37,114.7,70.8,55.3,0.4822,0.4822,0.621,4557.13,61.78,False,0.0236
2026-01-05 21:00:00,2026-01-05,21,Monday,False,Suburban_Residential,Clear,0.238,60.0,1.063,63.79,76.0,68.8,47.1,0.6202,0.6202,0.105,3006.8,47.84,False,0.02
2026-01-05 22:00:00,2026-01-05,22,Monday,False,Suburban_Residential,Clear,0.06,60.0,1.0,60.0,43.0,60.3,29.4,0.6849,0.6849,-0.288,1765.84,45.0,False,0.02
2026-01-05 23:00:00,2026-01-05,23,Monday,False,Suburban_Residential,Clear,0.147,60.0,1.0,60.0,24.2,56.7,15.8,0.6551,0.6551,-0.574,949.42,45.0,False,0.02
2026-01-06 00:00:00,2026-01-06,0,Tuesday,False,Suburban_Residential,Fog,0.242,60.0,1.0,60.0,18.7,37.9,11.4,0.6109,0.6109,-0.506,685.82,45.0,False,0.02
2026-01-06 01:00:00,2026-01-06,1,Tuesday,False,Suburban_Residential,Fog,0.301,60.0,1.0,60.0,18.4,44.7,11.4,0.6204,0.6204,-0.588,686.1,45.0,False,0.02
2026-01-06 02:00:00,2026-01-06,2,Tuesday,False,Suburban_Residential,Fog,0.306,60.0,1.0,60.0,21.6,40.7,13.3,0.6172,0.6172,-0.47,800.01,45.0,False,0.02
2026-01-06 03:00:00,2026-01-06,3,Tuesday,False,Suburban_Residential,Fog,0.248,60.0,1.0,60.0,21.6,42.9,13.2,0.6079,0.6079,-0.495,789.36,45.0,False,0.02
2026-01-06 04:00:00,2026-01-06,4,Tuesday,False,Suburban_Residential,Fog,0.257,60.0,1.0,60.0,20.2,49.5,12.6,0.6231,0.6231,-0.592,756.52,45.0,False,0.02
2026-01-06 05:00:00,2026-01-06,5,Tuesday,False,Suburban_Residential,Fog,0.183,60.0,1.0,60.0,29.1,48.1,18.2,0.624,0.624,-0.394,1089.87,45.0,False,0.02
2026-01-06 06:00:00,2026-01-06,6,Tuesday,False,Suburban_Residential,Fog,0.36,60.0,1.0,60.0,59.3,63.6,35.1,0.5923,0.5923,-0.068,2106.86,45.0,False,0.02
2026-01-06 07:00:00,2026-01-06,7,Tuesday,False,Suburban_Residential,Fog,0.485,60.0,1.446,86.74,109.2,62.7,46.6,0.4264,0.4264,0.743,4039.15,65.05,False,0.0273
2026-01-06 08:00:00,2026-01-06,8,Tuesday,False,Suburban_Residential,Fog,0.523,60.0,1.491,89.48,127.1,69.9,51.2,0.4028,0.4028,0.819,4578.85,67.11,False,0.0296
2026-01-06 09:00:00,2026-01-06,9,Tuesday,False,Suburban_Residential,Fog,0.517,60.0,1.49,89.42,120.7,66.4,50.0,0.4145,0.4145,0.817,4475.09,67.06,False,0.0295
2026-01-06 10:00:00,2026-01-06,10,Tuesday,False,Suburban_Residential,Fog,0.44,60.0,1.241,74.46,91.2,65.0,45.4,0.4979,0.4979,0.402,3380.08,55.84,False,0.02
2026-01-06 11:00:00,2026-01-06,11,Tuesday,False,Suburban_Residential,Fog,0.414,60.0,1.0,60.0,51.0,71.5,31.5,0.617,0.617,-0.286,1889.58,45.0,False,0.02
2026-01-06 12:00:00,2026-01-06,12,Tuesday,False,Suburban_Residential,Fog,0.206,60.0,1.0,60.0,33.4,62.0,21.0,0.6308,0.6308,-0.462,1262.94,45.0,False,0.02
2026-01-06 13:00:00,2026-01-06,13,Tuesday,False,Suburban_Residential,Fog,0.295,60.0,1.0,60.0,24.3,64.4,14.8,0.606,0.606,-0.622,885.14,45.0,False,0.02
2026-01-06 14:00:00,2026-01-06,14,Tuesday,False,Suburban_Residential,Fog,0.267,60.0,1.0,60.0,25.4,59.3,14.8,0.5834,0.5834,-0.572,888.82,45.0,False,0.02
2026-01-06 15:00:00,2026-01-06,15,Tuesday,False,Suburban_Residential,Fog,0.327,60.0,1.0,60.0,32.6,68.5,19.7,0.6041,0.6041,-0.525,1180.02,45.0,False,0.02
2026-01-06 16:00:00,2026-01-06,16,Tuesday,False,Suburban_Residential,Fog,0.436,60.0,1.0,60.0,67.2,70.0,41.5,0.6171,0.6171,-0.04,2487.67,45.0,False,0.02
2026-01-06 17:00:00,2026-01-06,17,Tuesday,False,Suburban_Residential,Fog,0.541,60.0,1.241,74.46,115.0,82.0,55.3,0.4811,0.4811,0.402,4118.06,55.84,False,0.02
2026-01-06 18:00:00,2026-01-06,18,Tuesday,False,Suburban_Residential,Fog,0.701,60.0,1.544,92.64,140.3,73.6,56.1,0.4002,0.4002,0.907,5201.27,69.48,False,0.0322
2026-01-06 19:00:00,2026-01-06,19,Tuesday,False,Suburban_Residential,Fog,0.649,60.0,1.711,102.64,152.5,69.8,53.6,0.3517,0.3517,1.184,5506.07,76.98,False,0.0405
2026-01-06 20:00:00,2026-01-06,20,Tuesday,False,Suburban_Residential,Fog,0.574,60.0,1.265,75.9,113.8,78.9,53.7,0.4717,0.4717,0.442,4072.32,56.93,False,0.02
2026-01-06 21:00:00,2026-01-06,21,Tuesday,False,Suburban_Residential,Fog,0.468,60.0,1.143,68.57,72.8,58.8,38.8,0.5331,0.5331,0.238,2662.11,51.43,False,0.02
2026-01-06 22:00:00,2026-01-06,22,Tuesday,False,Suburban_Residential,Fog,0.344,60.0,1.0,60.0,33.0,60.6,20.9,0.6325,0.6325,-0.456,1251.49,45.0,False,0.02
2026-01-06 23:00:00,2026-01-06,23,Tuesday,False,Suburban_Residential,Fog,0.268,60.0,1.0,60.0,27.8,67.4,17.0,0.6129,0.6129,-0.588,1021.54,45.0,False,0.02
2026-01-07 00:00:00,2026-01-07,0,Wednesday,False,Suburban_Residential,Rain,0.267,60.0,1.0,60.0,20.0,39.0,12.7,0.6357,0.6357,-0.488,761.6,45.0,False,0.02
2026-01-07 01:00:00,2026-01-07,1,Wednesday,False,Suburban_Residential,Rain,0.216,60.0,1.0,60.0,24.2,45.5,15.1,0.6271,0.6271,-0.47,908.8,45.0,False,0.02
2026-01-07 02:00:00,2026-01-07,2,Wednesday,False,Suburban_Residential,Rain,0.289,60.0,1.0,60.0,21.4,45.3,14.1,0.6559,0.6559,-0.527,843.04,45.0,False,0.02
2026-01-07 03:00:00,2026-01-07,3,Wednesday,False,Suburban_Residential,Rain,0.176,60.0,1.0,60.0,24.7,48.2,16.1,0.6534,0.6534,-0.488,967.71,45.0,False,0.02
2026-01-07 04:00:00,2026-01-07,4,Wednesday,False,Suburban_Residential,Rain,0.261,60.0,1.0,60.0,23.8,52.5,15.1,0.6355,0.6355,-0.546,908.89,45.0,False,0.02
2026-01-07 05:00:00,2026-01-07,5,Wednesday,False,Suburban_Residential,Rain,0.225,60.0,1.0,60.0,32.4,52.8,20.8,0.6428,0.6428,-0.387,1247.84,45.0,False,0.02
2026-01-07 06:00:00,2026-01-07,6,Wednesday,False,Suburban_Residential,Rain,0.308,60.0,1.0,60.0,52.6,57.8,32.6,0.6199,0.6199,-0.091,1956.22,45.0,False,0.02
2026-01-07 07:00:00,2026-01-07,7,Wednesday,False,Suburban_Residential,Rain,0.415,60.0,1.377,82.63,89.8,55.1,41.9,0.466,0.466,0.629,3458.13,61.97,False,0.0239
2026-01-07 08:00:00,2026-01-07,8,Wednesday,False,Suburban_Residential,Rain,0.494,60.0,1.851,111.09,148.4,61.3,50.2,0.3384,0.3384,1.419,5578.47,83.32,False,0.0476
2026-01-07 09:00:00,2026-01-07,9,Wednesday,False,Suburban_Residential,Rain,0.502,60.0,1.604,96.25,139.3,69.4,54.7,0.3927,0.3927,1.007,5265.85,72.19,False,0.0352
2026-01-07 10:00:00,2026-01-07,10,Wednesday,False,Suburban_Residential,Rain,0.432,60.0,1.226,73.58,96.5,70.1,49.2,0.5101,0.5101,0.377,3621.8,55.19,False,0.02
2026-01-07 11:00:00,2026-01-07,11,Wednesday,False,Suburban_Residential,Rain,0.269,60.0,1.0,60.0,50.6,63.8,32.0,0.6323,0.6323,-0.207,1919.71,45.0,False,0.02
2026-01-07 12:00:00,2026-01-07,12,Wednesday,False,Suburban_Residential,Rain,0.245,60.0,1.0,60.0,30.0,70.4,19.7,0.6561,0.6561,-0.573,1181.79,45.0,False,0.02
2026-01-07 13:00:00,2026-01-07,13,Wednesday,False,Suburban_Residential,Rain,0.208,60.0,1.0,60.0,27.3,67.0,17.6,0.6456,0.6456,-0.593,1055.99,45.0,False,0.02
2026-01-07 14:00:00,2026-01-07,14,Wednesday,False,Suburban_Residential,Rain,0.229,60.0,1.0,60.0,27.3,62.8,16.9,0.6192,0.6192,-0.565,1014.68,45.0,False,0.02
2026-01-07 15:00:00,2026-01-07,15,Wednesday,False,Suburban_Residential,Rain,0.299,60.0,1.0,60.0,44.9,66.4,28.1,0.6253,0.6253,-0.324,1684.8,45.0,False,0.02
2026-01-07 16:00:00,2026-01-07,16,Wednesday,False,Suburban_Residential,Rain,0.291,60.0,1.0,60.0,65.0,75.4,42.4,0.6524,0.6524,-0.137,2546.04,45.0,False,0.02
2026-01-07 17:00:00,2026-01-07,17,Wednesday,False,Suburban_Residential,Rain,0.437,60.0,1.35,81.03,118.0,74.5,55.7,0.4726,0.4726,0.584,4517.16,60.77,False,0.0225
2026-01-07 18:00:00,2026-01-07,18,Wednesday,False,Suburban_Residential,Rain,0.635,60.0,1.451,87.09,150.0,85.6,62.2,0.4146,0.4146,0.752,5416.86,65.32,False,0.0276
2026-01-07 19:00:00,2026-01-07,19,Wednesday,False,Suburban_Residential,Rain,0.594,60.0,1.689,101.33,152.8,71.1,57.2,0.3741,0.3741,1.148,5792.04,76.0,False,0.0394
2026-01-07 20:00:00,2026-01-07,20,Wednesday,False,Suburban_Residential,Rain,0.53,60.0,1.404,84.23,127.6,76.3,55.7,0.4366,0.4366,0.673,4693.5,63.17,False,0.0252
2026-01-07 21:00:00,2026-01-07,21,Wednesday,False,Suburban_Residential,Rain,0.309,60.0,1.041,62.48,75.7,70.8,46.7,0.6173,0.6173,0.069,2917.93,46.86,False,0.02
2026-01-07 22:00:00,2026-01-07,22,Wednesday,False,Suburban_Residential,Rain,0.239,60.0,1.0,60.0,45.4,65.9,29.2,0.6414,0.6414,-0.31,1749.2,45.0,False,0.02
2026-01-07 23:00:00,2026-01-07,23,Wednesday,False,Suburban_Residential,Rain,0.228,60.0,1.0,60.0,25.5,58.5,16.0,0.6273,0.6273,-0.564,959.5,45.0,False,0.02
2026-01-08 00:00:00,2026-01-08,0,Thursday,False,Suburban_Residential,Rain,0.224,60.0,1.0,60.0,22.6,43.3,14.5,0.6417,0.6417,-0.479,869.03,45.0,False,0.02
2026-01-08 01:00:00,2026-01-08,1,Thursday,False,Suburban_Residential,Rain,0.24,60.0,1.0,60.0,17.8,37.6,11.1,0.6266,0.6266,-0.527,668.44,45.0,False,0.02
2026-01-08 02:00:00,2026-01-08,2,Thursday,False,Suburban_Residential,Rain,0.205,60.0,1.0,60.0,22.5,35.3,14.5,0.6425,0.6425,-0.361,868.48,45.0,False,0.02
2026-01-08 03:00:00,2026-01-08,3,Thursday,False,Suburban_Residential,Rain,0.175,60.0,1.0,60.0,20.0,38.4,12.6,0.6291,0.6291,-0.479,755.15,45.0,False,0.02
2026-01-08 04:00:00,2026-01-08,4,Thursday,False,Suburban_Residential,Rain,0.244,60.0,1.0,60.0,23.6,50.5,15.2,0.6465,0.6465,-0.534,914.26,45.0,False,0.02
2026-01-08 05:00:00,2026-01-08,5,Thursday,False,Suburban_Residential,Rain,0.225,60.0,1.0,60.0,33.6,56.8,21.8,0.6475,0.6475,-0.408,1305.69,45.0,False,0.02
2026-01-08 06:00:00,2026-01-08,6,Thursday,False,Suburban_Residential,Rain,0.289,60.0,1.0,60.0,51.7,61.4,33.0,0.6382,0.6382,-0.158,1978.2,45.0,False,0.02
2026-01-08 07:00:00,2026-01-08,7,Thursday,False,Suburban_Residential,Rain,0.467,60.0,1.364,81.85,92.7,57.7,43.5,0.4693,0.4693,0.607,3562.53,61.39,False,0.0232
2026-01-08 08:00:00,2026-01-08,8,Thursday,False,Suburban_Residential,Rain,0.513,60.0,1.542,92.5,122.3,64.3,49.5,0.4051,0.4051,0.903,4581.67,69.38,False,0.0321
2026-01-08 09:00:00,2026-01-08,9,Thursday,False,Suburban_Residential,Rain,0.51,60.0,1.368,82.06,119.6,74.2,55.2,0.4613,0.4613,0.613,4527.0,61.55,False,0.0234
2026-01-08 10:00:00,2026-01-08,10,Thursday,False,Suburban_Residential,Rain,0.359,60.0,1.289,77.37,91.5,61.7,44.5,0.4864,0.4864,0.482,3442.77,58.03,False,0.02
2026-01-08 11:00:00,2026-01-08,11,Thursday,False,Suburban_Residential,Rain,0.337,60.0,1.0,60.0,48.5,64.1,30.7,0.6333,0.6333,-0.243,1843.2,45.0,False,0.02
2026-01-08 12:00:00,2026-01-08,12,Thursday,False,Suburban_Residential,Rain,0.274,60.0,1.0,60.0,35.8,68.1,22.6,0.6303,0.6303,-0.474,1354.76,45.0,False,0.02
2026-01-08 13:00:00,2026-01-08,13,Thursday,False,Suburban_Residential,Rain,0.21,60.0,1.0,60.0,27.3,65.4,17.9,0.6559,0.6559,-0.582,1076.11,45.0,False,0.02
2026-01-08 14:00:00,2026-01-08,14,Thursday,False,Suburban_Residential,Rain,0.254,60.0,1.0,60.0,31.0,69.8,19.3,0.6243,0.6243,-0.556,1160.52,45.0,False,0.02
2026-01-08 15:00:00,2026-01-08,15,Thursday,False,Suburban_Residential,Rain,0.193,60.0,1.0,60.0,42.8,66.0,27.5,0.6414,0.6414,-0.351,1647.43,45.0,False,0.02
2026-01-08 16:00:00,2026-01-08,16,Thursday,False,Suburban_Residential,Rain,0.411,60.0,1.048,62.86,70.8,65.6,43.0,0.6079,0.6079,0.079,2706.09,47.14,False,0.02
2026-01-08 17:00:00,2026-01-08,17,Thursday,False,Suburban_Residential,Rain,0.461,60.0,1.236,74.19,109.3,78.4,54.8,0.5015,0.5015,0.394,4067.65,55.64,False,0.02
2026-01-08 18:00:00,2026-01-08,18,Thursday,False,Suburban_Residential,Rain,0.589,60.0,1.741,104.44,168.4,75.4,61.1,0.3629,0.3629,1.234,6383.23,78.33,False,0.042
2026-01-08 19:00:00,2026-01-08,19,Thursday,False,Suburban_Residential,Rain,0.688,60.0,1.622,97.32,133.9,65.8,52.2,0.3895,0.3895,1.037,5076.03,72.99,False,0.0361
2026-01-08 20:00:00,2026-01-08,20,Thursday,False,Suburban_Residential,Rain,0.446,60.0,1.379,82.75,120.0,73.5,53.4,0.4452,0.4452,0.632,4421.79,62.06,False,0.024
2026-01-08 21:00:00,2026-01-08,21,Thursday,False,Suburban_Residential,Rain,0.366,60.0,1.188,71.28,82.8,63.0,43.3,0.5224,0.5224,0.313,3082.88,53.46,False,0.02
2026-01-08 22:00:00,2026-01-08,22,Thursday,False,Suburban_Residential,Rain,0.291,60.0,1.0,60.0,42.4,61.7,27.7,0.6533,0.6533,-0.314,1661.05,45.0,False,0.02
2026-01-08 23:00:00,2026-01-08,23,Thursday,False,Suburban_Residential,Rain,0.161,60.0,1.0,60.0,28.8,54.2,18.6,0.6452,0.6452,-0.468,1116.59,45.0,False,0.02
2026-01-09 00:00:00,2026-01-09,0,Friday,False,Suburban_Residential,Clear,0.051,60.0,1.0,60.0,17.1,41.8,11.7,0.6888,0.6888,-0.592,705.0,45.0,False,0.02
2026-01-09 01:00:00,2026-01-09,1,Friday,False,Suburban_Residential,Clear,0.11,60.0,1.0,60.0,17.9,36.7,12.0,0.6715,0.6715,-0.513,720.37,45.0,False,0.02
2026-01-09 02:00:00,2026-01-09,2,Friday,False,Suburban_Residential,Clear,0.025,60.0,1.0,60.0,20.2,43.5,13.4,0.6642,0.6642,-0.536,804.12,45.0,False,0.02
2026-01-09 03:00:00,2026-01-09,3,Friday,False,Suburban_Residential,Clear,0.067,60.0,1.0,60.0,21.3,40.0,14.1,0.6642,0.6642,-0.468,848.09,45.0,False,0.02
2026-01-09 04:00:00,2026-01-09,4,Friday,False,Suburban_Residential,Clear,0.093,60.0,1.0,60.0,21.9,49.8,14.3,0.6516,0.6516,-0.561,855.48,45.0,False,0.02
2026-01-09 05:00:00,2026-01-09,5,Friday,False,Suburban_Residential,Clear,0.121,60.0,1.0,60.0,27.6,58.0,18.9,0.6837,0.6837,-0.523,1133.64,45.0,False,0.02
2026-01-09 06:00:00,2026-01-09,6,Friday,False,Suburban_Residential,Clear,0.139,60.0,1.0,60.0,49.5,61.1,32.8,0.6637,0.6637,-0.19,1970.13,45.0,False,0.02
2026-01-09 07:00:00,2026-01-09,7,Friday,False,Suburban_Residential,Clear,0.26,60.0,1.223,73.39,86.1,62.7,45.9,0.5338,0.5338,0.372,3370.96,55.04,False,0.02
2026-01-09 08:00:00,2026-01-09,8,Friday,False,Suburban_Residential,Clear,0.299,60.0,1.319,79.17,106.4,69.4,53.2,0.5,0.5,0.532,4212.48,59.38,False,0.021
2026-01-09 09:00:00,2026-01-09,9,Friday,False,Suburban_Residential,Clear,0.381,60.0,1.361,81.65,107.3,67.0,50.4,0.4698,0.4698,0.602,4117.61,61.24,False,0.023
2026-01-09 10:00:00,2026-01-09,10,Friday,False,Suburban_Residential,Clear,0.285,60.0,1.219,73.15,89.6,65.6,48.3,0.5393,0.5393,0.365,3534.59,54.86,False,0.02
2026-01-09 11:00:00,2026-01-09,11,Friday,False,Suburban_Residential,Clear,0.133,60.0,1.0,60.0,53.1,69.9,35.1,0.6611,0.6611,-0.241,2105.32,45.0,False,0.02
2026-01-09 12:00:00,2026-01-09,12,Friday,False,Suburban_Residential,Clear,0.075,60.0,1.0,60.0,32.6,65.1,21.7,0.6644,0.6644,-0.499,1300.24,45.0,False,0.02
2026-01-09 13:00:00,2026-01-09,13,Friday,False,Suburban_Residential,Clear,0.046,60.0,1.0,60.0,22.0,62.5,14.7,0.6664,0.6664,-0.648,879.57,45.0,False,0.02
2026-01-09 14:00:00,2026-01-09,14,Friday,False,Suburban_Residential,Clear,0.076,60.0,1.0,60.0,23.6,72.0,15.9,0.6745,0.6745,-0.672,955.87,45.0,False,0.02
2026-01-09 15:00:00,2026-01-09,15,Friday,False,Suburban_Residential,Clear,0.147,60.0,1.0,60.0,37.8,70.6,25.9,0.6841,0.6841,-0.464,1553.42,45.0,False,0.02
2026-01-09 16:00:00,2026-01-09,16,Friday,False,Suburban_Residential,Clear,0.245,60.0,1.009,60.53,68.8,67.8,45.3,0.6579,0.6579,0.015,2740.22,45.4,False,0.02
2026-01-09 17:00:00,2026-01-09,17,Friday,False,Suburban_Residential,Clear,0.345,60.0,1.25,75.03,99.7,70.4,51.6,0.5174,0.5174,0.417,3872.15,56.27,False,0.02
2026-01-09 18:00:00,2026-01-09,18,Friday,False,Suburban_Residential,Clear,0.42,60.0,1.693,101.59,155.6,72.2,59.3,0.3808,0.3808,1.155,6020.02,76.19,False,0.0397
2026-01-09 19:00:00,2026-01-09,19,Friday,False,Suburban_Residential,Clear,0.428,60.0,1.617,97.03,149.3,73.6,61.9,0.4148,0.4148,1.029,6009.73,72.77,False,0.0359
2026-01-09 20:00:00,2026-01-09,20,Friday,False,Suburban_Residential,Clear,0.297,60.0,1.411,84.69,113.3,67.2,53.7,0.4744,0.4744,0.686,4551.84,63.52,False,0.0256
2026-01-09 21:00:00,2026-01-09,21,Friday,False,Suburban_Residential,Clear,0.178,60.0,1.026,61.57,72.4,69.4,47.0,0.6482,0.6482,0.044,2891.16,46.18,False,0.02
2026-01-09 22:00:00,2026-01-09,22,Friday,False,Suburban_Residential,Clear,0.096,60.0,1.0,60.0,39.3,68.8,26.6,0.6775,0.6775,-0.429,1596.55,45.0,False,0.02
2026-01-09 23:00:00,2026-01-09,23,Friday,False,Suburban_Residential,Clear,0.059,60.0,1.0,60.0,23.8,52.6,16.1,0.6762,0.6762,-0.547,965.46,45.0,False,0.02
2026-01-10 00:00:00,2026-01-10,0,Saturday,True,Suburban_Residential,Clear,0.049,60.0,1.0,60.0,24.9,45.7,17.1,0.6866,0.6866,-0.456,1025.15,45.0,False,0.02
2026-01-10 01:00:00,2026-01-10,1,Saturday,True,Suburban_Residential,Clear,0.156,60.0,1.0,60.0,23.8,42.0,16.0,0.6712,0.6712,-0.433,959.05,45.0,False,0.02
2026-01-10 02:00:00,2026-01-10,2,Saturday,True,Suburban_Residential,Clear,0.078,60.0,1.0,60.0,25.5,41.5,16.8,0.657,0.657,-0.385,1007.0,45.0,False,0.02
2026-01-10 03:00:00,2026-01-10,3,Saturday,True,Suburban_Residential,Clear,0.104,60.0,1.0,60.0,26.3,44.6,17.0,0.6477,0.6477,-0.411,1021.56,45.0,False,0.02
2026-01-10 04:00:00,2026-01-10,4,Saturday,True,Suburban_Residential,Clear,0.044,60.0,1.0,60.0,21.9,42.0,14.8,0.6754,0.6754,-0.479,887.63,45.0,False,0.02
2026-01-10 05:00:00,2026-01-10,5,Saturday,True,Suburban_Residential,Clear,0.142,60.0,1.0,60.0,27.8,45.6,18.2,0.6557,0.6557,-0.39,1093.03,45.0,False,0.02
2026-01-10 06:00:00,2026-01-10,6,Saturday,True,Suburban_Residential,Clear,0.06,60.0,1.0,60.0,30.5,48.4,19.8,0.6495,0.6495,-0.371,1187.57,45.0,False,0.02
2026-01-10 07:00:00,2026-01-10,7,Saturday,True,Suburban_Residential,Clear,0.063,60.0,1.0,60.0,37.3,49.9,25.2,0.676,0.676,-0.253,1512.03,45.0,False,0.02
2026-01-10 08:00:00,2026-01-10,8,Saturday,True,Suburban_Residential,Clear,0.131,60.0,1.0,60.0,44.0,54.1,29.7,0.6738,0.6738,-0.186,1780.28,45.0,False,0.02
2026-01-10 09:00:00,2026-01-10,9,Saturday,True,Suburban_Residential,Clear,0.184,60.0,1.0,60.0,52.9,54.0,35.9,0.6785,0.6785,-0.02,2152.72,45.0,False,0.02
2026-01-10 10:00:00,2026-01-10,10,Saturday,True,Suburban_Residential,Clear,0.2,60.0,1.089,65.32,61.6,53.7,37.7,0.6111,0.6111,0.148,2459.66,48.99,False,0.02
2026-01-10 11:00:00,2026-01-10,11,Saturday,True,Suburban_Residential,Clear,0.306,60.0,1.214,72.85,85.5,63.0,46.4,0.543,0.543,0.357,3382.4,54.64,False,0.02
2026-01-10 12:00:00,2026-01-10,12,Saturday,True,Suburban_Residential,Clear,0.306,60.0,1.307,78.4,97.9,64.8,49.4,0.505,0.505,0.511,3876.77,58.8,False,0.0203
2026-01-10 13:00:00,2026-01-10,13,Saturday,True,Suburban_Residential,Clear,0.338,60.0,1.393,83.56,116.5,70.4,55.3,0.4747,0.4747,0.654,4620.56,62.67,False,0.0246
2026-01-10 14:00:00,2026-01-10,14,Saturday,True,Suburban_Residential,Clear,0.361,60.0,1.287,77.25,108.8,73.5,56.8,0.5219,0.5219,0.479,4385.51,57.94,False,0.02
2026-01-10 15:00:00,2026-01-10,15,Saturday,True,Suburban_Residential,Clear,0.296,60.0,1.31,78.6,113.7,75.0,57.1,0.5019,0.5019,0.517,4485.5,58.95,False,0.0205
2026-01-10 16:00:00,2026-01-10,16,Saturday,True,Suburban_Residential,Clear,0.246,60.0,1.15,68.98,88.2,70.6,49.9,0.5659,0.5659,0.25,3444.28,51.73,False,0.02
2026-01-10 17:00:00,2026-01-10,17,Saturday,True,Suburban_Residential,Clear,0.261,60.0,1.081,64.86,79.2,69.8,49.5,0.6247,0.6247,0.135,3209.77,48.64,False,0.02
2026-01-10 18:00:00,2026-01-10,18,Saturday,True,Suburban_Residential,Clear,0.155,60.0,1.0,60.0,63.4,74.3,41.8,0.6598,0.6598,-0.146,2510.92,45.0,False,0.02
2026-01-10 19:00:00,2026-01-10,19,Saturday,True,Suburban_Residential,Clear,0.221,60.0,1.105,66.33,73.7,62.6,43.8,0.5949,0.5949,0.176,2906.39,49.75,False,0.02
2026-01-10 20:00:00,2026-01-10,20,Saturday,True,Suburban_Residential,Clear,0.256,60.0,1.303,78.2,87.7,58.3,44.1,0.5029,0.5029,0.506,3449.53,58.65,False,0.0202
2026-01-10 21:00:00,2026-01-10,21,Saturday,True,Suburban_Residential,Clear,0.329,60.0,1.461,87.64,103.8,58.7,46.7,0.4502,0.4502,0.768,4094.2,65.73,False,0.028
2026-01-10 22:00:00,2026-01-10,22,Saturday,True,Suburban_Residential,Clear,0.343,60.0,1.779,106.74,116.6,50.7,43.3,0.3717,0.3717,1.298,4624.02,80.05,False,0.044
2026-01-10 23:00:00,2026-01-10,23,Saturday,True,Suburban_Residential,Clear,0.356,60.0,1.891,113.47,127.6,51.3,44.8,0.3514,0.3514,1.485,5086.83,85.1,False,0.0496
2026-01-11 00:00:00,2026-01-11,0,Sunday,True,Suburban_Residential,Clear,0.077,60.0,1.0,60.0,22.7,39.8,14.8,0.6536,0.6536,-0.43,889.08,45.0,False,0.02
2026-01-11 01:00:00,2026-01-11,1,Sunday,True,Suburban_Residential,Clear,0.066,60.0,1.0,60.0,24.2,41.8,16.1,0.6639,0.6639,-0.421,965.24,45.0,False,0.02
2026-01-11 02:00:00,2026-01-11,2,Sunday,True,Suburban_Residential,Clear,0.05,60.0,1.0,60.0,24.7,44.4,16.8,0.6804,0.6804,-0.444,1006.87,45.0,False,0.02
2026-01-11 03:00:00,2026-01-11,3,Sunday,True,Suburban_Residential,Clear,0.064,60.0,1.0,60.0,28.2,36.4,19.3,0.6842,0.6842,-0.225,1157.77,45.0,False,0.02
2026-01-11 04:00:00,2026-01-11,4,Sunday,True,Suburban_Residential,Clear,0.027,60.0,1.0,60.0,24.5,41.0,16.2,0.6616,0.6616,-0.403,971.86,45.0,False,0.02
2026-01-11 05:00:00,2026-01-11,5,Sunday,True,Suburban_Residential,Clear,0.116,60.0,1.0,60.0,25.2,47.9,17.1,0.6795,0.6795,-0.474,1028.16,45.0,False,0.02
2026-01-11 06:00:00,2026-01-11,6,Sunday,True,Suburban_Residential,Clear,0.081,60.0,1.0,60.0,31.1,44.4,21.4,0.6873,0.6873,-0.301,1281.84,45.0,False,0.02
2026-01-11 07:00:00,2026-01-11,7,Sunday,True,Suburban_Residential,Clear,0.065,60.0,1.0,60.0,32.6,51.3,22.2,0.6814,0.6814,-0.364,1333.67,45.0,False,0.02
2026-01-11 08:00:00,2026-01-11,8,Sunday,True,Suburban_Residential,Clear,0.086,60.0,1.0,60.0,40.4,47.9,28.1,0.6972,0.6972,-0.157,1687.93,45.0,False,0.02
2026-01-11 09:00:00,2026-01-11,9,Sunday,True,Suburban_Residential,Clear,0.192,60.0,1.0,60.0,54.7,57.5,36.7,0.6702,0.6702,-0.048,2200.96,45.0,False,0.02
2026-01-11 10:00:00,2026-01-11,10,Sunday,True,Suburban_Residential,Clear,0.151,60.0,1.097,65.85,70.4,60.6,42.9,0.6099,0.6099,0.162,2827.21,49.39,False,0.02
2026-01-11 11:00:00,2026-01-11,11,Sunday,True,Suburban_Residential,Clear,0.271,60.0,1.229,73.75,87.5,63.3,45.9,0.5246,0.5246,0.382,3383.19,55.31,False,0.02
2026-01-11 12:00:00,2026-01-11,12,Sunday,True,Suburban_Residential,Clear,0.304,60.0,1.411,84.65,108.4,64.3,50.4,0.4647,0.4647,0.685,4264.54,63.49,False,0.0255
2026-01-11 13:00:00,2026-01-11,13,Sunday,True,Suburban_Residential,Clear,0.416,60.0,1.458,87.5,113.8,64.5,49.7,0.4366,0.4366,0.764,4346.21,65.62,False,0.0279
2026-01-11 14:00:00,2026-01-11,14,Sunday,True,Suburban_Residential,Clear,0.354,60.0,1.272,76.32,101.7,70.0,53.1,0.5216,0.5216,0.453,4049.11,57.24,False,0.02
2026-01-11 15:00:00,2026-01-11,15,Sunday,True,Suburban_Residential,Clear,0.261,60.0,1.277,76.63,99.7,68.2,51.5,0.5167,0.5167,0.462,3946.01,57.47,False,0.02
2026-01-11 16:00:00,2026-01-11,16,Sunday,True,Suburban_Residential,Clear,0.218,60.0,1.168,70.08,96.2,75.2,55.3,0.5751,0.5751,0.28,3877.51,52.56,False,0.02
2026-01-11 17:00:00,2026-01-11,17,Sunday,True,Suburban_Residential,Clear,0.297,60.0,1.018,61.07,72.4,70.4,46.8,0.6464,0.6464,0.03,2859.26,45.8,False,0.02
2026-01-11 18:00:00,2026-01-11,18,Sunday,True,Suburban_Residential,Clear,0.206,60.0,1.0,60.0,57.1,68.9,37.8,0.6625,0.6625,-0.171,2269.59,45.0,False,0.02
2026-01-11 19:00:00,2026-01-11,19,Sunday,True,Suburban_Residential,Clear,0.222,60.0,1.116,66.97,78.0,65.3,46.0,0.5898,0.5898,0.194,3079.26,50.23,False,0.02
2026-01-11 20:00:00,2026-01-11,20,Sunday,True,Suburban_Residential,Clear,0.276,60.0,1.147,68.79,75.8,60.9,44.0,0.5803,0.5803,0.244,3026.82,51.59,False,0.02
2026-01-11 21:00:00,2026-01-11,21,Sunday,True,Suburban_Residential,Clear,0.326,60.0,1.561,93.64,101.8,52.6,43.5,0.4276,0.4276,0.934,4074.7,70.23,False,0.033
2026-01-11 22:00:00,2026-01-11,22,Sunday,True,Suburban_Residential,Clear,0.362,60.0,1.779,106.77,119.2,51.9,44.1,0.37,0.37,1.299,4709.83,80.08,False,0.044
2026-01-11 23:00:00,2026-01-11,23,Sunday,True,Suburban_Residential,Clear,0.437,60.0,1.704,102.27,113.7,52.3,43.6,0.3833,0.3833,1.174,4457.44,76.7,False,0.0402
2026-01-12 00:00:00,2026-01-12,0,Monday,False,Suburban_Residential,Heavy_Rain,0.367,60.0,1.0,60.0,23.6,39.0,13.2,0.5583,0.5583,-0.394,791.87,45.0,False,0.02
2026-01-12 01:00:00,2026-01-12,1,Monday,False,Suburban_Residential,Heavy_Rain,0.359,60.0,1.0,60.0,21.3,38.4,11.8,0.5515,0.5515,-0.445,705.48,45.0,False,0.02
2026-01-12 02:00:00,2026-01-12,2,Monday,False,Suburban_Residential,Heavy_Rain,0.336,60.0,1.0,60.0,19.0,43.5,11.0,0.5781,0.5781,-0.563,659.4,45.0,False,0.02
2026-01-12 03:00:00,2026-01-12,3,Monday,False,Suburban_Residential,Heavy_Rain,0.351,60.0,1.0,60.0,19.7,46.1,11.1,0.5656,0.5656,-0.574,666.99,45.0,False,0.02
2026-01-12 04:00:00,2026-01-12,4,Monday,False,Suburban_Residential,Heavy_Rain,0.386,60.0,1.0,60.0,21.5,44.0,12.1,0.5638,0.5638,-0.512,726.81,45.0,False,0.02
2026-01-12 05:00:00,2026-01-12,5,Monday,False,Suburban_Residential,Heavy_Rain,0.322,60.0,1.0,60.0,29.1,52.9,16.5,0.5667,0.5667,-0.45,989.38,45.0,False,0.02
2026-01-12 06:00:00,2026-01-12,6,Monday,False,Suburban_Residential,Heavy_Rain,0.497,60.0,1.0,60.0,50.4,55.6,27.7,0.5496,0.5496,-0.093,1662.63,45.0,False,0.02
2026-01-12 07:00:00,2026-01-12,7,Monday,False,Suburban_Residential,Heavy_Rain,0.591,60.0,1.215,72.9,90.2,66.4,41.6,0.4614,0.4614,0.358,3034.35,54.68,False,0.02
2026-01-12 08:00:00,2026-01-12,8,Monday,False,Suburban_Residential,Heavy_Rain,0.7,60.0,1.518,91.06,126.6,68.0,47.5,0.3755,0.3755,0.863,4328.68,68.3,False,0.0309
2026-01-12 09:00:00,2026-01-12,9,Monday,False,Suburban_Residential,Heavy_Rain,0.702,60.0,1.468,88.07,124.0,69.7,47.2,0.3808,0.3808,0.78,4159.56,66.05,False,0.0284
2026-01-12 10:00:00,2026-01-12,10,Monday,False,Suburban_Residential,Heavy_Rain,0.512,60.0,1.3,78.01,95.7,63.8,41.4,0.4331,0.4331,0.5,3232.43,58.51,False,0.02
2026-01-12 11:00:00,2026-01-12,11,Monday,False,Suburban_Residential,Heavy_Rain,0.442,60.0,1.0,60.0,39.8,69.5,23.0,0.5784,0.5784,-0.428,1380.94,45.0,False,0.02
2026-01-12 12:00:00,2026-01-12,12,Monday,False,Suburban_Residential,Heavy_Rain,0.382,60.0,1.0,60.0,29.4,62.0,16.8,0.5693,0.5693,-0.525,1005.54,45.0,False,0.02
2026-01-12 13:00:00,2026-01-12,13,Monday,False,Suburban_Residential,Heavy_Rain,0.392,60.0,1.0,60.0,20.9,59.3,11.7,0.5609,0.5609,-0.648,703.76,45.0,False,0.02
2026-01-12 14:00:00,2026-01-12,14,Monday,False,Suburban_Residential,Heavy_Rain,0.337,60.0,1.0,60.0,28.8,63.0,16.6,0.5759,0.5759,-0.542,996.26,45.0,False,0.02
2026-01-12 15:00:00,2026-01-12,15,Monday,False,Suburban_Residential,Heavy_Rain,0.479,60.0,1.0,60.0,41.2,68.2,23.6,0.5745,0.5745,-0.397,1418.71,45.0,False,0.02
2026-01-12 16:00:00,2026-01-12,16,Monday,False,Suburban_Residential,Heavy_Rain,0.479,60.0,1.0,60.0,69.6,70.1,40.2,0.5771,0.5771,-0.007,2411.07,45.0,False,0.02
2026-01-12 17:00:00,2026-01-12,17,Monday,False,Suburban_Residential,Heavy_Rain,0.613,60.0,1.377,82.61,108.6,66.7,43.8,0.4032,0.4032,0.628,3617.12,61.96,False,0.0238
2026-01-12 18:00:00,2026-01-12,18,Monday,False,Suburban_Residential,Heavy_Rain,0.734,60.0,1.613,96.76,148.1,73.3,50.6,0.3414,0.3414,1.021,4891.6,72.57,False,0.0356
2026-01-12 19:00:00,2026-01-12,19,Monday,False,Suburban_Residential,Heavy_Rain,0.725,60.0,1.685,101.07,161.7,75.5,53.4,0.3305,0.3305,1.141,5401.87,75.8,False,0.0392
2026-01-12 20:00:00,2026-01-12,20,Monday,False,Suburban_Residential,Heavy_Rain,0.62,60.0,1.323,79.35,114.4,74.4,47.8,0.4181,0.4181,0.538,3796.78,59.51,False,0.0211
2026-01-12 21:00:00,2026-01-12,21,Monday,False,Suburban_Residential,Heavy_Rain,0.504,60.0,1.009,60.52,74.6,73.5,42.3,0.5667,0.5667,0.015,2557.39,45.39,False,0.02
2026-01-12 22:00:00,2026-01-12,22,Monday,False,Suburban_Residential,Heavy_Rain,0.444,60.0,1.0,60.0,37.9,57.2,21.3,0.5625,0.5625,-0.338,1278.89,45.0,False,0.02
2026-01-12 23:00:00,2026-01-12,23,Monday,False,Suburban_Residential,Heavy_Rain,0.376,60.0,1.0,60.0,25.5,61.8,15.0,0.5863,0.5863,-0.587,897.98,45.0,False,0.02
2026-01-13 00:00:00,2026-01-13,0,Tuesday,False,Suburban_Residential,Clear,0.058,60.0,1.0,60.0,18.2,39.5,12.3,0.6774,0.6774,-0.54,738.82,45.0,False,0.02
2026-01-13 01:00:00,2026-01-13,1,Tuesday,False,Suburban_Residential,Clear,0.103,60.0,1.0,60.0,21.3,39.8,14.2,0.6653,0.6653,-0.463,851.93,45.0,False,0.02
2026-01-13 02:00:00,2026-01-13,2,Tuesday,False,Suburban_Residential,Clear,0.085,60.0,1.0,60.0,19.9,49.3,13.3,0.6668,0.6668,-0.596,797.36,45.0,False,0.02
2026-01-13 03:00:00,2026-01-13,3,Tuesday,False,Suburban_Residential,Clear,0.002,60.0,1.0,60.0,16.2,46.1,11.0,0.6822,0.6822,-0.648,662.87,45.0,False,0.02
2026-01-13 04:00:00,2026-01-13,4,Tuesday,False,Suburban_Residential,Clear,0.056,60.0,1.0,60.0,20.7,54.2,13.8,0.6663,0.6663,-0.618,827.3,45.0,False,0.02
2026-01-13 05:00:00,2026-01-13,5,Tuesday,False,Suburban_Residential,Clear,0.078,60.0,1.0,60.0,29.8,52.6,20.3,0.6801,0.6801,-0.434,1215.74,45.0,False,0.02
2026-01-13 06:00:00,2026-01-13,6,Tuesday,False,Suburban_Residential,Clear,0.138,60.0,1.0,60.0,44.5,55.9,29.6,0.6648,0.6648,-0.203,1775.82,45.0,False,0.02
2026-01-13 07:00:00,2026-01-13,7,Tuesday,False,Suburban_Residential,Clear,0.267,60.0,1.262,75.72,88.7,61.7,45.8,0.516,0.516,0.437,3464.41,56.79,False,0.02
2026-01-13 08:00:00,2026-01-13,8,Tuesday,False,Suburban_Residential,Clear,0.372,60.0,1.299,77.97,100.5,67.0,49.5,0.4923,0.4923,0.499,3857.44,58.48,False,0.02
2026-01-13 09:00:00,2026-01-13,9,Tuesday,False,Suburban_Residential,Clear,0.349,60.0,1.449,86.95,121.4,69.4,54.7,0.4506,0.4506,0.749,4757.01,65.21,False,0.0275
2026-01-13 10:00:00,2026-01-13,10,Tuesday,False,Suburban_Residential,Clear,0.248,60.0,1.273,76.39,86.6,59.5,44.7,0.5159,0.5159,0.455,3412.51,57.29,False,0.02
2026-01-13 11:00:00,2026-01-13,11,Tuesday,False,Suburban_Residential,Clear,0.134,60.0,1.0,60.0,60.8,68.6,40.4,0.6649,0.6649,-0.114,2425.71,45.0,False,0.02
2026-01-13 12:00:00,2026-01-13,12,Tuesday,False,Suburban_Residential,Clear,0.098,60.0,1.0,60.0,26.8,61.0,18.3,0.6833,0.6833,-0.56,1100.01,45.0,False,0.02
2026-01-13 13:00:00,2026-01-13,13,Tuesday,False,Suburban_Residential,Clear,0.037,60.0,1.0,60.0,19.6,64.0,13.7,0.6973,0.6973,-0.693,821.67,45.0,False,0.02
2026-01-13 14:00:00,2026-01-13,14,Tuesday,False,Suburban_Residential,Clear,0.094,60.0,1.0,60.0,24.1,77.1,16.4,0.681,0.681,-0.687,985.46,45.0,False,0.02
2026-01-13 15:00:00,2026-01-13,15,Tuesday,False,Suburban_Residential,Clear,0.078,60.0,1.0,60.0,35.7,66.6,23.7,0.6646,0.6646,-0.464,1422.8,45.0,False,0.02
2026-01-13 16:00:00,2026-01-13,16,Tuesday,False,Suburban_Residential,Clear,0.198,60.0,1.0,60.0,59.0,67.5,39.4,0.6689,0.6689,-0.127,2366.72,45.0,False,0.02
2026-01-13 17:00:00,2026-01-13,17,Tuesday,False,Suburban_Residential,Clear,0.343,60.0,1.332,79.93,111.6,71.9,54.0,0.4833,0.4833,0.554,4312.89,59.95,False,0.0216
2026-01-13 18:00:00,2026-01-13,18,Tuesday,False,Suburban_Residential,Clear,0.408,60.0,1.638,98.3,143.1,69.3,57.3,0.4003,0.4003,1.064,5631.23,73.72,False,0.0369
2026-01-13 19:00:00,2026-01-13,19,Tuesday,False,Suburban_Residential,Clear,0.429,60.0,1.54,92.43,123.8,65.1,54.2,0.4376,0.4376,0.901,5007.7,69.32,False,0.032
2026-01-13 20:00:00,2026-01-13,20,Tuesday,False,Suburban_Residential,Clear,0.371,60.0,1.343,80.6,113.9,72.5,55.8,0.4902,0.4902,0.572,4501.33,60.45,False,0.0222
2026-01-13 21:00:00,2026-01-13,21,Tuesday,False,Suburban_Residential,Clear,0.24,60.0,1.0,60.0,71.2,73.2,48.7,0.6832,0.6832,-0.026,2920.52,45.0,False,0.02
2026-01-13 22:00:00,2026-01-13,22,Tuesday,False,Suburban_Residential,Clear,0.18,60.0,1.0,60.0,40.1,61.9,26.1,0.6501,0.6501,-0.352,1564.65,45.0,False,0.02
2026-01-13 23:00:00,2026-01-13,23,Tuesday,False,Suburban_Residential,Clear,0.073,60.0,1.0,60.0,22.3,62.4,14.8,0.664,0.664,-0.643,887.65,45.0,False,0.02
2026-01-14 00:00:00,2026-01-14,0,Wednesday,False,Suburban_Residential,Rain,0.185,60.0,1.0,60.0,17.4,42.1,10.9,0.6251,0.6251,-0.587,653.11,45.0,False,0.02
2026-01-14 01:00:00,2026-01-14,1,Wednesday,False,Suburban_Residential,Rain,0.22,60.0,1.0,60.0,21.4,40.9,13.6,0.6339,0.6339,-0.477,813.23,45.0,False,0.02
2026-01-14 02:00:00,2026-01-14,2,Wednesday,False,Suburban_Residential,Rain,0.23,60.0,1.0,60.0,21.9,45.5,13.7,0.6252,0.6252,-0.518,822.35,45.0,False,0.02
2026-01-14 03:00:00,2026-01-14,3,Wednesday,False,Suburban_Residential,Rain,0.181,60.0,1.0,60.0,17.4,46.3,11.2,0.6433,0.6433,-0.623,673.22,45.0,False,0.02
2026-01-14 04:00:00,2026-01-14,4,Wednesday,False,Suburban_Residential,Rain,0.227,60.0,1.0,60.0,23.4,50.2,15.0,0.6407,0.6407,-0.534,899.38,45.0,False,0.02
2026-01-14 05:00:00,2026-01-14,5,Wednesday,False,Suburban_Residential,Rain,0.202,60.0,1.0,60.0,29.7,58.2,19.0,0.64,0.64,-0.49,1139.26,45.0,False,0.02
2026-01-14 06:00:00,2026-01-14,6,Wednesday,False,Suburban_Residential,Rain,0.333,60.0,1.0,60.0,51.8,56.8,33.2,0.6397,0.6397,-0.088,1989.71,45.0,False,0.02
2026-01-14 07:00:00,2026-01-14,7,Wednesday,False,Suburban_Residential,Rain,0.381,60.0,1.469,88.11,100.7,56.5,42.1,0.418,0.418,0.781,3707.84,66.08,False,0.0284
2026-01-14 08:00:00,2026-01-14,8,Wednesday,False,Suburban_Residential,Rain,0.469,60.0,1.584,95.03,134.3,68.1,53.4,0.3977,0.3977,0.973,5076.97,71.27,False,0.0342
2026-01-14 09:00:00,2026-01-14,9,Wednesday,False,Suburban_Residential,Rain,0.48,60.0,1.753,105.17,147.6,65.5,52.5,0.3554,0.3554,1.255,5516.53,78.88,False,0.0426
2026-01-14 10:00:00,2026-01-14,10,Wednesday,False,Suburban_Residential,Rain,0.398,60.0,1.221,73.24,92.0,67.3,47.1,0.5112,0.5112,0.368,3446.09,54.93,False,0.02
2026-01-14 11:00:00,2026-01-14,11,Wednesday,False,Suburban_Residential,Rain,0.301,60.0,1.0,60.0,55.5,66.8,35.1,0.6331,0.6331,-0.17,2108.58,45.0,False,0.02
2026-01-14 12:00:00,2026-01-14,12,Wednesday,False,Suburban_Residential,Rain,0.2,60.0,1.0,60.0,30.6,61.1,19.5,0.6386,0.6386,-0.499,1171.99,45.0,False,0.02
2026-01-14 13:00:00,2026-01-14,13,Wednesday,False,Suburban_Residential,Rain,0.225,60.0,1.0,60.0,25.6,61.5,16.8,0.6578,0.6578,-0.585,1008.52,45.0,False,0.02
2026-01-14 14:00:00,2026-01-14,14,Wednesday,False,Suburban_Residential,Rain,0.187,60.0,1.0,60.0,26.6,66.6,17.3,0.6496,0.6496,-0.601,1035.91,45.0,False,0.02
2026-01-14 15:00:00,2026-01-14,15,Wednesday,False,Suburban_Residential,Rain,0.265,60.0,1.0,60.0,40.2,68.5,25.9,0.6438,0.6438,-0.413,1552.45,45.0,False,0.02
2026-01-14 16:00:00,2026-01-14,16,Wednesday,False,Suburban_Residential,Rain,0.322,60.0,1.107,66.43,81.4,69.1,44.8,0.5507,0.5507,0.179,2977.74,49.82,False,0.02
2026-01-14 17:00:00,2026-01-14,17,Wednesday,False,Suburban_Residential,Rain,0.467,60.0,1.205,72.28,102.0,76.1,54.5,0.5338,0.5338,0.341,3937.56,54.21,False,0.02
2026-01-14 18:00:00,2026-01-14,18,Wednesday,False,Suburban_Residential,Rain,0.556,60.0,1.685,101.07,172.0,80.4,61.5,0.3577,0.3577,1.141,6219.92,75.8,False,0.0392
2026-01-14 19:00:00,2026-01-14,19,Wednesday,False,Suburban_Residential,Rain,0.589,60.0,1.542,92.52,143.0,75.1,56.5,0.3949,0.3949,0.903,5224.72,69.39,False,0.0321
2026-01-14 20:00:00,2026-01-14,20,Wednesday,False,Suburban_Residential,Rain,0.44,60.0,1.401,84.06,114.1,68.4,50.3,0.441,0.441,0.668,4231.0,63.05,False,0.025
2026-01-14 21:00:00,2026-01-14,21,Wednesday,False,Suburban_Residential,Rain,0.387,60.0,1.0,60.0,73.3,74.2,46.5,0.6353,0.6353,-0.013,2792.71,45.0,False,0.02
2026-01-14 22:00:00,2026-01-14,22,Wednesday,False,Suburban_Residential,Rain,0.285,60.0,1.0,60.0,42.3,66.6,27.2,0.6431,0.6431,-0.365,1632.3,45.0,False,0.02
2026-01-14 23:00:00,2026-01-14,23,Wednesday,False,Suburban_Residential,Rain,0.243,60.0,1.0,60.0,28.3,56.4,17.7,0.6258,0.6258,-0.498,1062.15,45.0,False,0.02
2026-01-15 00:00:00,2026-01-15,0,Thursday,False,Suburban_Residential,Clear,0.033,60.0,1.0,60.0,19.1,36.6,12.9,0.6736,0.6736,-0.479,771.53,45.0,False,0.02
2026-01-15 01:00:00,2026-01-15,1,Thursday,False,Suburban_Residential,Clear,0.05,60.0,1.0,60.0,19.4,39.5,13.0,0.6729,0.6729,-0.51,781.5,45.0,False,0.02
2026-01-15 02:00:00,2026-01-15,2,Thursday,False,Suburban_Residential,Clear,0.019,60.0,1.0,60.0,20.4,41.1,13.2,0.6476,0.6476,-0.504,791.66,45.0,False,0.02
2026-01-15 03:00:00,2026-01-15,3,Thursday,False,Suburban_Residential,Clear,0.045,60.0,1.0,60.0,21.9,44.0,14.3,0.6525,0.6525,-0.503,856.39,45.0,False,0.02
2026-01-15 04:00:00,2026-01-15,4,Thursday,False,Suburban_Residential,Clear,0.089,60.0,1.0,60.0,20.5,48.9,13.9,0.6747,0.6747,-0.58,831.35,45.0,False,0.02
2026-01-15 05:00:00,2026-01-15,5,Thursday,False,Suburban_Residential,Clear,0.054,60.0,1.0,60.0,24.7,62.8,16.6,0.6707,0.6707,-0.607,993.58,45.0,False,0.02
2026-01-15 06:00:00,2026-01-15,6,Thursday,False,Suburban_Residential,Clear,0.119,60.0,1.0,60.0,50.2,57.7,34.0,0.6777,0.6777,-0.13,2039.77,45.0,False,0.02
2026-01-15 07:00:00,2026-01-15,7,Thursday,False,Suburban_Residential,Clear,0.219,60.0,1.266,75.94,78.3,54.3,40.2,0.5129,0.5129,0.443,3049.54,56.95,False,0.02
2026-01-15 08:00:00,2026-01-15,8,Thursday,False,Suburban_Residential,Clear,0.322,60.0,1.523,91.35,118.6,63.4,50.7,0.4271,0.4271,0.871,4627.77,68.51,False,0.0311
2026-01-15 09:00:00,2026-01-15,9,Thursday,False,Suburban_Residential,Clear,0.343,60.0,1.542,92.53,114.1,60.0,48.4,0.4237,0.4237,0.904,4474.24,69.4,False,0.0321
2026-01-15 10:00:00,2026-01-15,10,Thursday,False,Suburban_Residential,Clear,0.32,60.0,1.182,70.92,87.7,67.3,50.5,0.576,0.576,0.303,3583.22,53.19,False,0.02
2026-01-15 11:00:00,2026-01-15,11,Thursday,False,Suburban_Residential,Clear,0.085,60.0,1.0,60.0,51.8,63.8,35.3,0.6801,0.6801,-0.187,2115.05,45.0,False,0.02
2026-01-15 12:00:00,2026-01-15,12,Thursday,False,Suburban_Residential,Clear,0.061,60.0,1.0,60.0,26.9,67.1,17.7,0.6588,0.6588,-0.599,1063.49,45.0,False,0.02
2026-01-15 13:00:00,2026-01-15,13,Thursday,False,Suburban_Residential,Clear,0.056,60.0,1.0,60.0,19.9,69.2,13.5,0.6759,0.6759,-0.712,807.75,45.0,False,0.02
2026-01-15 14:00:00,2026-01-15,14,Thursday,False,Suburban_Residential,Clear,0.095,60.0,1.0,60.0,25.1,73.1,16.8,0.6678,0.6678,-0.657,1005.49,45.0,False,0.02
2026-01-15 15:00:00,2026-01-15,15,Thursday,False,Suburban_Residential,Clear,0.083,60.0,1.0,60.0,45.3,77.2,30.3,0.6691,0.6691,-0.414,1817.85,45.0,False,0.02
2026-01-15 16:00:00,2026-01-15,16,Thursday,False,Suburban_Residential,Clear,0.195,60.0,1.0,60.0,61.4,64.3,41.8,0.6808,0.6808,-0.046,2506.38,45.0,False,0.02
2026-01-15 17:00:00,2026-01-15,17,Thursday,False,Suburban_Residential,Clear,0.305,60.0,1.413,84.76,110.3,65.3,50.3,0.4563,0.4563,0.688,4265.28,63.57,False,0.0256
2026-01-15 18:00:00,2026-01-15,18,Thursday,False,Suburban_Residential,Clear,0.378,60.0,1.592,95.5,127.7,64.3,51.9,0.4066,0.4066,0.986,4957.27,71.62,False,0.0346
2026-01-15 19:00:00,2026-01-15,19,Thursday,False,Suburban_Residential,Clear,0.42,60.0,1.496,89.76,136.3,74.6,60.8,0.4458,0.4458,0.827,5455.01,67.32,False,0.0298
2026-01-15 20:00:00,2026-01-15,20,Thursday,False,Suburban_Residential,Clear,0.342,60.0,1.408,84.5,115.8,68.9,53.7,0.4634,0.4634,0.681,4535.48,63.38,False,0.0254
2026-01-15 21:00:00,2026-01-15,21,Thursday,False,Suburban_Residential,Clear,0.207,60.0,1.032,61.89,66.7,63.4,43.6,0.6541,0.6541,0.053,2700.41,46.42,False,0.02
2026-01-15 22:00:00,2026-01-15,22,Thursday,False,Suburban_Residential,Clear,0.104,60.0,1.0,60.0,33.5,66.2,22.3,0.6645,0.6645,-0.494,1337.2,45.0,False,0.02
2026-01-15 23:00:00,2026-01-15,23,Thursday,False,Suburban_Residential,Clear,0.066,60.0,1.0,60.0,26.4,61.6,17.4,0.661,0.661,-0.572,1045.79,45.0,False,0.02
2026-01-16 00:00:00,2026-01-16,0,Friday,False,Suburban_Residential,Clear,0.066,60.0,1.0,60.0,18.1,34.6,12.1,0.6669,0.6669,-0.476,725.04,45.0,False,0.02
2026-01-16 01:00:00,2026-01-16,1,Friday,False,Suburban_Residential,Clear,0.06,60.0,1.0,60.0,19.0,39.7,12.8,0.6742,0.6742,-0.521,769.01,45.0,False,0.02
2026-01-16 02:00:00,2026-01-16,2,Friday,False,Suburban_Residential,Clear,0.04,60.0,1.0,60.0,19.4,39.2,12.8,0.6633,0.6633,-0.507,770.31,45.0,False,0.02
2026-01-16 03:00:00,2026-01-16,3,Friday,False,Suburban_Residential,Clear,0.075,60.0,1.0,60.0,18.9,44.8,12.7,0.6716,0.6716,-0.578,761.51,45.0,False,0.02
2026-01-16 04:00:00,2026-01-16,4,Friday,False,Suburban_Residential,Clear,0.093,60.0,1.0,60.0,23.2,56.3,15.4,0.6632,0.6632,-0.587,924.58,45.0,False,0.02
2026-01-16 05:00:00,2026-01-16,5,Friday,False,Suburban_Residential,Clear,0.115,60.0,1.0,60.0,27.0,55.9,18.7,0.6924,0.6924,-0.517,1120.87,45.0,False,0.02
2026-01-16 06:00:00,2026-01-16,6,Friday,False,Suburban_Residential,Clear,0.199,60.0,1.004,60.25,60.1,59.7,40.1,0.6678,0.6678,0.007,2418.65,45.19,False,0.02
2026-01-16 07:00:00,2026-01-16,7,Friday,False,Suburban_Residential,Clear,0.249,60.0,1.176,70.58,73.5,56.8,41.3,0.5617,0.5617,0.294,2914.88,52.94,False,0.02
2026-01-16 08:00:00,2026-01-16,8,Friday,False,Suburban_Residential,Clear,0.407,60.0,1.37,82.22,108.2,66.9,51.8,0.479,0.479,0.617,4262.08,61.66,False,0.0235
2026-01-16 09:00:00,2026-01-16,9,Friday,False,Suburban_Residential,Clear,0.383,60.0,1.477,88.6,125.5,69.9,55.1,0.4392,0.4392,0.794,4883.98,66.45,False,0.0288
2026-01-16 10:00:00,2026-01-16,10,Friday,False,Suburban_Residential,Clear,0.259,60.0,1.128,67.67,84.2,69.4,49.7,0.5901,0.5901,0.213,3360.31,50.75,False,0.02
2026-01-16 11:00:00,2026-01-16,11,Friday,False,Suburban_Residential,Clear,0.113,60.0,1.0,60.0,50.1,62.8,33.5,0.6679,0.6679,-0.203,2007.48,45.0,False,0.02
2026-01-16 12:00:00,2026-01-16,12,Friday,False,Suburban_Residential,Clear,0.048,60.0,1.0,60.0,32.0,66.7,21.4,0.6699,0.6699,-0.521,1285.46,45.0,False,0.02
2026-01-16 13:00:00,2026-01-16,13,Friday,False,Suburban_Residential,Clear,0.05,60.0,1.0,60.0,22.7,58.9,14.7,0.646,0.646,-0.614,881.64,45.0,False,0.02
2026-01-16 14:00:00,2026-01-16,14,Friday,False,Suburban_Residential,Clear,0.066,60.0,1.0,60.0,26.1,69.2,17.8,0.6813,0.6813,-0.622,1068.63,45.0,False,0.02
2026-01-16 15:00:00,2026-01-16,15,Friday,False,Suburban_Residential,Clear,0.116,60.0,1.0,60.0,39.4,69.2,27.0,0.6857,0.6857,-0.431,1619.38,45.0,False,0.02
2026-01-16 16:00:00,2026-01-16,16,Friday,False,Suburban_Residential,Clear,0.25,60.0,1.005,60.27,67.6,67.1,44.4,0.6563,0.6563,0.008,2674.52,45.2,False,0.02
2026-01-16 17:00:00,2026-01-16,17,Friday,False,Suburban_Residential,Clear,0.311,60.0,1.208,72.48,98.7,73.3,52.6,0.5325,0.5325,0.347,3810.93,54.36,False,0.02
2026-01-16 18:00:00,2026-01-16,18,Friday,False,Suburban_Residential,Clear,0.482,60.0,1.58,94.81,148.1,75.3,61.0,0.4119,0.4119,0.967,5782.52,71.11,False,0.034
2026-01-16 19:00:00,2026-01-16,19,Friday,False,Suburban_Residential,Clear,0.403,60.0,1.54,92.41,135.4,71.2,55.5,0.4097,0.4097,0.9,5126.33,69.31,False,0.032
2026-01-16 20:00:00,2026-01-16,20,Friday,False,Suburban_Residential,Clear,0.304,60.0,1.384,83.01,106.0,64.7,52.2,0.4924,0.4924,0.639,4333.98,62.26,False,0.0242
2026-01-16 21:00:00,2026-01-16,21,Friday,False,Suburban_Residential,Clear,0.238,60.0,1.014,60.86,70.8,69.2,46.5,0.656,0.656,0.024,2828.48,45.64,False,0.02
2026-01-16 22:00:00,2026-01-16,22,Friday,False,Suburban_Residential,Clear,0.135,60.0,1.0,60.0,36.9,65.3,24.5,0.6646,0.6646,-0.435,1472.61,45.0,False,0.02
2026-01-16 23:00:00,2026-01-16,23,Friday,False,Suburban_Residential,Clear,0.088,60.0,1.0,60.0,24.3,56.7,15.9,0.6512,0.6512,-0.571,951.35,45.0,False,0.02
2026-01-17 00:00:00,2026-01-17,0,Saturday,True,Suburban_Residential,Clear,0.037,60.0,1.0,60.0,24.8,45.1,16.5,0.6642,0.6642,-0.451,987.38,45.0,False,0.02
2026-01-17 01:00:00,2026-01-17,1,Saturday,True,Suburban_Residential,Clear,0.052,60.0,1.0,60.0,28.7,42.8,18.6,0.6467,0.6467,-0.328,1114.62,45.0,False,0.02
2026-01-17 02:00:00,2026-01-17,2,Saturday,True,Suburban_Residential,Clear,0.074,60.0,1.0,60.0,23.8,43.4,15.8,0.6643,0.6643,-0.451,949.4,45.0,False,0.02
2026-01-17 03:00:00,2026-01-17,3,Saturday,True,Suburban_Residential,Clear,0.042,60.0,1.0,60.0,24.7,42.0,16.4,0.6642,0.6642,-0.411,986.06,45.0,False,0.02
2026-01-17 04:00:00,2026-01-17,4,Saturday,True,Suburban_Residential,Clear,0.083,60.0,1.0,60.0,26.4,44.8,17.3,0.6528,0.6528,-0.41,1035.52,45.0,False,0.02
2026-01-17 05:00:00,2026-01-17,5,Saturday,True,Suburban_Residential,Clear,0.107,60.0,1.0,60.0,24.5,43.3,16.3,0.6655,0.6655,-0.434,979.0,45.0,False,0.02
2026-01-17 06:00:00,2026-01-17,6,Saturday,True,Suburban_Residential,Clear,0.142,60.0,1.0,60.0,29.3,45.3,19.3,0.6586,0.6586,-0.354,1156.73,45.0,False,0.02
2026-01-17 07:00:00,2026-01-17,7,Saturday,True,Suburban_Residential,Clear,0.165,60.0,1.0,60.0,34.3,52.0,22.9,0.6663,0.6663,-0.341,1371.4,45.0,False,0.02
2026-01-17 08:00:00,2026-01-17,8,Saturday,True,Suburban_Residential,Clear,0.089,60.0,1.0,60.0,44.5,58.1,28.9,0.648,0.648,-0.233,1732.01,45.0,False,0.02
2026-01-17 09:00:00,2026-01-17,9,Saturday,True,Suburban_Residential,Clear,0.176,60.0,1.0,60.0,53.9,56.4,35.3,0.6537,0.6537,-0.043,2116.1,45.0,False,0.02
2026-01-17 10:00:00,2026-01-17,10,Saturday,True,Suburban_Residential,Clear,0.194,60.0,1.0,60.0,58.7,62.3,39.1,0.6673,0.6673,-0.058,2348.87,45.0,False,0.02
2026-01-17 11:00:00,2026-01-17,11,Saturday,True,Suburban_Residential,Clear,0.249,60.0,1.163,69.8,83.5,65.7,48.7,0.5823,0.5823,0.272,3395.86,52.35,False,0.02
2026-01-17 12:00:00,2026-01-17,12,Saturday,True,Suburban_Residential,Clear,0.305,60.0,1.429,85.74,125.7,73.3,56.4,0.449,0.449,0.715,4839.33,64.3,False,0.0264
2026-01-17 13:00:00,2026-01-17,13,Saturday,True,Suburban_Residential,Clear,0.339,60.0,1.333,79.99,126.5,81.3,62.6,0.4948,0.4948,0.555,5006.32,59.99,False,0.0217
2026-01-17 14:00:00,2026-01-17,14,Saturday,True,Suburban_Residential,Clear,0.398,60.0,1.145,68.71,102.8,82.8,58.1,0.5655,0.5655,0.242,3995.01,51.53,False,0.02
2026-01-17 15:00:00,2026-01-17,15,Saturday,True,Suburban_Residential,Clear,0.287,60.0,1.382,82.92,106.2,64.9,51.3,0.4829,0.4829,0.637,4250.08,62.19,False,0.0241
2026-01-17 16:00:00,2026-01-17,16,Saturday,True,Suburban_Residential,Clear,0.288,60.0,1.256,75.39,98.2,68.8,50.1,0.5104,0.5104,0.427,3779.3,56.54,False,0.02
2026-01-17 17:00:00,2026-01-17,17,Saturday,True,Suburban_Residential,Clear,0.235,60.0,1.127,67.62,76.5,63.1,44.4,0.581,0.581,0.212,3004.23,50.72,False,0.02
2026-01-17 18:00:00,2026-01-17,18,Saturday,True,Suburban_Residential,Clear,0.22,60.0,1.0,60.0,64.4,67.5,43.9,0.6818,0.6818,-0.045,2634.46,45.0,False,0.02
2026-01-17 19:00:00,2026-01-17,19,Saturday,True,Suburban_Residential,Clear,0.2,60.0,1.236,74.18,84.8,60.9,45.3,0.5342,0.5342,0.394,3361.36,55.64,False,0.02
2026-01-17 20:00:00,2026-01-17,20,Saturday,True,Suburban_Residential,Clear,0.279,60.0,1.185,71.13,78.2,59.7,44.0,0.5628,0.5628,0.309,3129.99,53.35,False,0.02
2026-01-17 21:00:00,2026-01-17,21,Saturday,True,Suburban_Residential,Clear,0.335,60.0,1.662,99.74,106.7,50.7,42.7,0.4004,0.4004,1.104,4261.73,74.8,False,0.0381
2026-01-17 22:00:00,2026-01-17,22,Saturday,True,Suburban_Residential,Clear,0.379,60.0,1.76,105.62,123.4,54.4,46.2,0.3739,0.3739,1.267,4875.68,79.22,False,0.043
2026-01-17 23:00:00,2026-01-17,23,Saturday,True,Suburban_Residential,Clear,0.358,60.0,1.978,118.71,134.4,51.1,45.1,0.3352,0.3352,1.631,5348.72,89.03,False,0.0539
2026-01-18 00:00:00,2026-01-18,0,Sunday,True,Suburban_Residential,Clear,0.071,60.0,1.0,60.0,26.6,39.1,18.1,0.6812,0.6812,-0.32,1086.43,45.0,False,0.02
2026-01-18 01:00:00,2026-01-18,1,Sunday,True,Suburban_Residential,Clear,0.008,60.0,1.0,60.0,24.5,39.5,16.7,0.681,0.681,-0.379,1001.65,45.0,False,0.02
2026-01-18 02:00:00,2026-01-18,2,Sunday,True,Suburban_Residential,Clear,0.039,60.0,1.0,60.0,25.6,43.0,18.0,0.7025,0.7025,-0.406,1078.35,45.0,False,0.02
2026-01-18 03:00:00,2026-01-18,3,Sunday,True,Suburban_Residential,Clear,0.136,60.0,1.0,60.0,25.5,43.4,16.7,0.6549,0.6549,-0.413,1002.29,45.0,False,0.02
2026-01-18 04:00:00,2026-01-18,4,Sunday,True,Suburban_Residential,Clear,0.077,60.0,1.0,60.0,25.8,44.2,16.8,0.65,0.65,-0.417,1005.99,45.0,False,0.02
2026-01-18 05:00:00,2026-01-18,5,Sunday,True,Suburban_Residential,Clear,0.133,60.0,1.0,60.0,25.8,40.4,17.5,0.6766,0.6766,-0.361,1047.19,45.0,False,0.02
2026-01-18 06:00:00,2026-01-18,6,Sunday,True,Suburban_Residential,Clear,0.059,60.0,1.0,60.0,27.1,47.1,17.8,0.6561,0.6561,-0.426,1065.44,45.0,False,0.02
2026-01-18 07:00:00,2026-01-18,7,Sunday,True,Suburban_Residential,Clear,0.06,60.0,1.0,60.0,35.7,53.6,23.4,0.655,0.655,-0.334,1402.46,45.0,False,0.02
2026-01-18 08:00:00,2026-01-18,8,Sunday,True,Suburban_Residential,Clear,0.124,60.0,1.0,60.0,42.0,54.7,28.8,0.6852,0.6852,-0.233,1726.26,45.0,False,0.02
2026-01-18 09:00:00,2026-01-18,9,Sunday,True,Suburban_Residential,Clear,0.122,60.0,1.0,60.0,46.5,62.2,31.4,0.6769,0.6769,-0.253,1886.77,45.0,False,0.02
2026-01-18 10:00:00,2026-01-18,10,Sunday,True,Suburban_Residential,Clear,0.215,60.0,1.131,67.87,71.7,58.9,41.8,0.583,0.583,0.219,2837.35,50.9,False,0.02
2026-01-18 11:00:00,2026-01-18,11,Sunday,True,Suburban_Residential,Clear,0.213,60.0,1.146,68.73,85.3,68.6,48.2,0.5657,0.5657,0.243,3316.09,51.55,False,0.02
2026-01-18 12:00:00,2026-01-18,12,Sunday,True,Suburban_Residential,Clear,0.291,60.0,1.367,82.05,115.1,71.4,53.9,0.4685,0.4685,0.612,4424.43,61.54,False,0.0234
2026-01-18 13:00:00,2026-01-18,13,Sunday,True,Suburban_Residential,Clear,0.303,60.0,1.311,78.68,111.0,73.1,54.3,0.4887,0.4887,0.519,4269.5,59.01,False,0.0206
2026-01-18 14:00:00,2026-01-18,14,Sunday,True,Suburban_Residential,Clear,0.318,60.0,1.465,87.89,116.5,65.7,52.5,0.4504,0.4504,0.775,4612.99,65.92,False,0.0282
2026-01-18 15:00:00,2026-01-18,15,Sunday,True,Suburban_Residential,Clear,0.299,60.0,1.155,69.32,93.0,73.9,51.3,0.5518,0.5518,0.259,3558.6,51.99,False,0.02
2026-01-18 16:00:00,2026-01-18,16,Sunday,True,Suburban_Residential,Clear,0.306,60.0,1.095,65.72,88.2,76.1,54.2,0.6146,0.6146,0.159,3564.14,49.29,False,0.02
2026-01-18 17:00:00,2026-01-18,17,Sunday,True,Suburban_Residential,Clear,0.182,60.0,1.068,64.06,78.2,70.2,49.0,0.6272,0.6272,0.113,3139.8,48.05,False,0.02
2026-01-18 18:00:00,2026-01-18,18,Sunday,True,Suburban_Residential,Clear,0.218,60.0,1.0,60.0,60.2,71.0,41.2,0.6839,0.6839,-0.152,2469.48,45.0,False,0.02
2026-01-18 19:00:00,2026-01-18,19,Sunday,True,Suburban_Residential,Clear,0.23,60.0,1.018,61.06,68.5,66.5,45.8,0.6693,0.6693,0.029,2797.81,45.8,False,0.02
2026-01-18 20:00:00,2026-01-18,20,Sunday,True,Suburban_Residential,Clear,0.279,60.0,1.145,68.68,81.5,65.7,46.1,0.566,0.566,0.241,3167.71,51.51,False,0.02
2026-01-18 21:00:00,2026-01-18,21,Sunday,True,Suburban_Residential,Clear,0.305,60.0,1.647,98.82,109.7,52.8,43.8,0.3994,0.3994,1.078,4329.35,74.11,False,0.0374
2026-01-18 22:00:00,2026-01-18,22,Sunday,True,Suburban_Residential,Clear,0.341,60.0,1.725,103.49,124.8,56.5,48.3,0.3873,0.3873,1.208,5001.08,77.62,False,0.0412
2026-01-18 23:00:00,2026-01-18,23,Sunday,True,Suburban_Residential,Clear,0.389,60.0,1.797,107.85,118.9,51.0,43.6,0.3671,0.3671,1.329,4705.62,80.89,False,0.0449
2026-01-19 00:00:00,2026-01-19,0,Monday,False,Suburban_Residential,Rain,0.204,60.0,1.0,60.0,18.5,36.8,11.4,0.62,0.62,-0.498,686.48,45.0,False,0.02
2026-01-19 01:00:00,2026-01-19,1,Monday,False,Suburban_Residential,Rain,0.211,60.0,1.0,60.0,20.0,41.6,13.0,0.6501,0.6501,-0.521,778.37,45.0,False,0.02
2026-01-19 02:00:00,2026-01-19,2,Monday,False,Suburban_Residential,Rain,0.214,60.0,1.0,60.0,22.3,37.8,14.4,0.6452,0.6452,-0.412,861.79,45.0,False,0.02
2026-01-19 03:00:00,2026-01-19,3,Monday,False,Suburban_Residential,Rain,0.207,60.0,1.0,60.0,20.7,49.8,13.2,0.639,0.639,-0.584,793.13,45.0,False,0.02
2026-01-19 04:00:00,2026-01-19,4,Monday,False,Suburban_Residential,Rain,0.173,60.0,1.0,60.0,23.2,47.3,14.4,0.6207,0.6207,-0.509,863.89,45.0,False,0.02
2026-01-19 05:00:00,2026-01-19,5,Monday,False,Suburban_Residential,Rain,0.267,60.0,1.0,60.0,26.9,58.4,17.4,0.647,0.647,-0.54,1042.75,45.0,False,0.02
2026-01-19 06:00:00,2026-01-19,6,Monday,False,Suburban_Residential,Rain,0.31,60.0,1.099,65.94,61.4,52.7,35.3,0.5758,0.5758,0.165,2329.63,49.45,False,0.02
2026-01-19 07:00:00,2026-01-19,7,Monday,False,Suburban_Residential,Rain,0.394,60.0,1.459,87.52,100.6,57.0,42.4,0.4209,0.4209,0.764,3706.65,65.64,False,0.0279
2026-01-19 08:00:00,2026-01-19,8,Monday,False,Suburban_Residential,Rain,0.526,60.0,1.579,94.74,136.2,69.3,53.5,0.3931,0.3931,0.965,5070.96,71.05,False,0.034
2026-01-19 09:00:00,2026-01-19,9,Monday,False,Suburban_Residential,Rain,0.5,60.0,1.581,94.86,128.7,65.4,50.2,0.3898,0.3898,0.968,4757.59,71.14,False,0.034
2026-01-19 10:00:00,2026-01-19,10,Monday,False,Suburban_Residential,Rain,0.408,60.0,1.312,78.71,96.4,63.5,45.8,0.4747,0.4747,0.52,3603.37,59.03,False,0.0206
2026-01-19 11:00:00,2026-01-19,11,Monday,False,Suburban_Residential,Rain,0.282,60.0,1.0,60.0,59.7,71.2,38.3,0.6419,0.6419,-0.161,2300.94,45.0,False,0.02
2026-01-19 12:00:00,2026-01-19,12,Monday,False,Suburban_Residential,Rain,0.209,60.0,1.0,60.0,29.7,69.4,18.3,0.6168,0.6168,-0.572,1097.99,45.0,False,0.02
2026-01-19 13:00:00,2026-01-19,13,Monday,False,Suburban_Residential,Rain,0.24,60.0,1.0,60.0,23.3,64.8,14.8,0.6358,0.6358,-0.64,889.53,45.0,False,0.02
2026-01-19 14:00:00,2026-01-19,14,Monday,False,Suburban_Residential,Rain,0.184,60.0,1.0,60.0,24.4,69.0,15.7,0.6433,0.6433,-0.646,941.98,45.0,False,0.02
2026-01-19 15:00:00,2026-01-19,15,Monday,False,Suburban_Residential,Rain,0.259,60.0,1.0,60.0,50.4,66.3,32.0,0.6355,0.6355,-0.24,1922.28,45.0,False,0.02
2026-01-19 16:00:00,2026-01-19,16,Monday,False,Suburban_Residential,Rain,0.37,60.0,1.03,61.8,70.6,67.2,42.5,0.6019,0.6019,0.05,2624.99,46.35,False,0.02
2026-01-19 17:00:00,2026-01-19,17,Monday,False,Suburban_Residential,Rain,0.533,60.0,1.386,83.19,115.6,70.3,51.8,0.4477,0.4477,0.644,4305.71,62.39,False,0.0243
2026-01-19 18:00:00,2026-01-19,18,Monday,False,Suburban_Residential,Rain,0.563,60.0,1.737,104.24,169.2,75.9,60.4,0.3569,0.3569,1.229,6294.66,78.18,False,0.0419
2026-01-19 19:00:00,2026-01-19,19,Monday,False,Suburban_Residential,Rain,0.572,60.0,1.477,88.61,139.6,77.8,57.9,0.4147,0.4147,0.795,5131.56,66.46,False,0.0288
2026-01-19 20:00:00,2026-01-19,20,Monday,False,Suburban_Residential,Rain,0.468,60.0,1.494,89.66,130.6,71.6,54.2,0.415,0.415,0.824,4858.72,67.25,False,0.0297
2026-01-19 21:00:00,2026-01-19,21,Monday,False,Suburban_Residential,Rain,0.355,60.0,1.0,60.0,75.7,76.4,49.5,0.6542,0.6542,-0.01,2969.8,45.0,False,0.02
2026-01-19 22:00:00,2026-01-19,22,Monday,False,Suburban_Residential,Rain,0.239,60.0,1.0,60.0,40.6,57.5,25.2,0.6216,0.6216,-0.294,1514.05,45.0,False,0.02
2026-01-19 23:00:00,2026-01-19,23,Monday,False,Suburban_Residential,Rain,0.188,60.0,1.0,60.0,27.2,57.4,17.2,0.634,0.634,-0.526,1034.75,45.0,False,0.02
2026-01-20 00:00:00,2026-01-20,0,Tuesday,False,Suburban_Residential,Clear,0.092,60.0,1.0,60.0,15.8,38.1,10.5,0.6672,0.6672,-0.585,631.69,45.0,False,0.02
2026-01-20 01:00:00,2026-01-20,1,Tuesday,False,Suburban_Residential,Clear,0.048,60.0,1.0,60.0,17.6,41.2,11.6,0.6633,0.6633,-0.574,698.44,45.0,False,0.02
2026-01-20 02:00:00,2026-01-20,2,Tuesday,False,Suburban_Residential,Clear,0.032,60.0,1.0,60.0,18.1,44.5,11.9,0.6605,0.6605,-0.594,715.8,45.0,False,0.02
2026-01-20 03:00:00,2026-01-20,3,Tuesday,False,Suburban_Residential,Clear,0.062,60.0,1.0,60.0,20.4,44.4,13.6,0.6666,0.6666,-0.54,817.17,45.0,False,0.02
2026-01-20 04:00:00,2026-01-20,4,Tuesday,False,Suburban_Residential,Clear,0.091,60.0,1.0,60.0,21.3,46.5,14.0,0.6587,0.6587,-0.542,841.02,45.0,False,0.02
2026-01-20 05:00:00,2026-01-20,5,Tuesday,False,Suburban_Residential,Clear,0.11,60.0,1.0,60.0,28.1,55.3,18.9,0.6717,0.6717,-0.491,1134.08,45.0,False,0.02
2026-01-20 06:00:00,2026-01-20,6,Tuesday,False,Suburban_Residential,Clear,0.147,60.0,1.0,60.0,47.9,55.8,32.2,0.673,0.673,-0.142,1932.8,45.0,False,0.02
2026-01-20 07:00:00,2026-01-20,7,Tuesday,False,Suburban_Residential,Clear,0.261,60.0,1.131,67.86,74.7,61.3,42.8,0.573,0.573,0.218,2905.35,50.89,False,0.02
2026-01-20 08:00:00,2026-01-20,8,Tuesday,False,Suburban_Residential,Clear,0.369,60.0,1.471,88.26,120.0,67.2,52.7,0.4393,0.4393,0.785,4653.46,66.2,False,0.0285
2026-01-20 09:00:00,2026-01-20,9,Tuesday,False,Suburban_Residential,Clear,0.381,60.0,1.275,76.48,96.8,66.4,50.8,0.5242,0.5242,0.458,3881.4,57.36,False,0.02
2026-01-20 10:00:00,2026-01-20,10,Tuesday,False,Suburban_Residential,Clear,0.268,60.0,1.133,67.96,89.2,73.0,50.3,0.5644,0.5644,0.221,3421.06,50.97,False,0.02
2026-01-20 11:00:00,2026-01-20,11,Tuesday,False,Suburban_Residential,Clear,0.172,60.0,1.0,60.0,51.0,66.3,34.1,0.6686,0.6686,-0.231,2045.7,45.0,False,0.02
2026-01-20 12:00:00,2026-01-20,12,Tuesday,False,Suburban_Residential,Clear,0.102,60.0,1.0,60.0,26.4,59.4,17.0,0.6448,0.6448,-0.555,1021.91,45.0,False,0.02
2026-01-20 13:00:00,2026-01-20,13,Tuesday,False,Suburban_Residential,Clear,0.115,60.0,1.0,60.0,18.4,67.7,12.6,0.6847,0.6847,-0.729,754.72,45.0,False,0.02
2026-01-20 14:00:00,2026-01-20,14,Tuesday,False,Suburban_Residential,Clear,0.116,60.0,1.0,60.0,28.7,65.0,19.4,0.6777,0.6777,-0.559,1165.83,45.0,False,0.02
2026-01-20 15:00:00,2026-01-20,15,Tuesday,False,Suburban_Residential,Clear,0.109,60.0,1.0,60.0,36.5,69.4,24.5,0.6726,0.6726,-0.475,1471.37,45.0,False,0.02
2026-01-20 16:00:00,2026-01-20,16,Tuesday,False,Suburban_Residential,Clear,0.222,60.0,1.0,60.0,54.7,65.3,36.5,0.6673,0.6673,-0.162,2190.5,45.0,False,0.02
2026-01-20 17:00:00,2026-01-20,17,Tuesday,False,Suburban_Residential,Clear,0.336,60.0,1.327,79.63,114.5,74.1,57.0,0.4973,0.4973,0.545,4535.85,59.72,False,0.0214
2026-01-20 18:00:00,2026-01-20,18,Tuesday,False,Suburban_Residential,Clear,0.443,60.0,1.576,94.56,142.5,72.7,58.6,0.4114,0.4114,0.96,5543.13,70.92,False,0.0338
2026-01-20 19:00:00,2026-01-20,19,Tuesday,False,Suburban_Residential,Clear,0.418,60.0,1.662,99.71,149.2,71.0,59.8,0.401,0.401,1.103,5966.04,74.78,False,0.0381
2026-01-20 20:00:00,2026-01-20,20,Tuesday,False,Suburban_Residential,Clear,0.358,60.0,1.319,79.11,110.1,71.9,54.0,0.4908,0.4908,0.531,4273.97,59.33,False,0.0209
2026-01-20 21:00:00,2026-01-20,21,Tuesday,False,Suburban_Residential,Clear,0.203,60.0,1.069,64.13,73.9,66.2,45.1,0.6102,0.6102,0.115,2890.06,48.1,False,0.02
2026-01-20 22:00:00,2026-01-20,22,Tuesday,False,Suburban_Residential,Clear,0.133,60.0,1.0,60.0,41.4,67.3,28.3,0.6847,0.6847,-0.385,1698.64,45.0,False,0.02
2026-01-20 23:00:00,2026-01-20,23,Tuesday,False,Suburban_Residential,Clear,0.098,60.0,1.0,60.0,21.2,54.1,14.1,0.6676,0.6676,-0.609,847.25,45.0,False,0.02
2026-01-21 00:00:00,2026-01-21,0,Wednesday,False,Suburban_Residential,Rain,0.19,60.0,1.0,60.0,21.2,35.5,13.0,0.6153,0.6153,-0.404,782.12,45.0,False,0.02
2026-01-21 01:00:00,2026-01-21,1,Wednesday,False,Suburban_Residential,Rain,0.214,60.0,1.0,60.0,19.1,43.2,12.3,0.647,0.647,-0.558,740.47,45.0,False,0.02
2026-01-21 02:00:00,2026-01-21,2,Wednesday,False,Suburban_Residential,Rain,0.208,60.0,1.0,60.0,19.5,44.9,12.9,0.6593,0.6593,-0.565,771.96,45.0,False,0.02
2026-01-21 03:00:00,2026-01-21,3,Wednesday,False,Suburban_Residential,Rain,0.197,60.0,1.0,60.0,22.0,46.9,14.3,0.6522,0.6522,-0.531,860.28,45.0,False,0.02
2026-01-21 04:00:00,2026-01-21,4,Wednesday,False,Suburban_Residential,Rain,0.178,60.0,1.0,60.0,19.9,46.4,13.0,0.6526,0.6526,-0.571,779.56,45.0,False,0.02
2026-01-21 05:00:00,2026-01-21,5,Wednesday,False,Suburban_Residential,Rain,0.266,60.0,1.0,60.0,34.8,52.0,21.2,0.6082,0.6082,-0.33,1269.9,45.0,False,0.02
2026-01-21 06:00:00,2026-01-21,6,Wednesday,False,Suburban_Residential,Rain,0.268,60.0,1.0,60.0,52.9,59.4,33.5,0.6346,0.6346,-0.11,2012.6,45.0,False,0.02
2026-01-21 07:00:00,2026-01-21,7,Wednesday,False,Suburban_Residential,Rain,0.392,60.0,1.375,82.47,95.3,58.7,43.9,0.4601,0.4601,0.624,3616.92,61.85,False,0.0237
2026-01-21 08:00:00,2026-01-21,8,Wednesday,False,Suburban_Residential,Rain,0.473,60.0,1.566,93.97,132.5,68.2,51.6,0.3894,0.3894,0.944,4847.84,70.48,False,0.0333
2026-01-21 09:00:00,2026-01-21,9,Wednesday,False,Suburban_Residential,Rain,0.516,60.0,1.654,99.24,149.3,71.5,55.4,0.3709,0.3709,1.09,5496.35,74.43,False,0.0377
2026-01-21 10:00:00,2026-01-21,10,Wednesday,False,Suburban_Residential,Rain,0.388,60.0,1.236,74.18,92.5,66.4,46.3,0.501,0.501,0.394,3438.12,55.64,False,0.02
2026-01-21 11:00:00,2026-01-21,11,Wednesday,False,Suburban_Residential,Rain,0.283,60.0,1.0,60.0,55.1,66.4,35.6,0.6473,0.6473,-0.171,2138.38,45.0,False,0.02
2026-01-21 12:00:00,2026-01-21,12,Wednesday,False,Suburban_Residential,Rain,0.268,60.0,1.0,60.0,29.9,71.9,19.2,0.6439,0.6439,-0.585,1153.43,45.0,False,0.02
2026-01-21 13:00:00,2026-01-21,13,Wednesday,False,Suburban_Residential,Rain,0.187,60.0,1.0,60.0,22.0,66.0,14.2,0.6444,0.6444,-0.667,849.0,45.0,False,0.02
2026-01-21 14:00:00,2026-01-21,14,Wednesday,False,Suburban_Residential,Rain,0.227,60.0,1.0,60.0,28.0,71.1,17.5,0.6254,0.6254,-0.606,1051.56,45.0,False,0.02
2026-01-21 15:00:00,2026-01-21,15,Wednesday,False,Suburban_Residential,Rain,0.269,60.0,1.0,60.0,45.0,71.0,28.6,0.6356,0.6356,-0.367,1714.18,45.0,False,0.02
2026-01-21 16:00:00,2026-01-21,16,Wednesday,False,Suburban_Residential,Rain,0.295,60.0,1.0,60.0,68.3,69.9,42.6,0.6234,0.6234,-0.023,2554.9,45.0,False,0.02
2026-01-21 17:00:00,2026-01-21,17,Wednesday,False,Suburban_Residential,Rain,0.52,60.0,1.466,87.97,119.0,66.9,51.2,0.43,0.43,0.777,4499.92,65.98,False,0.0283
2026-01-21 18:00:00,2026-01-21,18,Wednesday,False,Suburban_Residential,Rain,0.569,60.0,1.57,94.23,156.3,80.1,59.9,0.3834,0.3834,0.951,5648.06,70.67,False,0.0335
2026-01-21 19:00:00,2026-01-21,19,Wednesday,False,Suburban_Residential,Rain,0.573,60.0,2.024,121.42,187.8,69.4,56.7,0.3019,0.3019,1.706,6885.46,91.06,False,0.0562
2026-01-21 20:00:00,2026-01-21,20,Wednesday,False,Suburban_Residential,Rain,0.494,60.0,1.344,80.63,112.7,71.7,53.5,0.4742,0.4742,0.573,4310.58,60.47,False,0.0222
2026-01-21 21:00:00,2026-01-21,21,Wednesday,False,Suburban_Residential,Rain,0.411,60.0,1.047,62.82,70.1,65.0,41.2,0.5887,0.5887,0.078,2591.27,47.12,False,0.02
2026-01-21 22:00:00,2026-01-21,22,Wednesday,False,Suburban_Residential,Rain,0.27,60.0,1.0,60.0,42.9,62.6,27.1,0.6323,0.6323,-0.315,1628.16,45.0,False,0.02
2026-01-21 23:00:00,2026-01-21,23,Wednesday,False,Suburban_Residential,Rain,0.234,60.0,1.0,60.0,28.5,52.4,17.9,0.6287,0.6287,-0.455,1075.47,45.0,False,0.02
2026-01-22 00:00:00,2026-01-22,0,Thursday,False,Suburban_Residential,Clear,0.064,60.0,1.0,60.0,20.1,40.2,13.4,0.6693,0.6693,-0.5,806.16,45.0,False,0.02
2026-01-22 01:00:00,2026-01-22,1,Thursday,False,Suburban_Residential,Clear,0.049,60.0,1.0,60.0,19.5,40.2,12.7,0.6529,0.6529,-0.515,764.64,45.0,False,0.02
2026-01-22 02:00:00,2026-01-22,2,Thursday,False,Suburban_Residential,Clear,0.083,60.0,1.0,60.0,19.7,36.6,13.2,0.6685,0.6685,-0.461,791.66,45.0,False,0.02
2026-01-22 03:00:00,2026-01-22,3,Thursday,False,Suburban_Residential,Clear,0.028,60.0,1.0,60.0,18.5,43.2,12.6,0.6806,0.6806,-0.573,753.79,45.0,False,0.02
2026-01-22 04:00:00,2026-01-22,4,Thursday,False,Suburban_Residential,Clear,0.125,60.0,1.0,60.0,21.6,51.5,14.3,0.6622,0.6622,-0.58,859.68,45.0,False,0.02
2026-01-22 05:00:00,2026-01-22,5,Thursday,False,Suburban_Residential,Clear,0.106,60.0,1.0,60.0,28.7,55.4,19.1,0.6666,0.6666,-0.482,1147.4,45.0,False,0.02
2026-01-22 06:00:00,2026-01-22,6,Thursday,False,Suburban_Residential,Clear,0.132,60.0,1.0,60.0,54.4,57.8,36.8,0.6764,0.6764,-0.058,2208.36,45.0,False,0.02
2026-01-22 07:00:00,2026-01-22,7,Thursday,False,Suburban_Residential,Clear,0.203,60.0,1.315,78.91,88.7,58.1,43.9,0.4945,0.4945,0.525,3460.55,59.18,False,0.0208
2026-01-22 08:00:00,2026-01-22,8,Thursday,False,Suburban_Residential,Clear,0.37,60.0,1.516,90.98,120.9,65.0,52.5,0.4346,0.4346,0.86,4780.67,68.23,False,0.0308
2026-01-22 09:00:00,2026-01-22,9,Thursday,False,Suburban_Residential,Clear,0.35,60.0,1.542,92.55,128.4,67.4,54.9,0.4275,0.4275,0.904,5080.21,69.41,False,0.0321
2026-01-22 10:00:00,2026-01-22,10,Thursday,False,Suburban_Residential,Clear,0.229,60.0,1.201,72.04,86.4,64.7,47.3,0.5478,0.5478,0.335,3407.64,54.03,False,0.02
2026-01-22 11:00:00,2026-01-22,11,Thursday,False,Suburban_Residential,Clear,0.169,60.0,1.0,60.0,54.9,70.3,37.0,0.675,0.675,-0.22,2221.51,45.0,False,0.02
2026-01-22 12:00:00,2026-01-22,12,Thursday,False,Suburban_Residential,Clear,0.148,60.0,1.0,60.0,32.9,69.3,22.3,0.6763,0.6763,-0.525,1335.38,45.0,False,0.02
2026-01-22 13:00:00,2026-01-22,13,Thursday,False,Suburban_Residential,Clear,0.067,60.0,1.0,60.0,25.1,68.7,17.2,0.6836,0.6836,-0.634,1030.52,45.0,False,0.02
2026-01-22 14:00:00,2026-01-22,14,Thursday,False,Suburban_Residential,Clear,0.099,60.0,1.0,60.0,25.8,68.4,17.9,0.6921,0.6921,-0.622,1073.24,45.0,False,0.02
2026-01-22 15:00:00,2026-01-22,15,Thursday,False,Suburban_Residential,Clear,0.103,60.0,1.0,60.0,39.5,72.7,25.8,0.6528,0.6528,-0.457,1545.92,45.0,False,0.02
2026-01-22 16:00:00,2026-01-22,16,Thursday,False,Suburban_Residential,Clear,0.179,60.0,1.0,60.0,65.0,66.5,44.3,0.6809,0.6809,-0.023,2655.2,45.0,False,0.02
2026-01-22 17:00:00,2026-01-22,17,Thursday,False,Suburban_Residential,Clear,0.295,60.0,1.276,76.58,105.6,72.3,55.3,0.5238,0.5238,0.461,4235.07,57.44,False,0.02
2026-01-22 18:00:00,2026-01-22,18,Thursday,False,Suburban_Residential,Clear,0.457,60.0,1.349,80.96,122.0,77.1,59.1,0.4846,0.4846,0.582,4785.81,60.72,False,0.0225
2026-01-22 19:00:00,2026-01-22,19,Thursday,False,Suburban_Residential,Clear,0.454,60.0,1.43,85.8,122.5,71.4,57.0,0.4658,0.4658,0.717,4894.49,64.35,False,0.0265
2026-01-22 20:00:00,2026-01-22,20,Thursday,False,Suburban_Residential,Clear,0.263,60.0,1.322,79.31,119.1,77.5,59.5,0.4998,0.4998,0.536,4719.07,59.48,False,0.0211
2026-01-22 21:00:00,2026-01-22,21,Thursday,False,Suburban_Residential,Clear,0.248,60.0,1.013,60.8,68.8,67.3,45.6,0.6619,0.6619,0.022,2769.65,45.6,False,0.02
2026-01-22 22:00:00,2026-01-22,22,Thursday,False,Suburban_Residential,Clear,0.063,60.0,1.0,60.0,40.0,67.8,27.3,0.6832,0.6832,-0.41,1637.97,45.0,False,0.02
2026-01-22 23:00:00,2026-01-22,23,Thursday,False,Suburban_Residential,Clear,0.08,60.0,1.0,60.0,27.2,60.9,18.2,0.6692,0.6692,-0.554,1091.08,45.0,False,0.02
2026-01-23 00:00:00,2026-01-23,0,Friday,False,Suburban_Residential,Fog,0.248,60.0,1.0,60.0,19.2,35.3,12.0,0.6229,0.6229,-0.456,718.4,45.0,False,0.02
2026-01-23 01:00:00,2026-01-23,1,Friday,False,Suburban_Residential,Fog,0.269,60.0,1.0,60.0,18.4,38.9,11.1,0.6069,0.6069,-0.528,668.45,45.0,False,0.02
2026-01-23 02:00:00,2026-01-23,2,Friday,False,Suburban_Residential,Fog,0.231,60.0,1.0,60.0,20.1,45.2,12.5,0.6244,0.6244,-0.555,752.79,45.0,False,0.02
2026-01-23 03:00:00,2026-01-23,3,Friday,False,Suburban_Residential,Fog,0.259,60.0,1.0,60.0,21.9,45.3,13.1,0.598,0.598,-0.515,787.23,45.0,False,0.02
2026-01-23 04:00:00,2026-01-23,4,Friday,False,Suburban_Residential,Fog,0.289,60.0,1.0,60.0,25.3,47.5,15.5,0.6135,0.6135,-0.468,930.01,45.0,False,0.02
2026-01-23 05:00:00,2026-01-23,5,Friday,False,Suburban_Residential,Fog,0.247,60.0,1.0,60.0,23.4,51.1,14.2,0.6084,0.6084,-0.543,852.81,45.0,False,0.02
2026-01-23 06:00:00,2026-01-23,6,Friday,False,Suburban_Residential,Fog,0.327,60.0,1.0,60.0,54.1,67.2,33.3,0.6152,0.6152,-0.194,1998.55,45.0,False,0.02
2026-01-23 07:00:00,2026-01-23,7,Friday,False,Suburban_Residential,Fog,0.482,60.0,1.391,83.46,97.6,59.1,41.6,0.4265,0.4265,0.652,3473.96,62.59,False,0.0245
2026-01-23 08:00:00,2026-01-23,8,Friday,False,Suburban_Residential,Fog,0.615,60.0,1.632,97.89,134.6,65.6,50.1,0.3719,0.3719,1.053,4900.77,73.42,False,0.0366
2026-01-23 09:00:00,2026-01-23,9,Friday,False,Suburban_Residential,Fog,0.61,60.0,1.701,102.04,126.7,58.4,44.2,0.3488,0.3488,1.168,4508.36,76.53,False,0.04
2026-01-23 10:00:00,2026-01-23,10,Friday,False,Suburban_Residential,Fog,0.503,60.0,1.197,71.83,94.1,70.9,47.9,0.5093,0.5093,0.328,3443.37,53.87,False,0.02
2026-01-23 11:00:00,2026-01-23,11,Friday,False,Suburban_Residential,Fog,0.351,60.0,1.0,60.0,49.5,68.8,30.4,0.6137,0.6137,-0.281,1822.59,45.0,False,0.02
2026-01-23 12:00:00,2026-01-23,12,Friday,False,Suburban_Residential,Fog,0.302,60.0,1.0,60.0,24.8,61.9,15.2,0.6131,0.6131,-0.6,910.57,45.0,False,0.02
2026-01-23 13:00:00,2026-01-23,13,Friday,False,Suburban_Residential,Fog,0.344,60.0,1.0,60.0,23.7,61.9,14.3,0.6015,0.6015,-0.617,856.14,45.0,False,0.02
2026-01-23 14:00:00,2026-01-23,14,Friday,False,Suburban_Residential,Fog,0.306,60.0,1.0,60.0,28.2,68.3,17.5,0.6211,0.6211,-0.587,1051.43,45.0,False,0.02
2026-01-23 15:00:00,2026-01-23,15,Friday,False,Suburban_Residential,Fog,0.338,60.0,1.0,60.0,37.7,65.6,22.8,0.6051,0.6051,-0.425,1369.16,45.0,False,0.02
2026-01-23 16:00:00,2026-01-23,16,Friday,False,Suburban_Residential,Fog,0.375,60.0,1.05,63.02,72.7,67.1,43.2,0.5933,0.5933,0.084,2719.69,47.27,False,0.02
2026-01-23 17:00:00,2026-01-23,17,Friday,False,Suburban_Residential,Fog,0.531,60.0,1.513,90.79,132.2,71.3,52.7,0.399,0.399,0.855,4788.69,68.09,False,0.0307
2026-01-23 18:00:00,2026-01-23,18,Friday,False,Suburban_Residential,Fog,0.665,60.0,1.622,97.32,145.0,71.2,54.4,0.3754,0.3754,1.037,5296.72,72.99,False,0.0361
2026-01-23 19:00:00,2026-01-23,19,Friday,False,Suburban_Residential,Fog,0.57,60.0,1.551,93.06,147.9,77.1,57.4,0.3881,0.3881,0.918,5342.76,69.8,False,0.0325
2026-01-23 20:00:00,2026-01-23,20,Friday,False,Suburban_Residential,Fog,0.523,60.0,1.513,90.79,130.1,70.1,51.4,0.3954,0.3954,0.855,4670.07,68.09,False,0.0307
2026-01-23 21:00:00,2026-01-23,21,Friday,False,Suburban_Residential,Fog,0.427,60.0,1.0,60.0,64.3,71.7,40.7,0.6332,0.6332,-0.103,2442.16,45.0,False,0.02
2026-01-23 22:00:00,2026-01-23,22,Friday,False,Suburban_Residential,Fog,0.301,60.0,1.0,60.0,37.4,64.1,23.2,0.6216,0.6216,-0.417,1393.5,45.0,False,0.02
2026-01-23 23:00:00,2026-01-23,23,Friday,False,Suburban_Residential,Fog,0.25,60.0,1.0,60.0,23.5,53.1,14.7,0.6237,0.6237,-0.558,879.65,45.0,False,0.02
2026-01-24 00:00:00,2026-01-24,0,Saturday,True,Suburban_Residential,Rain,0.174,60.0,1.0,60.0,28.0,40.5,17.9,0.6387,0.6387,-0.309,1071.49,45.0,False,0.02
2026-01-24 01:00:00,2026-01-24,1,Saturday,True,Suburban_Residential,Rain,0.256,60.0,1.0,60.0,27.0,46.3,17.6,0.651,0.651,-0.417,1054.46,45.0,False,0.02
2026-01-24 02:00:00,2026-01-24,2,Saturday,True,Suburban_Residential,Rain,0.254,60.0,1.0,60.0,25.6,40.8,16.3,0.638,0.638,-0.372,980.28,45.0,False,0.02
2026-01-24 03:00:00,2026-01-24,3,Saturday,True,Suburban_Residential,Rain,0.169,60.0,1.0,60.0,25.6,41.1,16.3,0.6374,0.6374,-0.377,978.29,45.0,False,0.02
2026-01-24 04:00:00,2026-01-24,4,Saturday,True,Suburban_Residential,Rain,0.197,60.0,1.0,60.0,26.1,47.6,16.9,0.6467,0.6467,-0.451,1013.02,45.0,False,0.02
2026-01-24 05:00:00,2026-01-24,5,Saturday,True,Suburban_Residential,Rain,0.265,60.0,1.0,60.0,33.3,41.4,21.4,0.6423,0.6423,-0.196,1282.17,45.0,False,0.02
2026-01-24 06:00:00,2026-01-24,6,Saturday,True,Suburban_Residential,Rain,0.24,60.0,1.0,60.0,32.6,51.3,20.4,0.6272,0.6272,-0.364,1226.68,45.0,False,0.02
2026-01-24 07:00:00,2026-01-24,7,Saturday,True,Suburban_Residential,Rain,0.253,60.0,1.0,60.0,41.1,42.1,25.2,0.6131,0.6131,-0.025,1510.84,45.0,False,0.02
2026-01-24 08:00:00,2026-01-24,8,Saturday,True,Suburban_Residential,Rain,0.304,60.0,1.0,60.0,43.3,45.8,27.8,0.641,0.641,-0.054,1666.4,45.0,False,0.02
2026-01-24 09:00:00,2026-01-24,9,Saturday,True,Suburban_Residential,Rain,0.328,60.0,1.102,66.11,66.0,56.4,38.6,0.5844,0.5844,0.17,2550.09,49.58,False,0.02
2026-01-24 10:00:00,2026-01-24,10,Saturday,True,Suburban_Residential,Rain,0.396,60.0,1.232,73.93,76.0,54.8,37.2,0.4894,0.4894,0.387,2751.16,55.45,False,0.02
2026-01-24 11:00:00,2026-01-24,11,Saturday,True,Suburban_Residential,Rain,0.428,60.0,1.312,78.72,96.2,63.3,46.3,0.4816,0.4816,0.52,3648.29,59.04,False,0.0206
2026-01-24 12:00:00,2026-01-24,12,Saturday,True,Suburban_Residential,Rain,0.465,60.0,1.531,91.85,131.1,69.6,53.1,0.4048,0.4048,0.885,4874.49,68.89,False,0.0315
2026-01-24 13:00:00,2026-01-24,13,Saturday,True,Suburban_Residential,Rain,0.475,60.0,1.414,84.84,117.7,69.6,53.0,0.4501,0.4501,0.69,4494.61,63.63,False,0.0257
2026-01-24 14:00:00,2026-01-24,14,Saturday,True,Suburban_Residential,Rain,0.514,60.0,1.411,84.67,122.8,72.9,51.8,0.4216,0.4216,0.685,4384.95,63.5,False,0.0256
2026-01-24 15:00:00,2026-01-24,15,Saturday,True,Suburban_Residential,Rain,0.468,60.0,1.373,82.38,105.3,64.9,47.9,0.4549,0.4549,0.622,3945.17,61.78,False,0.0236
2026-01-24 16:00:00,2026-01-24,16,Saturday,True,Suburban_Residential,Rain,0.44,60.0,1.294,77.64,100.5,67.5,49.1,0.4886,0.4886,0.49,3813.69,58.23,False,0.02
2026-01-24 17:00:00,2026-01-24,17,Saturday,True,Suburban_Residential,Rain,0.375,60.0,1.177,70.6,86.2,66.6,46.7,0.542,0.542,0.294,3296.78,52.95,False,0.02
2026-01-24 18:00:00,2026-01-24,18,Saturday,True,Suburban_Residential,Rain,0.395,60.0,1.0,60.0,64.6,65.2,41.4,0.6413,0.6413,-0.009,2486.82,45.0,False,0.02
2026-01-24 19:00:00,2026-01-24,19,Saturday,True,Suburban_Residential,Rain,0.33,60.0,1.341,80.47,96.1,61.2,44.8,0.466,0.466,0.569,3602.63,60.35,False,0.0221
2026-01-24 20:00:00,2026-01-24,20,Saturday,True,Suburban_Residential,Rain,0.384,60.0,1.467,88.03,101.6,57.1,41.9,0.4129,0.4129,0.778,3691.89,66.02,False,0.0284
2026-01-24 21:00:00,2026-01-24,21,Saturday,True,Suburban_Residential,Rain,0.512,60.0,1.399,83.96,98.9,59.4,42.6,0.4305,0.4305,0.666,3574.24,62.97,False,0.025
2026-01-24 22:00:00,2026-01-24,22,Saturday,True,Suburban_Residential,Rain,0.549,60.0,1.901,114.08,141.1,56.4,45.8,0.3245,0.3245,1.502,5222.82,85.56,False,0.0501
2026-01-24 23:00:00,2026-01-24,23,Saturday,True,Suburban_Residential,Rain,0.488,60.0,2.081,124.87,144.2,51.5,44.0,0.3055,0.3055,1.802,5499.78,93.65,False,0.0591
2026-01-25 00:00:00,2026-01-25,0,Sunday,True,Suburban_Residential,Rain,0.247,60.0,1.0,60.0,24.7,46.1,15.9,0.6428,0.6428,-0.465,951.15,45.0,False,0.02
2026-01-25 01:00:00,2026-01-25,1,Sunday,True,Suburban_Residential,Rain,0.291,60.0,1.0,60.0,31.6,43.7,20.0,0.6336,0.6336,-0.277,1201.17,45.0,False,0.02
2026-01-25 02:00:00,2026-01-25,2,Sunday,True,Suburban_Residential,Rain,0.249,60.0,1.0,60.0,25.3,46.4,16.3,0.645,0.645,-0.455,978.29,45.0,False,0.02
2026-01-25 03:00:00,2026-01-25,3,Sunday,True,Suburban_Residential,Rain,0.255,60.0,1.0,60.0,28.0,42.6,17.9,0.6366,0.6366,-0.342,1071.03,45.0,False,0.02
2026-01-25 04:00:00,2026-01-25,4,Sunday,True,Suburban_Residential,Rain,0.309,60.0,1.0,60.0,27.7,45.5,17.6,0.6377,0.6377,-0.392,1058.06,45.0,False,0.02
2026-01-25 05:00:00,2026-01-25,5,Sunday,True,Suburban_Residential,Rain,0.228,60.0,1.0,60.0,30.9,45.1,19.9,0.6436,0.6436,-0.316,1192.92,45.0,False,0.02
2026-01-25 06:00:00,2026-01-25,6,Sunday,True,Suburban_Residential,Rain,0.271,60.0,1.0,60.0,30.9,43.8,19.1,0.6164,0.6164,-0.294,1143.02,45.0,False,0.02
2026-01-25 07:00:00,2026-01-25,7,Sunday,True,Suburban_Residential,Rain,0.247,60.0,1.0,60.0,37.1,53.4,23.6,0.6362,0.6362,-0.306,1414.88,45.0,False,0.02
2026-01-25 08:00:00,2026-01-25,8,Sunday,True,Suburban_Residential,Rain,0.257,60.0,1.0,60.0,47.2,58.4,29.9,0.6336,0.6336,-0.191,1794.36,45.0,False,0.02
2026-01-25 09:00:00,2026-01-25,9,Sunday,True,Suburban_Residential,Rain,0.301,60.0,1.065,63.92,65.2,58.8,40.2,0.6162,0.6162,0.109,2566.62,47.94,False,0.02
2026-01-25 10:00:00,2026-01-25,10,Sunday,True,Suburban_Residential,Rain,0.369,60.0,1.103,66.2,67.9,57.9,39.5,0.5819,0.5819,0.172,2615.37,49.65,False,0.02
2026-01-25 11:00:00,2026-01-25,11,Sunday,True,Suburban_Residential,Rain,0.468,60.0,1.251,75.03,92.9,65.6,45.8,0.4929,0.4929,0.418,3436.73,56.27,False,0.02
2026-01-25 12:00:00,2026-01-25,12,Sunday,True,Suburban_Residential,Rain,0.532,60.0,1.3,77.99,104.3,69.6,48.3,0.4631,0.4631,0.5,3768.6,58.49,False,0.02
2026-01-25 13:00:00,2026-01-25,13,Sunday,True,Suburban_Residential,Rain,0.516,60.0,1.313,78.79,114.1,75.0,54.1,0.4736,0.4736,0.522,4259.04,59.09,False,0.0207
2026-01-25 14:00:00,2026-01-25,14,Sunday,True,Suburban_Residential,Rain,0.44,60.0,1.427,85.6,124.8,72.9,54.1,0.4338,0.4338,0.711,4632.99,64.2,False,0.0263
2026-01-25 15:00:00,2026-01-25,15,Sunday,True,Suburban_Residential,Rain,0.481,60.0,1.486,89.19,125.7,69.4,51.2,0.4075,0.4075,0.811,4570.63,66.89,False,0.0293
2026-01-25 16:00:00,2026-01-25,16,Sunday,True,Suburban_Residential,Rain,0.429,60.0,1.104,66.22,88.6,75.6,50.3,0.5676,0.5676,0.173,3331.32,49.66,False,0.02
2026-01-25 17:00:00,2026-01-25,17,Sunday,True,Suburban_Residential,Rain,0.32,60.0,1.204,72.26,89.4,66.7,45.7,0.5111,0.5111,0.341,3301.98,54.2,False,0.02
2026-01-25 18:00:00,2026-01-25,18,Sunday,True,Suburban_Residential,Rain,0.344,60.0,1.056,63.37,74.8,68.4,45.6,0.61,0.61,0.094,2891.36,47.53,False,0.02
2026-01-25 19:00:00,2026-01-25,19,Sunday,True,Suburban_Residential,Rain,0.358,60.0,1.136,68.17,80.9,65.9,44.4,0.5491,0.5491,0.227,3026.75,51.13,False,0.02
2026-01-25 20:00:00,2026-01-25,20,Sunday,True,Suburban_Residential,Rain,0.39,60.0,1.374,82.43,89.5,55.2,39.1,0.4364,0.4364,0.623,3221.01,61.82,False,0.0237
2026-01-25 21:00:00,2026-01-25,21,Sunday,True,Suburban_Residential,Rain,0.442,60.0,1.879,112.75,130.8,53.0,44.7,0.342,0.342,1.465,5042.84,84.56,False,0.049
2026-01-25 22:00:00,2026-01-25,22,Sunday,True,Suburban_Residential,Rain,0.538,60.0,1.666,99.95,119.5,56.6,44.8,0.3748,0.3748,1.11,4474.81,74.96,False,0.0383
2026-01-25 23:00:00,2026-01-25,23,Sunday,True,Suburban_Residential,Rain,0.545,60.0,2.237,134.2,131.7,43.0,37.2,0.2822,0.2822,2.061,4988.62,100.65,False,0.0668
2026-01-26 00:00:00,2026-01-26,0,Monday,False,Suburban_Residential,Clear,0.056,60.0,1.0,60.0,18.6,37.0,12.4,0.6674,0.6674,-0.497,745.43,45.0,False,0.02
2026-01-26 01:00:00,2026-01-26,1,Monday,False,Suburban_Residential,Clear,0.066,60.0,1.0,60.0,18.4,33.8,12.5,0.6794,0.6794,-0.456,749.84,45.0,False,0.02
2026-01-26 02:00:00,2026-01-26,2,Monday,False,Suburban_Residential,Clear,0.045,60.0,1.0,60.0,19.2,44.6,12.7,0.6641,0.6641,-0.57,763.71,45.0,False,0.02
2026-01-26 03:00:00,2026-01-26,3,Monday,False,Suburban_Residential,Clear,0.064,60.0,1.0,60.0,19.6,48.5,12.7,0.6492,0.6492,-0.596,762.44,45.0,False,0.02
2026-01-26 04:00:00,2026-01-26,4,Monday,False,Suburban_Residential,Clear,0.047,60.0,1.0,60.0,21.7,44.4,14.6,0.6712,0.6712,-0.512,873.3,45.0,False,0.02
2026-01-26 05:00:00,2026-01-26,5,Monday,False,Suburban_Residential,Clear,0.09,60.0,1.0,60.0,25.3,53.9,17.0,0.6692,0.6692,-0.53,1017.11,45.0,False,0.02
2026-01-26 06:00:00,2026-01-26,6,Monday,False,Suburban_Residential,Clear,0.142,60.0,1.0,60.0,48.3,55.2,32.2,0.6664,0.6664,-0.125,1929.33,45.0,False,0.02
2026-01-26 07:00:00,2026-01-26,7,Monday,False,Suburban_Residential,Clear,0.317,60.0,1.272,76.35,94.2,64.8,48.3,0.5131,0.5131,0.454,3691.19,57.26,False,0.02
2026-01-26 08:00:00,2026-01-26,8,Monday,False,Suburban_Residential,Clear,0.352,60.0,1.505,90.32,124.2,67.4,55.2,0.4443,0.4443,0.842,4985.07,67.74,False,0.0303
2026-01-26 09:00:00,2026-01-26,9,Monday,False,Suburban_Residential,Clear,0.366,60.0,1.188,71.26,100.7,76.7,55.9,0.5552,0.5552,0.313,3985.11,53.45,False,0.02
2026-01-26 10:00:00,2026-01-26,10,Monday,False,Suburban_Residential,Clear,0.249,60.0,1.211,72.65,84.9,62.9,45.8,0.5395,0.5395,0.351,3329.6,54.49,False,0.02
2026-01-26 11:00:00,2026-01-26,11,Monday,False,Suburban_Residential,Clear,0.124,60.0,1.0,60.0,51.9,70.7,35.0,0.6744,0.6744,-0.265,2100.63,45.0,False,0.02
2026-01-26 12:00:00,2026-01-26,12,Monday,False,Suburban_Residential,Clear,0.045,60.0,1.0,60.0,30.2,67.9,20.7,0.6832,0.6832,-0.555,1239.01,45.0,False,0.02
2026-01-26 13:00:00,2026-01-26,13,Monday,False,Suburban_Residential,Clear,0.059,60.0,1.0,60.0,26.1,64.5,17.7,0.6774,0.6774,-0.596,1059.68,45.0,False,0.02
2026-01-26 14:00:00,2026-01-26,14,Monday,False,Suburban_Residential,Clear,0.11,60.0,1.0,60.0,25.0,64.6,16.4,0.6533,0.6533,-0.612,981.83,45.0,False,0.02
2026-01-26 15:00:00,2026-01-26,15,Monday,False,Suburban_Residential,Clear,0.119,60.0,1.0,60.0,35.9,60.1,24.2,0.6758,0.6758,-0.403,1454.53,45.0,False,0.02
2026-01-26 16:00:00,2026-01-26,16,Monday,False,Suburban_Residential,Clear,0.175,60.0,1.006,60.36,69.6,68.9,46.6,0.669,0.669,0.01,2810.86,45.27,False,0.02
2026-01-26 17:00:00,2026-01-26,17,Monday,False,Suburban_Residential,Clear,0.375,60.0,1.294,77.66,109.6,73.6,55.2,0.503,0.503,0.49,4283.62,58.24,False,0.02
2026-01-26 18:00:00,2026-01-26,18,Monday,False,Suburban_Residential,Clear,0.433,60.0,1.845,110.7,163.8,68.0,59.5,0.363,0.363,1.408,6583.79,83.03,False,0.0473
2026-01-26 19:00:00,2026-01-26,19,Monday,False,Suburban_Residential,Clear,0.464,60.0,1.707,102.42,163.8,75.2,62.9,0.3841,0.3841,1.178,6442.47,76.81,False,0.0403
2026-01-26 20:00:00,2026-01-26,20,Monday,False,Suburban_Residential,Clear,0.289,60.0,1.244,74.67,104.2,74.0,57.1,0.5482,0.5482,0.407,4263.95,56.0,False,0.02
2026-01-26 21:00:00,2026-01-26,21,Monday,False,Suburban_Residential,Clear,0.2,60.0,1.0,60.0,63.8,72.8,43.7,0.685,0.685,-0.124,2621.97,45.0,False,0.02
2026-01-26 22:00:00,2026-01-26,22,Monday,False,Suburban_Residential,Clear,0.133,60.0,1.0,60.0,35.3,58.7,23.6,0.6691,0.6691,-0.398,1418.0,45.0,False,0.02
2026-01-26 23:00:00,2026-01-26,23,Monday,False,Suburban_Residential,Clear,0.071,60.0,1.0,60.0,21.4,50.6,14.3,0.6673,0.6673,-0.576,857.9,45.0,False,0.02
2026-01-27 00:00:00,2026-01-27,0,Tuesday,False,Suburban_Residential,Clear,0.042,60.0,1.0,60.0,17.8,36.2,12.1,0.6775,0.6775,-0.507,725.34,45.0,False,0.02
2026-01-27 01:00:00,2026-01-27,1,Tuesday,False,Suburban_Residential,Clear,0.081,60.0,1.0,60.0,19.7,42.0,13.5,0.6855,0.6855,-0.53,811.85,45.0,False,0.02
2026-01-27 02:00:00,2026-01-27,2,Tuesday,False,Suburban_Residential,Clear,0.087,60.0,1.0,60.0,17.8,43.2,11.9,0.666,0.666,-0.587,712.53,45.0,False,0.02
2026-01-27 03:00:00,2026-01-27,3,Tuesday,False,Suburban_Residential,Clear,0.045,60.0,1.0,60.0,17.4,45.7,12.0,0.6877,0.6877,-0.619,717.83,45.0,False,0.02
2026-01-27 04:00:00,2026-01-27,4,Tuesday,False,Suburban_Residential,Clear,0.049,60.0,1.0,60.0,18.4,42.9,12.1,0.6543,0.6543,-0.571,723.14,45.0,False,0.02
2026-01-27 05:00:00,2026-01-27,5,Tuesday,False,Suburban_Residential,Clear,0.083,60.0,1.0,60.0,28.8,51.2,19.0,0.6583,0.6583,-0.437,1139.2,45.0,False,0.02
2026-01-27 06:00:00,2026-01-27,6,Tuesday,False,Suburban_Residential,Clear,0.177,60.0,1.0,60.0,48.6,60.4,31.2,0.6424,0.6424,-0.195,1873.98,45.0,False,0.02
2026-01-27 07:00:00,2026-01-27,7,Tuesday,False,Suburban_Residential,Clear,0.294,60.0,1.118,67.09,84.9,71.0,49.2,0.5794,0.5794,0.197,3301.76,50.32,False,0.02
2026-01-27 08:00:00,2026-01-27,8,Tuesday,False,Suburban_Residential,Clear,0.374,60.0,1.501,90.05,113.2,61.7,49.7,0.4385,0.4385,0.835,4471.23,67.54,False,0.03
2026-01-27 09:00:00,2026-01-27,9,Tuesday,False,Suburban_Residential,Clear,0.375,60.0,1.452,87.11,117.5,67.0,52.0,0.4424,0.4424,0.753,4527.07,65.33,False,0.0276
2026-01-27 10:00:00,2026-01-27,10,Tuesday,False,Suburban_Residential,Clear,0.247,60.0,1.264,75.82,86.8,60.3,45.2,0.521,0.521,0.439,3429.35,56.86,False,0.02
2026-01-27 11:00:00,2026-01-27,11,Tuesday,False,Suburban_Residential,Clear,0.2,60.0,1.0,60.0,50.3,62.0,34.4,0.685,0.685,-0.189,2065.97,45.0,False,0.02
2026-01-27 12:00:00,2026-01-27,12,Tuesday,False,Suburban_Residential,Clear,0.078,60.0,1.0,60.0,27.9,58.9,19.1,0.6822,0.6822,-0.526,1143.04,45.0,False,0.02
2026-01-27 13:00:00,2026-01-27,13,Tuesday,False,Suburban_Residential,Clear,0.069,60.0,1.0,60.0,24.1,61.4,16.2,0.6706,0.6706,-0.607,970.88,45.0,False,0.02
2026-01-27 14:00:00,2026-01-27,14,Tuesday,False,Suburban_Residential,Clear,0.059,60.0,1.0,60.0,23.8,65.5,15.8,0.6644,0.6644,-0.637,948.41,45.0,False,0.02
2026-01-27 15:00:00,2026-01-27,15,Tuesday,False,Suburban_Residential,Clear,0.121,60.0,1.0,60.0,35.0,70.5,23.5,0.6701,0.6701,-0.503,1408.54,45.0,False,0.02
2026-01-27 16:00:00,2026-01-27,16,Tuesday,False,Suburban_Residential,Clear,0.214,60.0,1.0,60.0,62.7,69.8,42.8,0.6829,0.6829,-0.102,2568.35,45.0,False,0.02
2026-01-27 17:00:00,2026-01-27,17,Tuesday,False,Suburban_Residential,Clear,0.249,60.0,1.36,81.6,103.1,64.4,48.2,0.467,0.467,0.6,3929.17,61.2,False,0.023
2026-01-27 18:00:00,2026-01-27,18,Tuesday,False,Suburban_Residential,Clear,0.395,60.0,1.647,98.8,151.8,73.1,61.5,0.405,0.405,1.078,6075.51,74.1,False,0.0373
2026-01-27 19:00:00,2026-01-27,19,Tuesday,False,Suburban_Residential,Clear,0.418,60.0,1.665,99.9,158.9,75.4,62.4,0.3923,0.3923,1.108,6229.33,74.93,False,0.0382
2026-01-27 20:00:00,2026-01-27,20,Tuesday,False,Suburban_Residential,Clear,0.323,60.0,1.278,76.69,109.5,74.8,55.0,0.5021,0.5021,0.464,4215.78,57.52,False,0.02
2026-01-27 21:00:00,2026-01-27,21,Tuesday,False,Suburban_Residential,Clear,0.212,60.0,1.03,61.82,61.4,58.4,40.8,0.6647,0.6647,0.051,2522.49,46.37,False,0.02
2026-01-27 22:00:00,2026-01-27,22,Tuesday,False,Suburban_Residential,Clear,0.14,60.0,1.0,60.0,35.9,53.8,24.0,0.669,0.669,-0.333,1441.63,45.0,False,0.02
2026-01-27 23:00:00,2026-01-27,23,Tuesday,False,Suburban_Residential,Clear,0.042,60.0,1.0,60.0,25.2,58.5,17.0,0.6756,0.6756,-0.57,1019.96,45.0,False,0.02
2026-01-28 00:00:00,2026-01-28,0,Wednesday,False,Suburban_Residential,Clear,0.067,60.0,1.0,60.0,20.6,36.5,13.3,0.6473,0.6473,-0.436,800.06,45.0,False,0.02
2026-01-28 01:00:00,2026-01-28,1,Wednesday,False,Suburban_Residential,Clear,0.024,60.0,1.0,60.0,16.9,38.7,11.1,0.6564,0.6564,-0.562,666.71,45.0,False,0.02
2026-01-28 02:00:00,2026-01-28,2,Wednesday,False,Suburban_Residential,Clear,0.006,60.0,1.0,60.0,21.0,42.0,13.8,0.6586,0.6586,-0.5,830.57,45.0,False,0.02
2026-01-28 03:00:00,2026-01-28,3,Wednesday,False,Suburban_Residential,Clear,0.048,60.0,1.0,60.0,18.6,41.7,12.6,0.6782,0.6782,-0.555,755.58,45.0,False,0.02
2026-01-28 04:00:00,2026-01-28,4,Wednesday,False,Suburban_Residential,Clear,0.088,60.0,1.0,60.0,20.9,48.8,14.2,0.6787,0.6787,-0.572,851.85,45.0,False,0.02
2026-01-28 05:00:00,2026-01-28,5,Wednesday,False,Suburban_Residential,Clear,0.064,60.0,1.0,60.0,27.9,57.8,18.3,0.6577,0.6577,-0.517,1100.67,45.0,False,0.02
2026-01-28 06:00:00,2026-01-28,6,Wednesday,False,Suburban_Residential,Clear,0.129,60.0,1.0,60.0,50.7,60.6,34.0,0.6705,0.6705,-0.163,2039.68,45.0,False,0.02
2026-01-28 07:00:00,2026-01-28,7,Wednesday,False,Suburban_Residential,Clear,0.258,60.0,1.199,71.96,87.3,65.5,49.7,0.5697,0.5697,0.332,3579.48,53.97,False,0.02
2026-01-28 08:00:00,2026-01-28,8,Wednesday,False,Suburban_Residential,Clear,0.366,60.0,1.766,105.96,136.8,60.1,50.0,0.3651,0.3651,1.277,5294.43,79.47,False,0.0433
2026-01-28 09:00:00,2026-01-28,9,Wednesday,False,Suburban_Residential,Clear,0.283,60.0,1.466,87.94,118.7,66.8,53.1,0.4471,0.4471,0.776,4668.61,65.95,False,0.0283
2026-01-28 10:00:00,2026-01-28,10,Wednesday,False,Suburban_Residential,Clear,0.23,60.0,1.085,65.1,81.0,71.0,49.4,0.6101,0.6101,0.142,3217.32,48.82,False,0.02
2026-01-28 11:00:00,2026-01-28,11,Wednesday,False,Suburban_Residential,Clear,0.12,60.0,1.0,60.0,58.3,69.7,40.3,0.6914,0.6914,-0.163,2419.34,45.0,False,0.02
2026-01-28 12:00:00,2026-01-28,12,Wednesday,False,Suburban_Residential,Clear,0.089,60.0,1.0,60.0,28.6,71.6,19.3,0.6749,0.6749,-0.601,1156.45,45.0,False,0.02
2026-01-28 13:00:00,2026-01-28,13,Wednesday,False,Suburban_Residential,Clear,0.04,60.0,1.0,60.0,19.3,69.8,13.1,0.679,0.679,-0.723,787.38,45.0,False,0.02
2026-01-28 14:00:00,2026-01-28,14,Wednesday,False,Suburban_Residential,Clear,0.035,60.0,1.0,60.0,25.0,72.1,17.2,0.686,0.686,-0.653,1029.44,45.0,False,0.02
2026-01-28 15:00:00,2026-01-28,15,Wednesday,False,Suburban_Residential,Clear,0.113,60.0,1.0,60.0,39.6,74.3,27.0,0.6811,0.6811,-0.467,1618.27,45.0,False,0.02
2026-01-28 16:00:00,2026-01-28,16,Wednesday,False,Suburban_Residential,Clear,0.241,60.0,1.017,61.0,68.4,66.5,45.9,0.6707,0.6707,0.028,2797.74,45.75,False,0.02
2026-01-28 17:00:00,2026-01-28,17,Wednesday,False,Suburban_Residential,Clear,0.341,60.0,1.306,78.35,101.9,67.5,50.0,0.4912,0.4912,0.51,3919.7,58.76,False,0.0203
2026-01-28 18:00:00,2026-01-28,18,Wednesday,False,Suburban_Residential,Clear,0.42,60.0,1.469,88.12,136.2,76.5,57.7,0.4234,0.4234,0.781,5081.92,66.09,False,0.0284
2026-01-28 19:00:00,2026-01-28,19,Wednesday,False,Suburban_Residential,Clear,0.427,60.0,1.588,95.25,134.3,67.9,57.2,0.4257,0.4257,0.979,5447.08,71.44,False,0.0344
2026-01-28 20:00:00,2026-01-28,20,Wednesday,False,Suburban_Residential,Clear,0.336,60.0,1.364,81.83,106.3,66.2,51.5,0.484,0.484,0.606,4211.95,61.37,False,0.0232
2026-01-28 21:00:00,2026-01-28,21,Wednesday,False,Suburban_Residential,Clear,0.211,60.0,1.022,61.35,69.3,66.8,47.1,0.6797,0.6797,0.037,2889.11,46.01,False,0.02
2026-01-28 22:00:00,2026-01-28,22,Wednesday,False,Suburban_Residential,Clear,0.11,60.0,1.0,60.0,37.3,61.0,25.3,0.6793,0.6793,-0.388,1520.61,45.0,False,0.02
2026-01-28 23:00:00,2026-01-28,23,Wednesday,False,Suburban_Residential,Clear,0.122,60.0,1.0,60.0,26.4,49.5,17.8,0.6761,0.6761,-0.468,1069.85,45.0,False,0.02
2026-01-29 00:00:00,2026-01-29,0,Thursday,False,Suburban_Residential,Clear,0.075,60.0,1.0,60.0,18.8,41.5,12.6,0.6727,0.6727,-0.548,757.97,45.0,False,0.02
2026-01-29 01:00:00,2026-01-29,1,Thursday,False,Suburban_Residential,Clear,0.069,60.0,1.0,60.0,22.0,41.3,14.9,0.6762,0.6762,-0.468,892.02,45.0,False,0.02
2026-01-29 02:00:00,2026-01-29,2,Thursday,False,Suburban_Residential,Clear,0.1,60.0,1.0,60.0,18.2,40.5,12.0,0.6575,0.6575,-0.55,719.69,45.0,False,0.02
2026-01-29 03:00:00,2026-01-29,3,Thursday,False,Suburban_Residential,Clear,0.081,60.0,1.0,60.0,19.3,48.1,12.9,0.6712,0.6712,-0.599,776.32,45.0,False,0.02
2026-01-29 04:00:00,2026-01-29,4,Thursday,False,Suburban_Residential,Clear,0.078,60.0,1.0,60.0,21.3,52.4,14.6,0.685,0.685,-0.593,875.6,45.0,False,0.02
2026-01-29 05:00:00,2026-01-29,5,Thursday,False,Suburban_Residential,Clear,0.137,60.0,1.0,60.0,30.6,51.7,20.7,0.6765,0.6765,-0.409,1240.15,45.0,False,0.02
2026-01-29 06:00:00,2026-01-29,6,Thursday,False,Suburban_Residential,Clear,0.155,60.0,1.0,60.0,54.0,65.0,36.9,0.6847,0.6847,-0.17,2216.94,45.0,False,0.02
2026-01-29 07:00:00,2026-01-29,7,Thursday,False,Suburban_Residential,Clear,0.304,60.0,1.265,75.9,88.0,61.0,46.1,0.5236,0.5236,0.442,3495.47,56.93,False,0.02
2026-01-29 08:00:00,2026-01-29,8,Thursday,False,Suburban_Residential,Clear,0.322,60.0,1.492,89.55,130.8,71.8,56.9,0.4348,0.4348,0.821,5093.15,67.16,False,0.0296
2026-01-29 09:00:00,2026-01-29,9,Thursday,False,Suburban_Residential,Clear,0.351,60.0,1.397,83.81,109.0,65.6,51.1,0.4686,0.4686,0.661,4280.16,62.86,False,0.0248
2026-01-29 10:00:00,2026-01-29,10,Thursday,False,Suburban_Residential,Clear,0.209,60.0,1.288,77.3,98.2,66.3,50.7,0.5166,0.5166,0.48,3922.66,57.97,False,0.02
2026-01-29 11:00:00,2026-01-29,11,Thursday,False,Suburban_Residential,Clear,0.118,60.0,1.0,60.0,47.1,64.4,32.1,0.683,0.683,-0.269,1928.17,45.0,False,0.02
2026-01-29 12:00:00,2026-01-29,12,Thursday,False,Suburban_Residential,Clear,0.061,60.0,1.0,60.0,29.2,66.1,19.6,0.6716,0.6716,-0.558,1176.27,45.0,False,0.02
2026-01-29 13:00:00,2026-01-29,13,Thursday,False,Suburban_Residential,Clear,0.046,60.0,1.0,60.0,21.8,69.8,15.1,0.6911,0.6911,-0.687,904.75,45.0,False,0.02
2026-01-29 14:00:00,2026-01-29,14,Thursday,False,Suburban_Residential,Clear,0.035,60.0,1.0,60.0,25.7,64.2,16.8,0.654,0.654,-0.6,1007.24,45.0,False,0.02
2026-01-29 15:00:00,2026-01-29,15,Thursday,False,Suburban_Residential,Clear,0.107,60.0,1.0,60.0,36.5,67.5,24.7,0.677,0.677,-0.459,1483.37,45.0,False,0.02
2026-01-29 16:00:00,2026-01-29,16,Thursday,False,Suburban_Residential,Clear,0.204,60.0,1.038,62.28,65.1,61.2,41.7,0.6401,0.6401,0.063,2595.48,46.71,False,0.02
2026-01-29 17:00:00,2026-01-29,17,Thursday,False,Suburban_Residential,Clear,0.381,60.0,1.161,69.66,97.5,76.9,53.5,0.5489,0.5489,0.268,3727.73,52.24,False,0.02
2026-01-29 18:00:00,2026-01-29,18,Thursday,False,Suburban_Residential,Clear,0.433,60.0,1.716,102.96,145.5,66.3,56.4,0.3878,0.3878,1.193,5809.24,77.22,False,0.0408
2026-01-29 19:00:00,2026-01-29,19,Thursday,False,Suburban_Residential,Clear,0.415,60.0,1.522,91.31,145.9,78.0,64.0,0.4388,0.4388,0.87,5846.4,68.48,False,0.0311
2026-01-29 20:00:00,2026-01-29,20,Thursday,False,Suburban_Residential,Clear,0.326,60.0,1.375,82.51,111.0,68.3,52.3,0.4715,0.4715,0.625,4318.39,61.88,False,0.0238
2026-01-29 21:00:00,2026-01-29,21,Thursday,False,Suburban_Residential,Clear,0.203,60.0,1.0,60.0,70.0,70.8,47.3,0.6751,0.6751,-0.011,2835.74,45.0,False,0.02
2026-01-29 22:00:00,2026-01-29,22,Thursday,False,Suburban_Residential,Clear,0.112,60.0,1.0,60.0,37.4,65.3,25.1,0.6709,0.6709,-0.428,1504.34,45.0,False,0.02
2026-01-29 23:00:00,2026-01-29,23,Thursday,False,Suburban_Residential,Clear,0.081,60.0,1.0,60.0,22.7,56.7,15.1,0.6648,0.6648,-0.599,906.19,45.0,False,0.02
2026-01-30 00:00:00,2026-01-30,0,Friday,False,Suburban_Residential,Clear,0.023,60.0,1.0,60.0,17.0,36.9,11.8,0.6917,0.6917,-0.539,705.82,45.0,False,0.02
2026-01-30 01:00:00,2026-01-30,1,Friday,False,Suburban_Residential,Clear,0.02,60.0,1.0,60.0,19.2,44.4,12.9,0.6701,0.6701,-0.567,772.69,45.0,False,0.02
2026-01-30 02:00:00,2026-01-30,2,Friday,False,Suburban_Residential,Clear,0.012,60.0,1.0,60.0,20.8,44.7,13.3,0.6408,0.6408,-0.534,800.32,45.0,False,0.02
2026-01-30 03:00:00,2026-01-30,3,Friday,False,Suburban_Residential,Clear,0.082,60.0,1.0,60.0,18.4,46.9,12.3,0.6718,0.6718,-0.608,740.09,45.0,False,0.02
2026-01-30 04:00:00,2026-01-30,4,Friday,False,Suburban_Residential,Clear,0.073,60.0,1.0,60.0,21.2,50.7,14.1,0.6666,0.6666,-0.582,848.74,45.0,False,0.02
2026-01-30 05:00:00,2026-01-30,5,Friday,False,Suburban_Residential,Clear,0.144,60.0,1.0,60.0,27.8,58.7,19.0,0.6822,0.6822,-0.527,1137.11,45.0,False,0.02
2026-01-30 06:00:00,2026-01-30,6,Friday,False,Suburban_Residential,Clear,0.142,60.0,1.0,60.0,47.4,57.3,31.8,0.6718,0.6718,-0.173,1910.78,45.0,False,0.02
2026-01-30 07:00:00,2026-01-30,7,Friday,False,Suburban_Residential,Clear,0.25,60.0,1.367,82.03,100.1,62.1,48.4,0.4831,0.4831,0.612,3967.89,61.52,False,0.0234
2026-01-30 08:00:00,2026-01-30,8,Friday,False,Suburban_Residential,Clear,0.402,60.0,1.623,97.37,137.1,67.3,53.5,0.3904,0.3904,1.038,5211.34,73.03,False,0.0361
2026-01-30 09:00:00,2026-01-30,9,Friday,False,Suburban_Residential,Clear,0.366,60.0,1.455,87.31,107.5,61.2,48.7,0.4532,0.4532,0.759,4255.46,65.48,False,0.0278
2026-01-30 10:00:00,2026-01-30,10,Friday,False,Suburban_Residential,Clear,0.289,60.0,1.151,69.04,90.9,72.6,55.3,0.6081,0.6081,0.251,3814.79,51.78,False,0.02
2026-01-30 11:00:00,2026-01-30,11,Friday,False,Suburban_Residential,Clear,0.138,60.0,1.0,60.0,50.3,73.7,34.0,0.6748,0.6748,-0.317,2038.65,45.0,False,0.02
2026-01-30 12:00:00,2026-01-30,12,Friday,False,Suburban_Residential,Clear,0.095,60.0,1.0,60.0,27.1,61.2,18.3,0.6744,0.6744,-0.557,1097.08,45.0,False,0.02
2026-01-30 13:00:00,2026-01-30,13,Friday,False,Suburban_Residential,Clear,0.116,60.0,1.0,60.0,21.4,61.7,14.5,0.6777,0.6777,-0.653,870.61,45.0,False,0.02
2026-01-30 14:00:00,2026-01-30,14,Friday,False,Suburban_Residential,Clear,0.081,60.0,1.0,60.0,28.3,66.6,18.8,0.6647,0.6647,-0.575,1129.08,45.0,False,0.02
2026-01-30 15:00:00,2026-01-30,15,Friday,False,Suburban_Residential,Clear,0.104,60.0,1.0,60.0,37.4,71.8,25.5,0.6834,0.6834,-0.48,1532.39,45.0,False,0.02
2026-01-30 16:00:00,2026-01-30,16,Friday,False,Suburban_Residential,Clear,0.204,60.0,1.0,60.0,65.0,68.2,43.8,0.6743,0.6743,-0.046,2630.09,45.0,False,0.02
2026-01-30 17:00:00,2026-01-30,17,Friday,False,Suburban_Residential,Clear,0.37,60.0,1.319,79.16,107.6,70.2,54.2,0.5034,0.5034,0.532,4289.22,59.37,False,0.021
2026-01-30 18:00:00,2026-01-30,18,Friday,False,Suburban_Residential,Clear,0.428,60.0,1.666,99.98,157.5,74.6,63.1,0.4003,0.4003,1.111,6303.95,74.98,False,0.0383
2026-01-30 19:00:00,2026-01-30,19,Friday,False,Suburban_Residential,Clear,0.434,60.0,1.567,94.04,150.9,77.6,62.7,0.4153,0.4153,0.946,5893.27,70.53,False,0.0334
2026-01-30 20:00:00,2026-01-30,20,Friday,False,Suburban_Residential,Clear,0.363,60.0,1.396,83.75,119.5,72.0,56.0,0.4686,0.4686,0.66,4690.96,62.81,False,0.0248
2026-01-30 21:00:00,2026-01-30,21,Friday,False,Suburban_Residential,Clear,0.196,60.0,1.097,65.8,73.9,63.7,43.4,0.5869,0.5869,0.161,2854.85,49.35,False,0.02
2026-01-30 22:00:00,2026-01-30,22,Friday,False,Suburban_Residential,Clear,0.073,60.0,1.0,60.0,40.0,62.1,26.3,0.6578,0.6578,-0.355,1580.18,45.0,False,0.02
2026-01-30 23:00:00,2026-01-30,23,Friday,False,Suburban_Residential,Clear,0.053,60.0,1.0,60.0,24.8,59.3,16.9,0.6818,0.6818,-0.582,1014.51,45.0,False,0.02
2026-01-31 00:00:00,2026-01-31,0,Saturday,True,Suburban_Residential,Clear,0.044,60.0,1.0,60.0,25.7,44.0,17.5,0.6803,0.6803,-0.416,1048.08,45.0,False,0.02
2026-01-31 01:00:00,2026-01-31,1,Saturday,True,Suburban_Residential,Clear,0.036,60.0,1.0,60.0,25.7,45.3,17.1,0.6637,0.6637,-0.431,1025.15,45.0,False,0.02
2026-01-31 02:00:00,2026-01-31,2,Saturday,True,Suburban_Residential,Clear,0.075,60.0,1.0,60.0,26.6,42.5,18.4,0.6929,0.6929,-0.374,1105.51,45.0,False,0.02
2026-01-31 03:00:00,2026-01-31,3,Saturday,True,Suburban_Residential,Clear,0.092,60.0,1.0,60.0,25.2,47.5,16.6,0.659,0.659,-0.471,994.77,45.0,False,0.02
2026-01-31 04:00:00,2026-01-31,4,Saturday,True,Suburban_Residential,Clear,0.064,60.0,1.0,60.0,24.4,42.1,16.1,0.6621,0.6621,-0.421,967.6,45.0,False,0.02
2026-01-31 05:00:00,2026-01-31,5,Saturday,True,Suburban_Residential,Clear,0.071,60.0,1.0,60.0,27.9,47.3,19.5,0.6986,0.6986,-0.409,1171.16,45.0,False,0.02
2026-01-31 06:00:00,2026-01-31,6,Saturday,True,Suburban_Residential,Clear,0.16,60.0,1.0,60.0,27.7,48.7,18.1,0.6558,0.6558,-0.431,1088.65,45.0,False,0.02
2026-01-31 07:00:00,2026-01-31,7,Saturday,True,Suburban_Residential,Clear,0.19,60.0,1.0,60.0,31.3,49.6,20.7,0.6597,0.6597,-0.369,1240.08,45.0,False,0.02
2026-01-31 08:00:00,2026-01-31,8,Saturday,True,Suburban_Residential,Clear,0.152,60.0,1.0,60.0,35.3,52.9,23.0,0.6525,0.6525,-0.333,1380.24,45.0,False,0.02
2026-01-31 09:00:00,2026-01-31,9,Saturday,True,Suburban_Residential,Clear,0.144,60.0,1.0,60.0,51.2,59.9,34.8,0.6807,0.6807,-0.145,2090.45,45.0,False,0.02
2026-01-31 10:00:00,2026-01-31,10,Saturday,True,Suburban_Residential,Clear,0.212,60.0,1.037,62.23,67.3,63.4,43.0,0.6381,0.6381,0.062,2674.32,46.67,False,0.02
2026-01-31 11:00:00,2026-01-31,11,Saturday,True,Suburban_Residential,Clear,0.292,60.0,1.345,80.69,97.3,61.8,46.9,0.4815,0.4815,0.575,3781.59,60.52,False,0.0222
2026-01-31 12:00:00,2026-01-31,12,Saturday,True,Suburban_Residential,Clear,0.322,60.0,1.252,75.13,97.2,68.4,51.3,0.528,0.528,0.42,3856.01,56.35,False,0.02
2026-01-31 13:00:00,2026-01-31,13,Saturday,True,Suburban_Residential,Clear,0.331,60.0,1.464,87.85,112.7,63.6,50.7,0.4494,0.4494,0.774,4450.96,65.89,False,0.0282
2026-01-31 14:00:00,2026-01-31,14,Saturday,True,Suburban_Residential,Clear,0.299,60.0,1.516,90.97,115.4,62.1,50.2,0.4345,0.4345,0.86,4563.19,68.23,False,0.0308
2026-01-31 15:00:00,2026-01-31,15,Saturday,True,Suburban_Residential,Clear,0.293,60.0,1.212,72.72,94.9,70.1,52.1,0.5491,0.5491,0.353,3789.88,54.54,False,0.02
2026-01-31 16:00:00,2026-01-31,16,Saturday,True,Suburban_Residential,Clear,0.239,60.0,1.233,74.0,101.2,72.8,54.0,0.5333,0.5333,0.389,3992.57,55.5,False,0.02
2026-01-31 17:00:00,2026-01-31,17,Saturday,True,Suburban_Residential,Clear,0.218,60.0,1.0,60.0,71.9,73.8,48.2,0.6706,0.6706,-0.025,2894.34,45.0,False,0.02
2026-01-31 18:00:00,2026-01-31,18,Saturday,True,Suburban_Residential,Clear,0.199,60.0,1.0,60.0,66.8,72.5,44.6,0.6672,0.6672,-0.079,2673.52,45.0,False,0.02
2026-01-31 19:00:00,2026-01-31,19,Saturday,True,Suburban_Residential,Clear,0.189,60.0,1.0,60.0,61.4,70.1,41.0,0.668,0.668,-0.124,2459.68,45.0,False,0.02
2026-01-31 20:00:00,2026-01-31,20,Saturday,True,Suburban_Residential,Clear,0.27,60.0,1.301,78.04,88.9,59.2,44.5,0.5004,0.5004,0.501,3472.05,58.53,False,0.02
2026-01-31 21:00:00,2026-01-31,21,Saturday,True,Suburban_Residential,Clear,0.326,60.0,1.362,81.72,93.9,58.6,44.2,0.471,0.471,0.603,3614.28,61.29,False,0.0231
2026-01-31 22:00:00,2026-01-31,22,Saturday,True,Suburban_Residential,Clear,0.348,60.0,1.678,100.7,110.7,52.0,43.4,0.3924,0.3924,1.131,4373.83,75.53,False,0.0389
2026-01-31 23:00:00,2026-01-31,23,Saturday,True,Suburban_Residential,Clear,0.372,60.0,1.863,111.78,124.4,51.0,43.6,0.3508,0.3508,1.438,4875.99,83.84,False,0.0481
2026-02-01 00:00:00,2026-02-01,0,Sunday,True,Suburban_Residential,Fog,0.291,60.0,1.0,60.0,27.6,46.5,16.7,0.6061,0.6061,-0.406,1004.23,45.0,False,0.02
2026-02-01 01:00:00,2026-02-01,1,Sunday,True,Suburban_Residential,Fog,0.28,60.0,1.0,60.0,23.7,41.8,14.7,0.6192,0.6192,-0.434,879.33,45.0,False,0.02
2026-02-01 02:00:00,2026-02-01,2,Sunday,True,Suburban_Residential,Fog,0.278,60.0,1.0,60.0,26.6,43.1,16.6,0.6239,0.6239,-0.382,997.43,45.0,False,0.02
2026-02-01 03:00:00,2026-02-01,3,Sunday,True,Suburban_Residential,Fog,0.313,60.0,1.0,60.0,31.6,43.7,19.0,0.6036,0.6036,-0.277,1142.84,45.0,False,0.02
2026-02-01 04:00:00,2026-02-01,4,Sunday,True,Suburban_Residential,Fog,0.298,60.0,1.0,60.0,29.3,46.5,18.1,0.6176,0.6176,-0.37,1084.41,45.0,False,0.02
2026-02-01 05:00:00,2026-02-01,5,Sunday,True,Suburban_Residential,Fog,0.255,60.0,1.0,60.0,31.7,47.2,19.0,0.5992,0.5992,-0.329,1138.69,45.0,False,0.02
2026-02-01 06:00:00,2026-02-01,6,Sunday,True,Suburban_Residential,Fog,0.299,60.0,1.0,60.0,28.7,52.4,17.9,0.6233,0.6233,-0.453,1071.73,45.0,False,0.02
2026-02-01 07:00:00,2026-02-01,7,Sunday,True,Suburban_Residential,Fog,0.349,60.0,1.0,60.0,34.6,50.7,21.3,0.6148,0.6148,-0.318,1275.09,45.0,False,0.02
2026-02-01 08:00:00,2026-02-01,8,Sunday,True,Suburban_Residential,Fog,0.331,60.0,1.0,60.0,52.7,54.9,32.0,0.6085,0.6085,-0.041,1922.48,45.0,False,0.02
2026-02-01 09:00:00,2026-02-01,9,Sunday,True,Suburban_Residential,Fog,0.338,60.0,1.0,60.0,52.0,56.7,32.4,0.6241,0.6241,-0.083,1946.44,45.0,False,0.02
2026-02-01 10:00:00,2026-02-01,10,Sunday,True,Suburban_Residential,Fog,0.38,60.0,1.419,85.15,84.2,49.6,35.8,0.4253,0.4253,0.699,3048.85,63.86,False,0.026
2026-02-01 11:00:00,2026-02-01,11,Sunday,True,Suburban_Residential,Fog,0.478,60.0,1.265,75.9,94.7,65.7,44.1,0.4658,0.4658,0.442,3348.96,56.93,False,0.02
2026-02-01 12:00:00,2026-02-01,12,Sunday,True,Suburban_Residential,Fog,0.48,60.0,1.271,76.27,104.2,71.7,51.3,0.4928,0.4928,0.452,3915.21,57.2,False,0.02
2026-02-01 13:00:00,2026-02-01,13,Sunday,True,Suburban_Residential,Fog,0.54,60.0,1.498,89.88,130.3,71.2,53.1,0.408,0.408,0.83,4776.57,67.41,False,0.0299
2026-02-01 14:00:00,2026-02-01,14,Sunday,True,Suburban_Residential,Fog,0.5,60.0,1.59,95.43,127.1,64.0,46.7,0.3675,0.3675,0.984,4456.6,71.57,False,0.0345
2026-02-01 15:00:00,2026-02-01,15,Sunday,True,Suburban_Residential,Fog,0.522,60.0,1.512,90.7,132.7,71.6,53.6,0.404,0.404,0.853,4861.27,68.03,False,0.0306
2026-02-01 16:00:00,2026-02-01,16,Sunday,True,Suburban_Residential,Fog,0.472,60.0,1.329,79.77,103.6,66.9,45.4,0.4379,0.4379,0.549,3619.69,59.83,False,0.0215
2026-02-01 17:00:00,2026-02-01,17,Sunday,True,Suburban_Residential,Fog,0.463,60.0,1.098,65.9,76.1,65.4,43.3,0.569,0.569,0.164,2852.05,49.43,False,0.02
2026-02-01 18:00:00,2026-02-01,18,Sunday,True,Suburban_Residential,Fog,0.421,60.0,1.031,61.89,75.4,71.6,44.5,0.59,0.59,0.052,2753.5,46.42,False,0.02
2026-02-01 19:00:00,2026-02-01,19,Sunday,True,Suburban_Residential,Fog,0.382,60.0,1.19,71.42,74.9,56.9,38.2,0.5105,0.5105,0.317,2730.14,53.56,False,0.02
2026-02-01 20:00:00,2026-02-01,20,Sunday,True,Suburban_Residential,Fog,0.454,60.0,1.246,74.74,90.6,64.3,43.2,0.4767,0.4767,0.409,3229.65,56.05,False,0.02
2026-02-01 21:00:00,2026-02-01,21,Sunday,True,Suburban_Residential,Fog,0.493,60.0,1.698,101.88,117.1,54.1,41.5,0.3539,0.3539,1.163,4223.47,76.41,False,0.0399
2026-02-01 22:00:00,2026-02-01,22,Sunday,True,Suburban_Residential,Fog,0.574,60.0,1.893,113.59,131.5,52.9,42.4,0.3222,0.3222,1.488,4814.82,85.19,False,0.0497
2026-02-01 23:00:00,2026-02-01,23,Sunday,True,Suburban_Residential,Fog,0.504,60.0,2.025,121.52,144.2,53.2,42.3,0.2934,0.2934,1.709,5139.83,91.14,False,0.0563
2026-02-02 00:00:00,2026-02-02,0,Monday,False,Suburban_Residential,Clear,0.085,60.0,1.0,60.0,19.8,38.9,13.5,0.6831,0.6831,-0.49,812.93,45.0,False,0.02
2026-02-02 01:00:00,2026-02-02,1,Monday,False,Suburban_Residential,Clear,0.063,60.0,1.0,60.0,19.4,42.2,12.8,0.6581,0.6581,-0.541,765.19,45.0,False,0.02
2026-02-02 02:00:00,2026-02-02,2,Monday,False,Suburban_Residential,Clear,0.076,60.0,1.0,60.0,20.7,44.9,13.8,0.6643,0.6643,-0.539,825.18,45.0,False,0.02
2026-02-02 03:00:00,2026-02-02,3,Monday,False,Suburban_Residential,Clear,0.067,60.0,1.0,60.0,17.0,45.8,11.5,0.6757,0.6757,-0.63,687.93,45.0,False,0.02
2026-02-02 04:00:00,2026-02-02,4,Monday,False,Suburban_Residential,Clear,0.076,60.0,1.0,60.0,22.1,46.9,14.6,0.6601,0.6601,-0.528,875.76,45.0,False,0.02
2026-02-02 05:00:00,2026-02-02,5,Monday,False,Suburban_Residential,Clear,0.116,60.0,1.0,60.0,30.3,51.1,19.8,0.6519,0.6519,-0.407,1186.46,45.0,False,0.02
2026-02-02 06:00:00,2026-02-02,6,Monday,False,Suburban_Residential,Clear,0.175,60.0,1.0,60.0,53.3,57.7,35.8,0.6717,0.6717,-0.076,2147.4,45.0,False,0.02
2026-02-02 07:00:00,2026-02-02,7,Monday,False,Suburban_Residential,Clear,0.222,60.0,1.324,79.42,90.0,58.4,43.9,0.4879,0.4879,0.54,3486.4,59.56,False,0.0212
2026-02-02 08:00:00,2026-02-02,8,Monday,False,Suburban_Residential,Clear,0.359,60.0,1.47,88.22,118.3,66.3,52.3,0.442,0.442,0.784,4612.39,66.16,False,0.0285
2026-02-02 09:00:00,2026-02-02,9,Monday,False,Suburban_Residential,Clear,0.395,60.0,1.51,90.6,120.5,65.2,50.5,0.419,0.419,0.85,4575.7,67.95,False,0.0305
2026-02-02 10:00:00,2026-02-02,10,Monday,False,Suburban_Residential,Clear,0.286,60.0,1.1,65.97,80.4,69.0,49.2,0.6114,0.6114,0.166,3244.01,49.48,False,0.02
2026-02-02 11:00:00,2026-02-02,11,Monday,False,Suburban_Residential,Clear,0.084,60.0,1.0,60.0,54.2,68.4,35.9,0.6623,0.6623,-0.207,2155.34,45.0,False,0.02
2026-02-02 12:00:00,2026-02-02,12,Monday,False,Suburban_Residential,Clear,0.073,60.0,1.0,60.0,26.8,63.6,18.1,0.6744,0.6744,-0.578,1085.03,45.0,False,0.02
2026-02-02 13:00:00,2026-02-02,13,Monday,False,Suburban_Residential,Clear,0.136,60.0,1.0,60.0,23.1,68.2,15.3,0.6616,0.6616,-0.661,917.22,45.0,False,0.02
2026-02-02 14:00:00,2026-02-02,14,Monday,False,Suburban_Residential,Clear,0.057,60.0,1.0,60.0,24.2,67.9,16.0,0.6629,0.6629,-0.644,960.95,45.0,False,0.02
2026-02-02 15:00:00,2026-02-02,15,Monday,False,Suburban_Residential,Clear,0.133,60.0,1.0,60.0,36.6,64.8,23.8,0.6512,0.6512,-0.435,1428.82,45.0,False,0.02
2026-02-02 16:00:00,2026-02-02,16,Monday,False,Suburban_Residential,Clear,0.253,60.0,1.0,60.0,53.5,73.1,35.5,0.6641,0.6641,-0.269,2130.06,45.0,False,0.02
2026-02-02 17:00:00,2026-02-02,17,Monday,False,Suburban_Residential,Clear,0.359,60.0,1.258,75.51,98.4,68.8,51.8,0.5262,0.5262,0.431,3910.16,56.63,False,0.02
2026-02-02 18:00:00,2026-02-02,18,Monday,False,Suburban_Residential,Clear,0.426,60.0,1.491,89.47,133.5,73.4,59.2,0.4434,0.4434,0.819,5294.57,67.1,False,0.0296
2026-02-02 19:00:00,2026-02-02,19,Monday,False,Suburban_Residential,Clear,0.426,60.0,1.548,92.89,131.9,68.9,57.0,0.4321,0.4321,0.914,5295.04,69.67,False,0.0324
2026-02-02 20:00:00,2026-02-02,20,Monday,False,Suburban_Residential,Clear,0.347,60.0,1.45,86.98,116.1,66.4,52.4,0.4511,0.4511,0.749,4555.16,65.23,False,0.0275
2026-02-02 21:00:00,2026-02-02,21,Monday,False,Suburban_Residential,Clear,0.254,60.0,1.003,60.21,62.5,62.1,42.7,0.6832,0.6832,0.006,2571.0,45.16,False,0.02
2026-02-02 22:00:00,2026-02-02,22,Monday,False,Suburban_Residential,Clear,0.084,60.0,1.0,60.0,40.6,60.5,27.8,0.684,0.684,-0.33,1665.1,45.0,False,0.02
2026-02-02 23:00:00,2026-02-02,23,Monday,False,Suburban_Residential,Clear,0.089,60.0,1.0,60.0,24.2,58.4,16.2,0.6706,0.6706,-0.586,973.07,45.0,False,0.02
2026-02-03 00:00:00,2026-02-03,0,Tuesday,False,Suburban_Residential,Clear,0.106,60.0,1.0,60.0,19.0,40.0,13.1,0.6904,0.6904,-0.526,786.21,45.0,False,0.02
2026-02-03 01:00:00,2026-02-03,1,Tuesday,False,Suburban_Residential,Clear,0.056,60.0,1.0,60.0,16.6,41.9,11.5,0.6914,0.6914,-0.604,688.89,45.0,False,0.02
2026-02-03 02:00:00,2026-02-03,2,Tuesday,False,Suburban_Residential,Clear,0.069,60.0,1.0,60.0,17.7,43.3,11.8,0.6655,0.6655,-0.59,708.28,45.0,False,0.02
2026-02-03 03:00:00,2026-02-03,3,Tuesday,False,Suburban_Residential,Clear,0.075,60.0,1.0,60.0,21.6,46.8,14.9,0.6892,0.6892,-0.538,893.26,45.0,False,0.02
2026-02-03 04:00:00,2026-02-03,4,Tuesday,False,Suburban_Residential,Clear,0.061,60.0,1.0,60.0,22.1,54.3,14.5,0.6531,0.6531,-0.592,867.55,45.0,False,0.02
2026-02-03 05:00:00,2026-02-03,5,Tuesday,False,Suburban_Residential,Clear,0.11,60.0,1.0,60.0,27.9,59.0,18.7,0.6701,0.6701,-0.527,1120.97,45.0,False,0.02
2026-02-03 06:00:00,2026-02-03,6,Tuesday,False,Suburban_Residential,Clear,0.141,60.0,1.0,60.0,48.4,64.3,32.8,0.6772,0.6772,-0.247,1966.67,45.0,False,0.02
2026-02-03 07:00:00,2026-02-03,7,Tuesday,False,Suburban_Residential,Clear,0.287,60.0,1.264,75.81,89.6,62.3,47.7,0.5319,0.5319,0.439,3613.62,56.86,False,0.02
2026-02-03 08:00:00,2026-02-03,8,Tuesday,False,Suburban_Residential,Clear,0.355,60.0,1.337,80.23,101.3,64.8,49.2,0.486,0.486,0.562,3948.52,60.17,False,0.0219
2026-02-03 09:00:00,2026-02-03,9,Tuesday,False,Suburban_Residential,Clear,0.379,60.0,1.538,92.25,125.8,66.3,52.7,0.419,0.419,0.896,4861.17,69.19,False,0.0319
2026-02-03 10:00:00,2026-02-03,10,Tuesday,False,Suburban_Residential,Clear,0.304,60.0,1.281,76.84,96.1,65.5,49.7,0.5174,0.5174,0.468,3822.2,57.63,False,0.02
2026-02-03 11:00:00,2026-02-03,11,Tuesday,False,Suburban_Residential,Clear,0.111,60.0,1.0,60.0,45.8,68.7,30.1,0.6579,0.6579,-0.333,1807.32,45.0,False,0.02
2026-02-03 12:00:00,2026-02-03,12,Tuesday,False,Suburban_Residential,Clear,0.055,60.0,1.0,60.0,26.9,70.5,18.8,0.6998,0.6998,-0.618,1130.43,45.0,False,0.02
2026-02-03 13:00:00,2026-02-03,13,Tuesday,False,Suburban_Residential,Clear,0.053,60.0,1.0,60.0,21.2,68.9,14.5,0.6825,0.6825,-0.692,869.8,45.0,False,0.02
2026-02-03 14:00:00,2026-02-03,14,Tuesday,False,Suburban_Residential,Clear,0.083,60.0,1.0,60.0,29.7,61.7,19.8,0.6691,0.6691,-0.52,1190.96,45.0,False,0.02
2026-02-03 15:00:00,2026-02-03,15,Tuesday,False,Suburban_Residential,Clear,0.14,60.0,1.0,60.0,43.1,76.5,28.4,0.6593,0.6593,-0.437,1704.09,45.0,False,0.02
2026-02-03 16:00:00,2026-02-03,16,Tuesday,False,Suburban_Residential,Clear,0.227,60.0,1.0,60.0,66.2,70.6,44.4,0.6713,0.6713,-0.062,2666.47,45.0,False,0.02
2026-02-03 17:00:00,2026-02-03,17,Tuesday,False,Suburban_Residential,Clear,0.371,60.0,1.241,74.46,97.6,69.6,52.3,0.5359,0.5359,0.402,3894.74,55.84,False,0.02
2026-02-03 18:00:00,2026-02-03,18,Tuesday,False,Suburban_Residential,Clear,0.367,60.0,1.568,94.09,140.2,72.0,59.0,0.4209,0.4209,0.947,5553.87,70.57,False,0.0334
2026-02-03 19:00:00,2026-02-03,19,Tuesday,False,Suburban_Residential,Clear,0.435,60.0,1.538,92.25,133.7,70.5,56.6,0.4231,0.4231,0.896,5219.57,69.19,False,0.0319
2026-02-03 20:00:00,2026-02-03,20,Tuesday,False,Suburban_Residential,Clear,0.346,60.0,1.237,74.22,95.3,68.3,51.9,0.5446,0.5446,0.395,3852.69,55.66,False,0.02
2026-02-03 21:00:00,2026-02-03,21,Tuesday,False,Suburban_Residential,Clear,0.204,60.0,1.017,61.04,69.6,67.7,46.9,0.674,0.674,0.029,2865.18,45.78,False,0.02
2026-02-03 22:00:00,2026-02-03,22,Tuesday,False,Suburban_Residential,Clear,0.076,60.0,1.0,60.0,35.9,64.4,24.5,0.6817,0.6817,-0.443,1467.48,45.0,False,0.02
2026-02-03 23:00:00,2026-02-03,23,Tuesday,False,Suburban_Residential,Clear,0.074,60.0,1.0,60.0,24.7,58.7,16.7,0.678,0.678,-0.58,1002.97,45.0,False,0.02
2026-02-04 00:00:00,2026-02-04,0,Wednesday,False,Suburban_Residential,Clear,0.104,60.0,1.0,60.0,21.6,39.0,14.3,0.661,0.661,-0.447,855.46,45.0,False,0.02
2026-02-04 01:00:00,2026-02-04,1,Wednesday,False,Suburban_Residential,Clear,0.088,60.0,1.0,60.0,16.5,38.2,11.4,0.691,0.691,-0.568,685.12,45.0,False,0.02
2026-02-04 02:00:00,2026-02-04,2,Wednesday,False,Suburban_Residential,Clear,0.093,60.0,1.0,60.0,20.0,44.9,13.3,0.6673,0.6673,-0.555,799.88,45.0,False,0.02
2026-02-04 03:00:00,2026-02-04,3,Wednesday,False,Suburban_Residential,Clear,0.081,60.0,1.0,60.0,17.6,47.7,11.7,0.6643,0.6643,-0.632,700.6,45.0,False,0.02
2026-02-04 04:00:00,2026-02-04,4,Wednesday,False,Suburban_Residential,Clear,0.049,60.0,1.0,60.0,21.9,52.0,14.4,0.6582,0.6582,-0.579,863.95,45.0,False,0.02
2026-02-04 05:00:00,2026-02-04,5,Wednesday,False,Suburban_Residential,Clear,0.058,60.0,1.0,60.0,26.3,59.4,17.9,0.6795,0.6795,-0.556,1074.08,45.0,False,0.02
2026-02-04 06:00:00,2026-02-04,6,Wednesday,False,Suburban_Residential,Clear,0.19,60.0,1.0,60.0,43.6,55.2,28.7,0.6587,0.6587,-0.211,1721.2,45.0,False,0.02
2026-02-04 07:00:00,2026-02-04,7,Wednesday,False,Suburban_Residential,Clear,0.263,60.0,1.157,69.43,72.5,57.5,41.2,0.5675,0.5675,0.262,2858.46,52.07,False,0.02
2026-02-04 08:00:00,2026-02-04,8,Wednesday,False,Suburban_Residential,Clear,0.321,60.0,1.663,99.76,128.5,61.1,50.0,0.3894,0.3894,1.104,4990.83,74.82,False,0.0381
2026-02-04 09:00:00,2026-02-04,9,Wednesday,False,Suburban_Residential,Clear,0.299,60.0,1.374,82.43,115.9,71.4,55.0,0.4748,0.4748,0.623,4535.2,61.82,False,0.0237
2026-02-04 10:00:00,2026-02-04,10,Wednesday,False,Suburban_Residential,Clear,0.255,60.0,1.09,65.4,77.7,67.5,47.4,0.6101,0.6101,0.15,3098.59,49.05,False,0.02
2026-02-04 11:00:00,2026-02-04,11,Wednesday,False,Suburban_Residential,Clear,0.12,60.0,1.0,60.0,43.3,65.2,28.9,0.6685,0.6685,-0.337,1735.61,45.0,False,0.02
2026-02-04 12:00:00,2026-02-04,12,Wednesday,False,Suburban_Residential,Clear,0.054,60.0,1.0,60.0,26.7,64.5,18.1,0.6765,0.6765,-0.586,1084.1,45.0,False,0.02
2026-02-04 13:00:00,2026-02-04,13,Wednesday,False,Suburban_Residential,Clear,0.052,60.0,1.0,60.0,24.4,67.6,15.3,0.627,0.627,-0.639,918.19,45.0,False,0.02
2026-02-04 14:00:00,2026-02-04,14,Wednesday,False,Suburban_Residential,Clear,0.094,60.0,1.0,60.0,26.9,59.6,18.5,0.6867,0.6867,-0.549,1107.53,45.0,False,0.02
2026-02-04 15:00:00,2026-02-04,15,Wednesday,False,Suburban_Residential,Clear,0.145,60.0,1.0,60.0,42.5,69.6,28.7,0.6743,0.6743,-0.389,1720.65,45.0,False,0.02
2026-02-04 16:00:00,2026-02-04,16,Wednesday,False,Suburban_Residential,Clear,0.164,60.0,1.0,60.0,66.7,71.9,45.4,0.6798,0.6798,-0.072,2721.6,45.0,False,0.02
2026-02-04 17:00:00,2026-02-04,17,Wednesday,False,Suburban_Residential,Clear,0.323,60.0,1.429,85.72,117.2,68.4,53.6,0.4576,0.4576,0.714,4597.69,64.29,False,0.0264
2026-02-04 18:00:00,2026-02-04,18,Wednesday,False,Suburban_Residential,Clear,0.423,60.0,1.759,105.56,155.9,68.8,56.7,0.364,0.364,1.266,5989.75,79.17,False,0.043
2026-02-04 19:00:00,2026-02-04,19,Wednesday,False,Suburban_Residential,Clear,0.474,60.0,1.62,97.17,158.3,77.9,65.7,0.4151,0.4151,1.033,6385.05,72.88,False,0.036
2026-02-04 20:00:00,2026-02-04,20,Wednesday,False,Suburban_Residential,Clear,0.313,60.0,1.474,88.46,121.1,67.7,52.5,0.4333,0.4333,0.79,4643.87,66.34,False,0.0287
2026-02-04 21:00:00,2026-02-04,21,Wednesday,False,Suburban_Residential,Clear,0.196,60.0,1.0,60.0,65.0,67.4,43.8,0.6737,0.6737,-0.036,2628.49,45.0,False,0.02
2026-02-04 22:00:00,2026-02-04,22,Wednesday,False,Suburban_Residential,Clear,0.084,60.0,1.0,60.0,41.0,64.1,27.4,0.6674,0.6674,-0.361,1641.77,45.0,False,0.02
2026-02-04 23:00:00,2026-02-04,23,Wednesday,False,Suburban_Residential,Clear,0.089,60.0,1.0,60.0,25.8,55.1,17.2,0.6663,0.6663,-0.531,1032.98,45.0,False,0.02
2026-02-05 00:00:00,2026-02-05,0,Thursday,False,Suburban_Residential,Clear,0.088,60.0,1.0,60.0,21.1,39.2,13.9,0.6607,0.6607,-0.462,836.55,45.0,False,0.02
2026-02-05 01:00:00,2026-02-05,1,Thursday,False,Suburban_Residential,Clear,0.038,60.0,1.0,60.0,19.2,39.4,12.5,0.6522,0.6522,-0.514,750.15,45.0,False,0.02
2026-02-05 02:00:00,2026-02-05,2,Thursday,False,Suburban_Residential,Clear,0.082,60.0,1.0,60.0,18.0,40.8,12.0,0.6689,0.6689,-0.559,722.07,45.0,False,0.02
2026-02-05 03:00:00,2026-02-05,3,Thursday,False,Suburban_Residential,Clear,0.021,60.0,1.0,60.0,19.5,43.7,13.0,0.6663,0.6663,-0.553,780.98,45.0,False,0.02
2026-02-05 04:00:00,2026-02-05,4,Thursday,False,Suburban_Residential,Clear,0.101,60.0,1.0,60.0,20.1,47.7,13.6,0.6791,0.6791,-0.579,818.27,45.0,False,0.02
2026-02-05 05:00:00,2026-02-05,5,Thursday,False,Suburban_Residential,Clear,0.124,60.0,1.0,60.0,28.4,58.1,19.0,0.6682,0.6682,-0.512,1138.4,45.0,False,0.02
2026-02-05 06:00:00,2026-02-05,6,Thursday,False,Suburban_Residential,Clear,0.104,60.0,1.0,60.0,54.4,62.6,36.7,0.6751,0.6751,-0.131,2202.12,45.0,False,0.02
2026-02-05 07:00:00,2026-02-05,7,Thursday,False,Suburban_Residential,Clear,0.232,60.0,1.201,72.09,81.5,61.0,44.5,0.546,0.546,0.336,3206.07,54.07,False,0.02
2026-02-05 08:00:00,2026-02-05,8,Thursday,False,Suburban_Residential,Clear,0.385,60.0,1.532,91.92,129.5,68.6,55.3,0.4269,0.4269,0.887,5080.66,68.94,False,0.0316
2026-02-05 09:00:00,2026-02-05,9,Thursday,False,Suburban_Residential,Clear,0.376,60.0,1.359,81.54,108.8,68.1,51.4,0.4724,0.4724,0.598,4190.08,61.16,False,0.0229
2026-02-05 10:00:00,2026-02-05,10,Thursday,False,Suburban_Residential,Clear,0.25,60.0,1.16,69.58,81.9,64.7,44.6,0.544,0.544,0.266,3100.49,52.19,False,0.02
2026-02-05 11:00:00,2026-02-05,11,Thursday,False,Suburban_Residential,Clear,0.176,60.0,1.0,60.0,50.7,64.4,33.8,0.6669,0.6669,-0.213,2028.49,45.0,False,0.02
2026-02-05 12:00:00,2026-02-05,12,Thursday,False,Suburban_Residential,Clear,0.064,60.0,1.0,60.0,33.4,67.4,22.2,0.6638,0.6638,-0.504,1330.61,45.0,False,0.02
2026-02-05 13:00:00,2026-02-05,13,Thursday,False,Suburban_Residential,Clear,0.05,60.0,1.0,60.0,23.3,65.9,15.9,0.6841,0.6841,-0.647,954.64,45.0,False,0.02
2026-02-05 14:00:00,2026-02-05,14,Thursday,False,Suburban_Residential,Clear,0.1,60.0,1.0,60.0,25.4,67.5,16.6,0.6536,0.6536,-0.624,995.3,45.0,False,0.02
2026-02-05 15:00:00,2026-02-05,15,Thursday,False,Suburban_Residential,Clear,0.129,60.0,1.0,60.0,40.2,67.8,27.2,0.6769,0.6769,-0.408,1631.73,45.0,False,0.02
2026-02-05 16:00:00,2026-02-05,16,Thursday,False,Suburban_Residential,Clear,0.175,60.0,1.0,60.0,66.9,72.5,44.8,0.6705,0.6705,-0.078,2690.76,45.0,False,0.02
2026-02-05 17:00:00,2026-02-05,17,Thursday,False,Suburban_Residential,Clear,0.333,60.0,1.326,79.58,107.1,69.3,52.8,0.4934,0.4934,0.544,4203.77,59.69,False,0.0213
2026-02-05 18:00:00,2026-02-05,18,Thursday,False,Suburban_Residential,Clear,0.403,60.0,1.593,95.6,142.4,71.6,59.8,0.4196,0.4196,0.989,5713.98,71.7,False,0.0347
2026-02-05 19:00:00,2026-02-05,19,Thursday,False,Suburban_Residential,Clear,0.377,60.0,1.437,86.23,126.5,73.2,56.8,0.4491,0.4491,0.729,4898.25,64.67,False,0.0269
2026-02-05 20:00:00,2026-02-05,20,Thursday,False,Suburban_Residential,Clear,0.34,60.0,1.375,82.49,109.0,67.1,51.9,0.4763,0.4763,0.625,4284.35,61.87,False,0.0237
2026-02-05 21:00:00,2026-02-05,21,Thursday,False,Suburban_Residential,Clear,0.226,60.0,1.032,61.93,72.3,68.6,47.1,0.6515,0.6515,0.054,2917.91,46.45,False,0.02
2026-02-05 22:00:00,2026-02-05,22,Thursday,False,Suburban_Residential,Clear,0.09,60.0,1.0,60.0,37.7,68.0,24.6,0.6532,0.6532,-0.446,1478.21,45.0,False,0.02
2026-02-05 23:00:00,2026-02-05,23,Thursday,False,Suburban_Residential,Clear,0.117,60.0,1.0,60.0,20.3,58.3,13.4,0.6622,0.6622,-0.652,806.64,45.0,False,0.02
2026-02-06 00:00:00,2026-02-06,0,Friday,False,Suburban_Residential,Clear,0.087,60.0,1.0,60.0,19.3,40.7,13.1,0.6756,0.6756,-0.525,783.64,45.0,False,0.02
2026-02-06 01:00:00,2026-02-06,1,Friday,False,Suburban_Residential,Clear,0.07,60.0,1.0,60.0,20.1,37.3,13.4,0.6665,0.6665,-0.46,804.94,45.0,False,0.02
2026-02-06 02:00:00,2026-02-06,2,Friday,False,Suburban_Residential,Clear,0.038,60.0,1.0,60.0,18.3,45.7,12.4,0.6774,0.6774,-0.599,744.23,45.0,False,0.02
2026-02-06 03:00:00,2026-02-06,3,Friday,False,Suburban_Residential,Clear,0.025,60.0,1.0,60.0,19.8,42.5,13.4,0.6765,0.6765,-0.533,804.96,45.0,False,0.02
2026-02-06 04:00:00,2026-02-06,4,Friday,False,Suburban_Residential,Clear,0.107,60.0,1.0,60.0,18.3,48.4,12.4,0.6771,0.6771,-0.622,743.55,45.0,False,0.02
2026-02-06 05:00:00,2026-02-06,5,Friday,False,Suburban_Residential,Clear,0.048,60.0,1.0,60.0,34.0,51.9,22.1,0.6509,0.6509,-0.346,1326.37,45.0,False,0.02
2026-02-06 06:00:00,2026-02-06,6,Friday,False,Suburban_Residential,Clear,0.153,60.0,1.0,60.0,46.7,57.1,31.9,0.6826,0.6826,-0.182,1913.77,45.0,False,0.02
2026-02-06 07:00:00,2026-02-06,7,Friday,False,Suburban_Residential,Clear,0.245,60.0,1.175,70.52,85.0,65.8,48.3,0.5679,0.5679,0.292,3404.45,52.89,False,0.02
2026-02-06 08:00:00,2026-02-06,8,Friday,False,Suburban_Residential,Clear,0.351,60.0,1.456,87.38,103.3,58.7,47.8,0.4621,0.4621,0.761,4172.74,65.53,False,0.0278
2026-02-06 09:00:00,2026-02-06,9,Friday,False,Suburban_Residential,Clear,0.354,60.0,1.265,75.87,101.8,70.7,51.9,0.5101,0.5101,0.441,3940.89,56.9,False,0.02
2026-02-06 10:00:00,2026-02-06,10,Friday,False,Suburban_Residential,Clear,0.221,60.0,1.254,75.26,90.5,63.5,46.4,0.5124,0.5124,0.424,3488.44,56.45,False,0.02
2026-02-06 11:00:00,2026-02-06,11,Friday,False,Suburban_Residential,Clear,0.182,60.0,1.0,60.0,54.3,65.2,36.8,0.6775,0.6775,-0.167,2207.78,45.0,False,0.02
2026-02-06 12:00:00,2026-02-06,12,Friday,False,Suburban_Residential,Clear,0.14,60.0,1.0,60.0,30.0,65.0,19.8,0.6625,0.6625,-0.539,1190.6,45.0,False,0.02
2026-02-06 13:00:00,2026-02-06,13,Friday,False,Suburban_Residential,Clear,0.105,60.0,1.0,60.0,23.4,58.5,15.5,0.6624,0.6624,-0.6,930.02,45.0,False,0.02
2026-02-06 14:00:00,2026-02-06,14,Friday,False,Suburban_Residential,Clear,0.053,60.0,1.0,60.0,30.4,64.9,20.8,0.6832,0.6832,-0.531,1247.49,45.0,False,0.02
2026-02-06 15:00:00,2026-02-06,15,Friday,False,Suburban_Residential,Clear,0.124,60.0,1.0,60.0,44.7,69.4,30.8,0.6892,0.6892,-0.356,1848.55,45.0,False,0.02
2026-02-06 16:00:00,2026-02-06,16,Friday,False,Suburban_Residential,Clear,0.205,60.0,1.0,60.0,65.7,72.3,44.1,0.6709,0.6709,-0.092,2644.89,45.0,False,0.02
2026-02-06 17:00:00,2026-02-06,17,Friday,False,Suburban_Residential,Clear,0.275,60.0,1.214,72.85,101.7,74.9,56.0,0.551,0.551,0.357,4082.62,54.64,False,0.02
2026-02-06 18:00:00,2026-02-06,18,Friday,False,Suburban_Residential,Clear,0.439,60.0,1.759,105.53,151.8,67.0,56.2,0.3705,0.3705,1.265,5934.0,79.15,False,0.0429
2026-02-06 19:00:00,2026-02-06,19,Friday,False,Suburban_Residential,Clear,0.364,60.0,1.439,86.31,126.8,73.2,57.8,0.4556,0.4556,0.731,4985.96,64.73,False,0.0269
2026-02-06 20:00:00,2026-02-06,20,Friday,False,Suburban_Residential,Clear,0.345,60.0,1.242,74.54,105.8,75.4,55.7,0.5261,0.5261,0.404,4148.88,55.91,False,0.02
2026-02-06 21:00:00,2026-02-06,21,Friday,False,Suburban_Residential,Clear,0.242,60.0,1.0,60.0,62.3,69.7,41.6,0.6675,0.6675,-0.106,2495.5,45.0,False,0.02
2026-02-06 22:00:00,2026-02-06,22,Friday,False,Suburban_Residential,Clear,0.142,60.0,1.0,60.0,42.0,59.7,28.3,0.6741,0.6741,-0.296,1699.38,45.0,False,0.02
2026-02-06 23:00:00,2026-02-06,23,Friday,False,Suburban_Residential,Clear,0.055,60.0,1.0,60.0,26.1,57.3,17.4,0.6673,0.6673,-0.544,1045.82,45.0,False,0.02
2026-02-07 00:00:00,2026-02-07,0,Saturday,True,Suburban_Residential,Clear,0.137,60.0,1.0,60.0,23.5,40.0,16.1,0.6862,0.6862,-0.413,967.28,45.0,False,0.02
2026-02-07 01:00:00,2026-02-07,1,Saturday,True,Suburban_Residential,Clear,0.119,60.0,1.0,60.0,26.7,39.2,17.5,0.655,0.655,-0.318,1050.97,45.0,False,0.02
2026-02-07 02:00:00,2026-02-07,2,Saturday,True,Suburban_Residential,Clear,0.055,60.0,1.0,60.0,23.7,44.7,16.2,0.6817,0.6817,-0.47,969.09,45.0,False,0.02
2026-02-07 03:00:00,2026-02-07,3,Saturday,True,Suburban_Residential,Clear,0.055,60.0,1.0,60.0,25.3,39.7,16.9,0.6664,0.6664,-0.363,1012.35,45.0,False,0.02
2026-02-07 04:00:00,2026-02-07,4,Saturday,True,Suburban_Residential,Clear,0.079,60.0,1.0,60.0,24.5,41.1,16.7,0.6824,0.6824,-0.402,1004.8,45.0,False,0.02
2026-02-07 05:00:00,2026-02-07,5,Saturday,True,Suburban_Residential,Clear,0.08,60.0,1.0,60.0,25.4,43.0,16.8,0.6642,0.6642,-0.41,1010.27,45.0,False,0.02
2026-02-07 06:00:00,2026-02-07,6,Saturday,True,Suburban_Residential,Clear,0.138,60.0,1.0,60.0,28.5,40.9,18.7,0.6572,0.6572,-0.303,1124.12,45.0,False,0.02
2026-02-07 07:00:00,2026-02-07,7,Saturday,True,Suburban_Residential,Clear,0.058,60.0,1.0,60.0,34.3,49.4,22.9,0.6674,0.6674,-0.306,1374.07,45.0,False,0.02
2026-02-07 08:00:00,2026-02-07,8,Saturday,True,Suburban_Residential,Clear,0.121,60.0,1.0,60.0,40.4,53.2,27.5,0.6799,0.6799,-0.24,1648.23,45.0,False,0.02
2026-02-07 09:00:00,2026-02-07,9,Saturday,True,Suburban_Residential,Clear,0.145,60.0,1.0,60.0,54.3,64.9,36.0,0.6619,0.6619,-0.163,2157.98,45.0,False,0.02
2026-02-07 10:00:00,2026-02-07,10,Saturday,True,Suburban_Residential,Clear,0.189,60.0,1.064,63.82,68.7,62.1,43.7,0.6358,0.6358,0.106,2788.13,47.87,False,0.02
2026-02-07 11:00:00,2026-02-07,11,Saturday,True,Suburban_Residential,Clear,0.233,60.0,1.249,74.94,90.3,63.8,47.0,0.5207,0.5207,0.415,3525.33,56.2,False,0.02
2026-02-07 12:00:00,2026-02-07,12,Saturday,True,Suburban_Residential,Clear,0.274,60.0,1.313,78.75,105.0,69.1,52.1,0.4961,0.4961,0.521,4103.86,59.06,False,0.0206
2026-02-07 13:00:00,2026-02-07,13,Saturday,True,Suburban_Residential,Clear,0.353,60.0,1.387,83.2,112.1,68.2,53.3,0.4754,0.4754,0.644,4433.31,62.4,False,0.0243
2026-02-07 14:00:00,2026-02-07,14,Saturday,True,Suburban_Residential,Clear,0.34,60.0,1.259,75.52,103.0,72.0,52.4,0.5083,0.5083,0.431,3955.2,56.64,False,0.02
2026-02-07 15:00:00,2026-02-07,15,Saturday,True,Suburban_Residential,Clear,0.308,60.0,1.095,65.68,93.1,80.5,56.6,0.6076,0.6076,0.158,3716.62,49.26,False,0.02
2026-02-07 16:00:00,2026-02-07,16,Saturday,True,Suburban_Residential,Clear,0.208,60.0,1.238,74.28,91.5,65.5,49.5,0.5411,0.5411,0.397,3678.74,55.71,False,0.02
2026-02-07 17:00:00,2026-02-07,17,Saturday,True,Suburban_Residential,Clear,0.191,60.0,1.097,65.84,81.0,69.7,48.5,0.5989,0.5989,0.162,3194.56,49.38,False,0.02
2026-02-07 18:00:00,2026-02-07,18,Saturday,True,Suburban_Residential,Clear,0.193,60.0,1.0,60.0,58.6,72.4,40.6,0.6936,0.6936,-0.192,2437.82,45.0,False,0.02
2026-02-07 19:00:00,2026-02-07,19,Saturday,True,Suburban_Residential,Clear,0.262,60.0,1.036,62.14,63.3,59.7,40.6,0.6422,0.6422,0.059,2525.17,46.61,False,0.02
2026-02-07 20:00:00,2026-02-07,20,Saturday,True,Suburban_Residential,Clear,0.227,60.0,1.253,75.19,85.1,59.9,44.4,0.5219,0.5219,0.422,3340.03,56.39,False,0.02
2026-02-07 21:00:00,2026-02-07,21,Saturday,True,Suburban_Residential,Clear,0.336,60.0,1.677,100.59,120.6,56.7,47.6,0.3943,0.3943,1.128,4784.37,75.44,False,0.0388
2026-02-07 22:00:00,2026-02-07,22,Saturday,True,Suburban_Residential,Clear,0.35,60.0,1.776,106.56,120.4,52.5,44.0,0.3652,0.3652,1.293,4685.17,79.92,False,0.0438
2026-02-07 23:00:00,2026-02-07,23,Saturday,True,Suburban_Residential,Clear,0.383,60.0,1.892,113.52,126.0,50.7,44.3,0.3519,0.3519,1.487,5034.55,85.14,False,0.0496
2026-02-08 00:00:00,2026-02-08,0,Sunday,True,Suburban_Residential,Clear,0.065,60.0,1.0,60.0,24.2,43.2,16.8,0.6927,0.6927,-0.439,1007.47,45.0,False,0.02
2026-02-08 01:00:00,2026-02-08,1,Sunday,True,Suburban_Residential,Clear,0.098,60.0,1.0,60.0,20.1,43.4,13.6,0.6755,0.6755,-0.537,815.25,45.0,False,0.02
2026-02-08 02:00:00,2026-02-08,2,Sunday,True,Suburban_Residential,Clear,0.047,60.0,1.0,60.0,23.9,40.9,16.7,0.6991,0.6991,-0.414,1004.43,45.0,False,0.02
2026-02-08 03:00:00,2026-02-08,3,Sunday,True,Suburban_Residential,Clear,0.05,60.0,1.0,60.0,23.6,41.7,15.4,0.6521,0.6521,-0.434,923.69,45.0,False,0.02
2026-02-08 04:00:00,2026-02-08,4,Sunday,True,Suburban_Residential,Clear,0.103,60.0,1.0,60.0,23.9,47.5,16.4,0.6873,0.6873,-0.497,984.81,45.0,False,0.02
2026-02-08 05:00:00,2026-02-08,5,Sunday,True,Suburban_Residential,Clear,0.039,60.0,1.0,60.0,25.2,46.6,17.0,0.6768,0.6768,-0.46,1021.78,45.0,False,0.02
2026-02-08 06:00:00,2026-02-08,6,Sunday,True,Suburban_Residential,Clear,0.071,60.0,1.0,60.0,28.4,46.4,18.7,0.6578,0.6578,-0.388,1121.72,45.0,False,0.02
2026-02-08 07:00:00,2026-02-08,7,Sunday,True,Suburban_Residential,Clear,0.144,60.0,1.0,60.0,30.5,52.8,20.5,0.6746,0.6746,-0.423,1232.93,45.0,False,0.02
2026-02-08 08:00:00,2026-02-08,8,Sunday,True,Suburban_Residential,Clear,0.142,60.0,1.0,60.0,42.5,53.5,28.4,0.6686,0.6686,-0.206,1704.63,45.0,False,0.02
2026-02-08 09:00:00,2026-02-08,9,Sunday,True,Suburban_Residential,Clear,0.162,60.0,1.0,60.0,54.1,59.5,36.5,0.6756,0.6756,-0.091,2191.89,45.0,False,0.02
2026-02-08 10:00:00,2026-02-08,10,Sunday,True,Suburban_Residential,Clear,0.165,60.0,1.171,70.24,77.5,60.4,43.6,0.5626,0.5626,0.284,3063.37,52.68,False,0.02
2026-02-08 11:00:00,2026-02-08,11,Sunday,True,Suburban_Residential,Clear,0.241,60.0,1.262,75.73,95.2,66.3,49.3,0.5176,0.5176,0.437,3731.43,56.8,False,0.02
2026-02-08 12:00:00,2026-02-08,12,Sunday,True,Suburban_Residential,Clear,0.307,60.0,1.346,80.79,109.0,69.1,52.6,0.4829,0.4829,0.577,4251.4,60.59,False,0.0223
2026-02-08 13:00:00,2026-02-08,13,Sunday,True,Suburban_Residential,Clear,0.318,60.0,1.446,86.76,113.0,64.8,51.9,0.4597,0.4597,0.743,4504.72,65.07,False,0.0273
2026-02-08 14:00:00,2026-02-08,14,Sunday,True,Suburban_Residential,Clear,0.407,60.0,1.335,80.12,115.6,74.2,56.7,0.4907,0.4907,0.559,4545.07,60.09,False,0.0218
2026-02-08 15:00:00,2026-02-08,15,Sunday,True,Suburban_Residential,Clear,0.352,60.0,1.358,81.48,109.2,68.4,52.3,0.4787,0.4787,0.597,4258.21,61.11,False,0.0229
2026-02-08 16:00:00,2026-02-08,16,Sunday,True,Suburban_Residential,Clear,0.316,60.0,1.0,60.0,79.7,80.7,53.4,0.6695,0.6695,-0.012,3202.63,45.0,False,0.02
2026-02-08 17:00:00,2026-02-08,17,Sunday,True,Suburban_Residential,Clear,0.203,60.0,1.004,60.22,70.4,70.0,46.2,0.6559,0.6559,0.006,2781.86,45.16,False,0.02
2026-02-08 18:00:00,2026-02-08,18,Sunday,True,Suburban_Residential,Clear,0.159,60.0,1.0,60.0,58.9,61.9,40.4,0.6865,0.6865,-0.049,2425.05,45.0,False,0.02
2026-02-08 19:00:00,2026-02-08,19,Sunday,True,Suburban_Residential,Clear,0.21,60.0,1.031,61.89,71.9,68.3,47.6,0.662,0.662,0.052,2944.58,46.42,False,0.02
2026-02-08 20:00:00,2026-02-08,20,Sunday,True,Suburban_Residential,Clear,0.276,60.0,1.349,80.93,89.9,56.8,42.6,0.4746,0.4746,0.581,3451.31,60.7,False,0.0224
2026-02-08 21:00:00,2026-02-08,21,Sunday,True,Suburban_Residential,Clear,0.316,60.0,1.532,91.92,104.2,55.2,44.8,0.4297,0.4297,0.887,4115.08,68.94,False,0.0316
2026-02-08 22:00:00,2026-02-08,22,Sunday,True,Suburban_Residential,Clear,0.389,60.0,1.646,98.78,114.9,55.3,46.2,0.4018,0.4018,1.077,4561.9,74.09,False,0.0373
2026-02-08 23:00:00,2026-02-08,23,Sunday,True,Suburban_Residential,Clear,0.436,60.0,2.05,122.97,128.0,46.6,41.4,0.3231,0.3231,1.749,5087.37,92.23,False,0.0575
2026-02-09 00:00:00,2026-02-09,0,Monday,False,Suburban_Residential,Clear,0.023,60.0,1.0,60.0,19.3,36.5,12.9,0.6678,0.6678,-0.47,774.62,45.0,False,0.02
2026-02-09 01:00:00,2026-02-09,1,Monday,False,Suburban_Residential,Clear,0.05,60.0,1.0,60.0,20.5,37.9,13.3,0.6505,0.6505,-0.459,800.73,45.0,False,0.02
2026-02-09 02:00:00,2026-02-09,2,Monday,False,Suburban_Residential,Clear,0.062,60.0,1.0,60.0,20.3,40.4,13.5,0.6661,0.6661,-0.499,809.88,45.0,False,0.02
2026-02-09 03:00:00,2026-02-09,3,Monday,False,Suburban_Residential,Clear,0.064,60.0,1.0,60.0,21.4,40.6,14.3,0.6673,0.6673,-0.472,856.86,45.0,False,0.02
2026-02-09 04:00:00,2026-02-09,4,Monday,False,Suburban_Residential,Clear,0.069,60.0,1.0,60.0,22.7,48.9,15.6,0.6899,0.6899,-0.537,938.19,45.0,False,0.02
2026-02-09 05:00:00,2026-02-09,5,Monday,False,Suburban_Residential,Clear,0.177,60.0,1.0,60.0,31.7,54.4,21.3,0.6701,0.6701,-0.417,1275.16,45.0,False,0.02
2026-02-09 06:00:00,2026-02-09,6,Monday,False,Suburban_Residential,Clear,0.169,60.0,1.0,60.0,48.5,54.0,32.8,0.6774,0.6774,-0.102,1969.59,45.0,False,0.02
2026-02-09 07:00:00,2026-02-09,7,Monday,False,Suburban_Residential,Clear,0.268,60.0,1.247,74.83,93.7,66.4,49.6,0.5293,0.5293,0.412,3711.45,56.12,False,0.02
2026-02-09 08:00:00,2026-02-09,8,Monday,False,Suburban_Residential,Clear,0.372,60.0,1.746,104.73,110.0,49.1,41.1,0.3738,0.3738,1.243,4308.09,78.55,False,0.0423
2026-02-09 09:00:00,2026-02-09,9,Monday,False,Suburban_Residential,Clear,0.379,60.0,1.571,94.26,129.3,66.2,51.6,0.3994,0.3994,0.952,4866.65,70.7,False,0.0335
2026-02-09 10:00:00,2026-02-09,10,Monday,False,Suburban_Residential,Clear,0.222,60.0,1.214,72.86,90.4,66.6,48.1,0.5315,0.5315,0.357,3502.34,54.64,False,0.02
2026-02-09 11:00:00,2026-02-09,11,Monday,False,Suburban_Residential,Clear,0.18,60.0,1.0,60.0,50.5,71.4,33.2,0.6576,0.6576,-0.293,1991.45,45.0,False,0.02
2026-02-09 12:00:00,2026-02-09,12,Monday,False,Suburban_Residential,Clear,0.079,60.0,1.0,60.0,32.1,64.9,21.3,0.6644,0.6644,-0.505,1280.65,45.0,False,0.02
2026-02-09 13:00:00,2026-02-09,13,Monday,False,Suburban_Residential,Clear,0.02,60.0,1.0,60.0,22.3,67.4,14.9,0.6666,0.6666,-0.669,893.35,45.0,False,0.02
2026-02-09 14:00:00,2026-02-09,14,Monday,False,Suburban_Residential,Clear,0.057,60.0,1.0,60.0,24.6,62.4,15.9,0.6474,0.6474,-0.606,954.93,45.0,False,0.02
2026-02-09 15:00:00,2026-02-09,15,Monday,False,Suburban_Residential,Clear,0.112,60.0,1.0,60.0,40.1,71.0,26.3,0.6561,0.6561,-0.435,1577.64,45.0,False,0.02
2026-02-09 16:00:00,2026-02-09,16,Monday,False,Suburban_Residential,Clear,0.204,60.0,1.0,60.0,66.1,74.8,44.5,0.6742,0.6742,-0.116,2672.94,45.0,False,0.02
2026-02-09 17:00:00,2026-02-09,17,Monday,False,Suburban_Residential,Clear,0.355,60.0,1.305,78.31,102.6,68.0,50.7,0.4937,0.4937,0.509,3968.93,58.73,False,0.0203
2026-02-09 18:00:00,2026-02-09,18,Monday,False,Suburban_Residential,Clear,0.43,60.0,1.573,94.4,140.2,71.7,60.1,0.4284,0.4284,0.955,5668.81,70.8,False,0.0337
2026-02-09 19:00:00,2026-02-09,19,Monday,False,Suburban_Residential,Clear,0.43,60.0,1.727,103.63,156.5,70.7,58.9,0.3767,0.3767,1.212,6108.82,77.72,False,0.0414
2026-02-09 20:00:00,2026-02-09,20,Monday,False,Suburban_Residential,Clear,0.344,60.0,1.416,84.94,115.8,68.4,52.5,0.4532,0.4532,0.693,4458.96,63.7,False,0.0258
2026-02-09 21:00:00,2026-02-09,21,Monday,False,Suburban_Residential,Clear,0.177,60.0,1.0,60.0,57.0,68.7,37.2,0.6523,0.6523,-0.17,2232.22,45.0,False,0.02
2026-02-09 22:00:00,2026-02-09,22,Monday,False,Suburban_Residential,Clear,0.105,60.0,1.0,60.0,43.5,63.7,29.1,0.6695,0.6695,-0.317,1747.21,45.0,False,0.02
2026-02-09 23:00:00,2026-02-09,23,Monday,False,Suburban_Residential,Clear,0.061,60.0,1.0,60.0,27.0,60.5,17.3,0.6433,0.6433,-0.554,1040.29,45.0,False,0.02
2026-02-10 00:00:00,2026-02-10,0,Tuesday,False,Suburban_Residential,Clear,0.09,60.0,1.0,60.0,16.6,40.2,11.1,0.6704,0.6704,-0.587,667.08,45.0,False,0.02
2026-02-10 01:00:00,2026-02-10,1,Tuesday,False,Suburban_Residential,Clear,0.094,60.0,1.0,60.0,19.4,36.6,12.7,0.6556,0.6556,-0.469,764.12,45.0,False,0.02
2026-02-10 02:00:00,2026-02-10,2,Tuesday,False,Suburban_Residential,Clear,0.101,60.0,1.0,60.0,21.0,42.1,13.5,0.6464,0.6464,-0.503,812.64,45.0,False,0.02
2026-02-10 03:00:00,2026-02-10,3,Tuesday,False,Suburban_Residential,Clear,0.058,60.0,1.0,60.0,21.7,49.5,13.9,0.6415,0.6415,-0.562,835.32,45.0,False,0.02
2026-02-10 04:00:00,2026-02-10,4,Tuesday,False,Suburban_Residential,Clear,0.1,60.0,1.0,60.0,21.6,48.7,14.2,0.6538,0.6538,-0.556,849.13,45.0,False,0.02
2026-02-10 05:00:00,2026-02-10,5,Tuesday,False,Suburban_Residential,Clear,0.149,60.0,1.0,60.0,32.8,51.6,21.6,0.6592,0.6592,-0.365,1295.81,45.0,False,0.02
2026-02-10 06:00:00,2026-02-10,6,Tuesday,False,Suburban_Residential,Clear,0.171,60.0,1.0,60.0,53.5,54.7,36.3,0.678,0.678,-0.022,2176.54,45.0,False,0.02
2026-02-10 07:00:00,2026-02-10,7,Tuesday,False,Suburban_Residential,Clear,0.255,60.0,1.434,86.03,93.0,54.0,42.4,0.4557,0.4557,0.723,3644.77,64.52,False,0.0267
2026-02-10 08:00:00,2026-02-10,8,Tuesday,False,Suburban_Residential,Clear,0.397,60.0,1.474,88.43,111.1,62.1,48.5,0.4364,0.4364,0.79,4289.42,66.32,False,0.0287
2026-02-10 09:00:00,2026-02-10,9,Tuesday,False,Suburban_Residential,Clear,0.363,60.0,1.439,86.34,120.3,69.5,53.5,0.4447,0.4447,0.732,4617.97,64.75,False,0.0269
2026-02-10 10:00:00,2026-02-10,10,Tuesday,False,Suburban_Residential,Clear,0.255,60.0,1.184,71.05,85.0,65.1,46.9,0.5516,0.5516,0.307,3332.4,53.29,False,0.02
2026-02-10 11:00:00,2026-02-10,11,Tuesday,False,Suburban_Residential,Clear,0.143,60.0,1.0,60.0,50.0,72.1,31.9,0.6385,0.6385,-0.307,1914.16,45.0,False,0.02
2026-02-10 12:00:00,2026-02-10,12,Tuesday,False,Suburban_Residential,Clear,0.053,60.0,1.0,60.0,22.0,73.4,14.9,0.6767,0.6767,-0.7,893.34,45.0,False,0.02
2026-02-10 13:00:00,2026-02-10,13,Tuesday,False,Suburban_Residential,Clear,0.081,60.0,1.0,60.0,21.7,69.1,14.5,0.6706,0.6706,-0.686,872.34,45.0,False,0.02
2026-02-10 14:00:00,2026-02-10,14,Tuesday,False,Suburban_Residential,Clear,0.12,60.0,1.0,60.0,25.4,62.1,17.2,0.6747,0.6747,-0.591,1029.4,45.0,False,0.02
2026-02-10 15:00:00,2026-02-10,15,Tuesday,False,Suburban_Residential,Clear,0.115,60.0,1.0,60.0,35.1,68.0,23.0,0.6561,0.6561,-0.483,1382.02,45.0,False,0.02
2026-02-10 16:00:00,2026-02-10,16,Tuesday,False,Suburban_Residential,Clear,0.234,60.0,1.101,66.08,75.8,64.9,45.6,0.6019,0.6019,0.169,3016.02,49.56,False,0.02
2026-02-10 17:00:00,2026-02-10,17,Tuesday,False,Suburban_Residential,Clear,0.332,60.0,1.274,76.47,105.3,72.2,54.8,0.5208,0.5208,0.457,4193.01,57.35,False,0.02
2026-02-10 18:00:00,2026-02-10,18,Tuesday,False,Suburban_Residential,Clear,0.435,60.0,1.57,94.23,146.7,75.2,61.1,0.4165,0.4165,0.951,5757.33,70.67,False,0.0335
2026-02-10 19:00:00,2026-02-10,19,Tuesday,False,Suburban_Residential,Clear,0.394,60.0,1.683,100.95,148.4,69.4,56.5,0.3807,0.3807,1.138,5705.61,75.71,False,0.0391
2026-02-10 20:00:00,2026-02-10,20,Tuesday,False,Suburban_Residential,Clear,0.348,60.0,1.371,82.29,116.5,72.0,55.4,0.4752,0.4752,0.619,4555.62,61.72,False,0.0236
2026-02-10 21:00:00,2026-02-10,21,Tuesday,False,Suburban_Residential,Clear,0.245,60.0,1.0,60.0,72.7,74.0,48.8,0.6709,0.6709,-0.017,2928.06,45.0,False,0.02
2026-02-10 22:00:00,2026-02-10,22,Tuesday,False,Suburban_Residential,Clear,0.134,60.0,1.0,60.0,42.4,60.3,28.6,0.676,0.676,-0.297,1718.66,45.0,False,0.02
2026-02-10 23:00:00,2026-02-10,23,Tuesday,False,Suburban_Residential,Clear,0.072,60.0,1.0,60.0,24.5,50.6,16.3,0.6668,0.6668,-0.516,979.59,45.0,False,0.02
2026-02-11 00:00:00,2026-02-11,0,Wednesday,False,Suburban_Residential,Rain,0.209,60.0,1.0,60.0,15.5,39.5,9.9,0.6386,0.6386,-0.609,592.13,45.0,False,0.02
2026-02-11 01:00:00,2026-02-11,1,Wednesday,False,Suburban_Residential,Rain,0.21,60.0,1.0,60.0,21.5,40.7,14.0,0.6511,0.6511,-0.473,838.79,45.0,False,0.02
2026-02-11 02:00:00,2026-02-11,2,Wednesday,False,Suburban_Residential,Rain,0.187,60.0,1.0,60.0,20.6,46.8,13.2,0.6431,0.6431,-0.561,793.66,45.0,False,0.02
2026-02-11 03:00:00,2026-02-11,3,Wednesday,False,Suburban_Residential,Rain,0.202,60.0,1.0,60.0,23.2,47.2,14.4,0.6229,0.6229,-0.509,866.5,45.0,False,0.02
2026-02-11 04:00:00,2026-02-11,4,Wednesday,False,Suburban_Residential,Rain,0.253,60.0,1.0,60.0,26.7,55.4,17.0,0.6363,0.6363,-0.519,1017.7,45.0,False,0.02
2026-02-11 05:00:00,2026-02-11,5,Wednesday,False,Suburban_Residential,Rain,0.209,60.0,1.0,60.0,37.6,58.2,24.2,0.6428,0.6428,-0.353,1451.21,45.0,False,0.02
2026-02-11 06:00:00,2026-02-11,6,Wednesday,False,Suburban_Residential,Rain,0.269,60.0,1.0,60.0,45.3,59.1,29.0,0.6389,0.6389,-0.233,1737.85,45.0,False,0.02
2026-02-11 07:00:00,2026-02-11,7,Wednesday,False,Suburban_Residential,Rain,0.427,60.0,1.461,87.65,101.4,57.4,43.5,0.4288,0.4288,0.768,3812.41,65.74,False,0.028
2026-02-11 08:00:00,2026-02-11,8,Wednesday,False,Suburban_Residential,Rain,0.541,60.0,1.678,100.65,141.4,66.4,52.7,0.3724,0.3724,1.129,5299.63,75.49,False,0.0389
2026-02-11 09:00:00,2026-02-11,9,Wednesday,False,Suburban_Residential,Rain,0.481,60.0,1.633,97.95,127.7,62.2,48.3,0.3782,0.3782,1.054,4731.72,73.46,False,0.0366
2026-02-11 10:00:00,2026-02-11,10,Wednesday,False,Suburban_Residential,Rain,0.411,60.0,1.283,76.97,103.4,70.3,50.0,0.4835,0.4835,0.471,3847.58,57.73,False,0.02
2026-02-11 11:00:00,2026-02-11,11,Wednesday,False,Suburban_Residential,Rain,0.301,60.0,1.046,62.79,66.2,61.5,39.3,0.5929,0.5929,0.077,2465.12,47.09,False,0.02
2026-02-11 12:00:00,2026-02-11,12,Wednesday,False,Suburban_Residential,Rain,0.245,60.0,1.0,60.0,30.4,70.0,19.8,0.6521,0.6521,-0.565,1190.29,45.0,False,0.02
2026-02-11 13:00:00,2026-02-11,13,Wednesday,False,Suburban_Residential,Rain,0.154,60.0,1.0,60.0,26.0,60.8,16.6,0.6368,0.6368,-0.572,994.76,45.0,False,0.02
2026-02-11 14:00:00,2026-02-11,14,Wednesday,False,Suburban_Residential,Rain,0.19,60.0,1.0,60.0,29.9,61.1,18.8,0.6292,0.6292,-0.511,1127.92,45.0,False,0.02
2026-02-11 15:00:00,2026-02-11,15,Wednesday,False,Suburban_Residential,Rain,0.32,60.0,1.0,60.0,50.2,61.0,32.1,0.6402,0.6402,-0.177,1928.13,45.0,False,0.02
2026-02-11 16:00:00,2026-02-11,16,Wednesday,False,Suburban_Residential,Rain,0.352,60.0,1.082,64.92,80.6,70.9,45.1,0.5601,0.5601,0.137,2930.79,48.69,False,0.02
2026-02-11 17:00:00,2026-02-11,17,Wednesday,False,Suburban_Residential,Rain,0.549,60.0,1.358,81.49,122.0,76.4,55.1,0.4514,0.4514,0.597,4486.58,61.12,False,0.0229
2026-02-11 18:00:00,2026-02-11,18,Wednesday,False,Suburban_Residential,Rain,0.544,60.0,1.733,104.01,154.3,69.4,56.5,0.366,0.366,1.222,5872.98,78.01,False,0.0417
2026-02-11 19:00:00,2026-02-11,19,Wednesday,False,Suburban_Residential,Rain,0.603,60.0,1.575,94.5,152.2,77.7,59.4,0.3899,0.3899,0.958,5609.03,70.88,False,0.0338
2026-02-11 20:00:00,2026-02-11,20,Wednesday,False,Suburban_Residential,Rain,0.457,60.0,1.545,92.72,141.6,74.2,56.4,0.3982,0.3982,0.909,5230.11,69.54,False,0.0323
2026-02-11 21:00:00,2026-02-11,21,Wednesday,False,Suburban_Residential,Rain,0.347,60.0,1.0,60.0,73.8,75.9,47.5,0.6432,0.6432,-0.028,2848.65,45.0,False,0.02
2026-02-11 22:00:00,2026-02-11,22,Wednesday,False,Suburban_Residential,Rain,0.289,60.0,1.0,60.0,37.7,56.0,23.9,0.6337,0.6337,-0.326,1434.88,45.0,False,0.02
2026-02-11 23:00:00,2026-02-11,23,Wednesday,False,Suburban_Residential,Rain,0.162,60.0,1.0,60.0,29.2,56.1,18.6,0.6361,0.6361,-0.479,1116.04,45.0,False,0.02
2026-02-12 00:00:00,2026-02-12,0,Thursday,False,Suburban_Residential,Clear,0.041,60.0,1.0,60.0,19.1,39.7,12.8,0.6686,0.6686,-0.518,767.51,45.0,False,0.02
2026-02-12 01:00:00,2026-02-12,1,Thursday,False,Suburban_Residential,Clear,0.079,60.0,1.0,60.0,17.5,40.0,11.8,0.6747,0.6747,-0.562,708.4,45.0,False,0.02
2026-02-12 02:00:00,2026-02-12,2,Thursday,False,Suburban_Residential,Clear,0.069,60.0,1.0,60.0,22.6,43.1,15.1,0.6691,0.6691,-0.475,907.95,45.0,False,0.02
2026-02-12 03:00:00,2026-02-12,3,Thursday,False,Suburban_Residential,Clear,0.069,60.0,1.0,60.0,18.0,45.1,11.9,0.6623,0.6623,-0.601,714.67,45.0,False,0.02
2026-02-12 04:00:00,2026-02-12,4,Thursday,False,Suburban_Residential,Clear,0.069,60.0,1.0,60.0,18.7,51.1,12.3,0.6577,0.6577,-0.634,736.75,45.0,False,0.02
2026-02-12 05:00:00,2026-02-12,5,Thursday,False,Suburban_Residential,Clear,0.012,60.0,1.0,60.0,28.7,56.5,19.0,0.6618,0.6618,-0.492,1140.82,45.0,False,0.02
2026-02-12 06:00:00,2026-02-12,6,Thursday,False,Suburban_Residential,Clear,0.184,60.0,1.0,60.0,54.7,63.3,37.4,0.6833,0.6833,-0.137,2242.12,45.0,False,0.02
2026-02-12 07:00:00,2026-02-12,7,Thursday,False,Suburban_Residential,Clear,0.252,60.0,1.1,65.97,72.9,62.5,42.3,0.5803,0.5803,0.166,2791.04,49.48,False,0.02
2026-02-12 08:00:00,2026-02-12,8,Thursday,False,Suburban_Residential,Clear,0.373,60.0,1.536,92.14,111.4,58.8,47.4,0.4259,0.4259,0.893,4370.83,69.11,False,0.0318
2026-02-12 09:00:00,2026-02-12,9,Thursday,False,Suburban_Residential,Clear,0.331,60.0,1.533,91.98,129.7,68.7,54.5,0.4202,0.4202,0.888,5012.35,68.98,False,0.0317
2026-02-12 10:00:00,2026-02-12,10,Thursday,False,Suburban_Residential,Clear,0.322,60.0,1.291,77.43,96.6,65.1,48.8,0.5048,0.5048,0.484,3775.38,58.07,False,0.02
2026-02-12 11:00:00,2026-02-12,11,Thursday,False,Suburban_Residential,Clear,0.122,60.0,1.0,60.0,55.9,67.1,37.3,0.6671,0.6671,-0.167,2239.26,45.0,False,0.02
2026-02-12 12:00:00,2026-02-12,12,Thursday,False,Suburban_Residential,Clear,0.028,60.0,1.0,60.0,26.4,64.4,17.9,0.6793,0.6793,-0.591,1074.27,45.0,False,0.02
2026-02-12 13:00:00,2026-02-12,13,Thursday,False,Suburban_Residential,Clear,0.061,60.0,1.0,60.0,21.6,70.8,14.6,0.6755,0.6755,-0.695,875.55,45.0,False,0.02
2026-02-12 14:00:00,2026-02-12,14,Thursday,False,Suburban_Residential,Clear,0.062,60.0,1.0,60.0,22.8,74.9,15.0,0.6598,0.6598,-0.696,901.02,45.0,False,0.02
2026-02-12 15:00:00,2026-02-12,15,Thursday,False,Suburban_Residential,Clear,0.138,60.0,1.0,60.0,34.7,74.4,23.8,0.6858,0.6858,-0.534,1426.96,45.0,False,0.02
2026-02-12 16:00:00,2026-02-12,16,Thursday,False,Suburban_Residential,Clear,0.199,60.0,1.0,60.0,67.2,71.4,45.2,0.6728,0.6728,-0.058,2713.1,45.0,False,0.02
2026-02-12 17:00:00,2026-02-12,17,Thursday,False,Suburban_Residential,Clear,0.375,60.0,1.318,79.07,105.0,68.6,52.1,0.4959,0.4959,0.53,4115.61,59.3,False,0.0209
2026-02-12 18:00:00,2026-02-12,18,Thursday,False,Suburban_Residential,Clear,0.413,60.0,1.394,83.64,116.5,70.3,54.2,0.4653,0.4653,0.657,4532.73,62.73,False,0.0247
2026-02-12 19:00:00,2026-02-12,19,Thursday,False,Suburban_Residential,Clear,0.411,60.0,1.534,92.01,155.7,82.4,66.6,0.4279,0.4279,0.889,6128.55,69.01,False,0.0317
2026-02-12 20:00:00,2026-02-12,20,Thursday,False,Suburban_Residential,Clear,0.277,60.0,1.442,86.55,101.8,58.6,45.8,0.4496,0.4496,0.737,3959.82,64.91,False,0.0271
2026-02-12 21:00:00,2026-02-12,21,Thursday,False,Suburban_Residential,Clear,0.282,60.0,1.102,66.15,76.1,65.0,45.6,0.5999,0.5999,0.171,3018.67,49.61,False,0.02
2026-02-12 22:00:00,2026-02-12,22,Thursday,False,Suburban_Residential,Clear,0.146,60.0,1.0,60.0,46.7,65.9,31.9,0.6823,0.6823,-0.291,1913.65,45.0,False,0.02
2026-02-12 23:00:00,2026-02-12,23,Thursday,False,Suburban_Residential,Clear,0.084,60.0,1.0,60.0,22.9,62.4,15.5,0.6751,0.6751,-0.633,927.96,45.0,False,0.02
2026-02-13 00:00:00,2026-02-13,0,Friday,False,Suburban_Residential,Clear,0.044,60.0,1.0,60.0,18.1,38.0,12.0,0.66,0.66,-0.523,718.33,45.0,False,0.02
2026-02-13 01:00:00,2026-02-13,1,Friday,False,Suburban_Residential,Clear,0.033,60.0,1.0,60.0,20.1,41.5,13.3,0.661,0.661,-0.516,796.96,45.0,False,0.02
2026-02-13 02:00:00,2026-02-13,2,Friday,False,Suburban_Residential,Clear,0.045,60.0,1.0,60.0,22.5,42.2,15.0,0.6682,0.6682,-0.467,900.4,45.0,False,0.02
2026-02-13 03:00:00,2026-02-13,3,Friday,False,Suburban_Residential,Clear,0.163,60.0,1.0,60.0,19.0,49.3,12.7,0.6685,0.6685,-0.614,761.61,45.0,False,0.02
2026-02-13 04:00:00,2026-02-13,4,Friday,False,Suburban_Residential,Clear,0.123,60.0,1.0,60.0,21.8,49.0,14.6,0.6696,0.6696,-0.554,877.11,45.0,False,0.02
2026-02-13 05:00:00,2026-02-13,5,Friday,False,Suburban_Residential,Clear,0.015,60.0,1.0,60.0,33.0,53.5,22.1,0.6698,0.6698,-0.384,1326.57,45.0,False,0.02
2026-02-13 06:00:00,2026-02-13,6,Friday,False,Suburban_Residential,Clear,0.137,60.0,1.0,60.0,52.7,57.6,35.6,0.6755,0.6755,-0.086,2134.39,45.0,False,0.02
2026-02-13 07:00:00,2026-02-13,7,Friday,False,Suburban_Residential,Clear,0.242,60.0,1.219,73.14,86.3,63.2,47.8,0.5539,0.5539,0.365,3497.06,54.86,False,0.02
2026-02-13 08:00:00,2026-02-13,8,Friday,False,Suburban_Residential,Clear,0.35,60.0,1.53,91.81,117.1,62.2,49.3,0.4206,0.4206,0.884,4522.1,68.86,False,0.0315
2026-02-13 09:00:00,2026-02-13,9,Friday,False,Suburban_Residential,Clear,0.36,60.0,1.509,90.54,118.2,63.9,51.6,0.4367,0.4367,0.848,4672.67,67.91,False,0.0304
2026-02-13 10:00:00,2026-02-13,10,Friday,False,Suburban_Residential,Clear,0.272,60.0,1.131,67.86,89.3,73.3,52.1,0.5836,0.5836,0.218,3537.1,50.89,False,0.02
2026-02-13 11:00:00,2026-02-13,11,Friday,False,Suburban_Residential,Clear,0.183,60.0,1.0,60.0,48.9,67.7,32.5,0.6644,0.6644,-0.277,1949.76,45.0,False,0.02
2026-02-13 12:00:00,2026-02-13,12,Friday,False,Suburban_Residential,Clear,0.132,60.0,1.0,60.0,30.0,58.8,20.2,0.6726,0.6726,-0.491,1209.58,45.0,False,0.02
2026-02-13 13:00:00,2026-02-13,13,Friday,False,Suburban_Residential,Clear,0.055,60.0,1.0,60.0,23.4,72.7,15.3,0.6538,0.6538,-0.678,917.92,45.0,False,0.02
2026-02-13 14:00:00,2026-02-13,14,Friday,False,Suburban_Residential,Clear,0.091,60.0,1.0,60.0,20.6,67.6,13.7,0.6648,0.6648,-0.695,822.15,45.0,False,0.02
2026-02-13 15:00:00,2026-02-13,15,Friday,False,Suburban_Residential,Clear,0.098,60.0,1.0,60.0,37.4,69.0,24.6,0.6583,0.6583,-0.458,1476.46,45.0,False,0.02
2026-02-13 16:00:00,2026-02-13,16,Friday,False,Suburban_Residential,Clear,0.219,60.0,1.004,60.22,68.4,68.0,46.8,0.6843,0.6843,0.006,2818.08,45.16,False,0.02
2026-02-13 17:00:00,2026-02-13,17,Friday,False,Suburban_Residential,Clear,0.327,60.0,1.295,77.68,115.3,77.4,57.3,0.4967,0.4967,0.491,4450.75,58.26,False,0.02
2026-02-13 18:00:00,2026-02-13,18,Friday,False,Suburban_Residential,Clear,0.393,60.0,1.425,85.5,119.0,69.7,55.7,0.4676,0.4676,0.708,4759.13,64.12,False,0.0263
2026-02-13 19:00:00,2026-02-13,19,Friday,False,Suburban_Residential,Clear,0.423,60.0,1.615,96.91,142.7,70.5,57.1,0.4002,0.4002,1.025,5534.73,72.68,False,0.0358
2026-02-13 20:00:00,2026-02-13,20,Friday,False,Suburban_Residential,Clear,0.306,60.0,1.279,76.74,106.9,73.0,53.4,0.4993,0.4993,0.465,4094.85,57.55,False,0.02
2026-02-13 21:00:00,2026-02-13,21,Friday,False,Suburban_Residential,Clear,0.184,60.0,1.035,62.08,71.7,67.8,47.3,0.6594,0.6594,0.058,2935.93,46.56,False,0.02
2026-02-13 22:00:00,2026-02-13,22,Friday,False,Suburban_Residential,Clear,0.14,60.0,1.0,60.0,38.3,58.3,25.3,0.6612,0.6612,-0.343,1519.92,45.0,False,0.02
2026-02-13 23:00:00,2026-02-13,23,Friday,False,Suburban_Residential,Clear,0.08,60.0,1.0,60.0,21.9,54.9,14.4,0.6568,0.6568,-0.6,864.22,45.0,False,0.02
2026-02-14 00:00:00,2026-02-14,0,Saturday,True,Suburban_Residential,Rain,0.204,60.0,1.0,60.0,27.5,41.2,17.1,0.6229,0.6229,-0.332,1028.61,45.0,False,0.02
2026-02-14 01:00:00,2026-02-14,1,Saturday,True,Suburban_Residential,Rain,0.286,60.0,1.0,60.0,25.7,37.2,16.3,0.6339,0.6339,-0.309,978.25,45.0,False,0.02
2026-02-14 02:00:00,2026-02-14,2,Saturday,True,Suburban_Residential,Rain,0.222,60.0,1.0,60.0,28.5,42.8,18.0,0.6314,0.6314,-0.334,1079.28,45.0,False,0.02
2026-02-14 03:00:00,2026-02-14,3,Saturday,True,Suburban_Residential,Rain,0.186,60.0,1.0,60.0,25.6,39.2,16.2,0.6341,0.6341,-0.347,974.94,45.0,False,0.02
2026-02-14 04:00:00,2026-02-14,4,Saturday,True,Suburban_Residential,Rain,0.224,60.0,1.0,60.0,27.4,43.6,17.6,0.6434,0.6434,-0.372,1057.53,45.0,False,0.02
2026-02-14 05:00:00,2026-02-14,5,Saturday,True,Suburban_Residential,Rain,0.193,60.0,1.0,60.0,32.7,44.2,20.9,0.6384,0.6384,-0.26,1253.59,45.0,False,0.02
2026-02-14 06:00:00,2026-02-14,6,Saturday,True,Suburban_Residential,Rain,0.235,60.0,1.0,60.0,30.6,51.3,19.6,0.6411,0.6411,-0.403,1177.37,45.0,False,0.02
2026-02-14 07:00:00,2026-02-14,7,Saturday,True,Suburban_Residential,Rain,0.21,60.0,1.0,60.0,35.1,53.4,22.4,0.6388,0.6388,-0.342,1346.95,45.0,False,0.02
2026-02-14 08:00:00,2026-02-14,8,Saturday,True,Suburban_Residential,Rain,0.284,60.0,1.0,60.0,44.2,60.5,28.4,0.6421,0.6421,-0.269,1703.88,45.0,False,0.02
2026-02-14 09:00:00,2026-02-14,9,Saturday,True,Suburban_Residential,Rain,0.313,60.0,1.092,65.52,61.9,53.7,35.7,0.5764,0.5764,0.153,2338.95,49.14,False,0.02
2026-02-14 10:00:00,2026-02-14,10,Saturday,True,Suburban_Residential,Rain,0.335,60.0,1.12,67.19,76.5,63.8,41.7,0.5445,0.5445,0.2,2798.65,50.39,False,0.02
2026-02-14 11:00:00,2026-02-14,11,Saturday,True,Suburban_Residential,Rain,0.405,60.0,1.188,71.29,84.6,64.4,45.2,0.5343,0.5343,0.313,3222.35,53.47,False,0.02
2026-02-14 12:00:00,2026-02-14,12,Saturday,True,Suburban_Residential,Rain,0.461,60.0,1.397,83.84,120.7,72.6,54.1,0.4478,0.4478,0.662,4531.92,62.88,False,0.0249
2026-02-14 13:00:00,2026-02-14,13,Saturday,True,Suburban_Residential,Rain,0.459,60.0,1.486,89.18,125.6,69.4,51.5,0.4098,0.4098,0.81,4591.51,66.89,False,0.0293
2026-02-14 14:00:00,2026-02-14,14,Saturday,True,Suburban_Residential,Rain,0.497,60.0,1.583,95.0,137.3,69.6,52.6,0.383,0.383,0.972,4995.69,71.25,False,0.0342
2026-02-14 15:00:00,2026-02-14,15,Saturday,True,Suburban_Residential,Rain,0.474,60.0,1.356,81.38,109.3,68.6,50.6,0.4629,0.4629,0.594,4117.23,61.03,False,0.0228
2026-02-14 16:00:00,2026-02-14,16,Saturday,True,Suburban_Residential,Rain,0.399,60.0,1.163,69.8,93.9,73.8,50.3,0.5357,0.5357,0.272,3509.11,52.35,False,0.02
2026-02-14 17:00:00,2026-02-14,17,Saturday,True,Suburban_Residential,Rain,0.371,60.0,1.1,66.0,87.9,75.3,50.4,0.5737,0.5737,0.167,3326.49,49.5,False,0.02
2026-02-14 18:00:00,2026-02-14,18,Saturday,True,Suburban_Residential,Rain,0.359,60.0,1.04,62.41,69.4,65.0,43.2,0.6231,0.6231,0.067,2698.14,46.81,False,0.02
2026-02-14 19:00:00,2026-02-14,19,Saturday,True,Suburban_Residential,Rain,0.391,60.0,1.003,60.2,70.7,70.3,44.0,0.6218,0.6218,0.006,2646.39,45.15,False,0.02
2026-02-14 20:00:00,2026-02-14,20,Saturday,True,Suburban_Residential,Rain,0.441,60.0,1.511,90.69,103.6,55.9,42.6,0.4117,0.4117,0.852,3866.39,68.02,False,0.0306
2026-02-14 21:00:00,2026-02-14,21,Saturday,True,Suburban_Residential,Rain,0.466,60.0,1.762,105.7,130.4,57.4,47.3,0.3625,0.3625,1.27,4995.65,79.28,False,0.0431
2026-02-14 22:00:00,2026-02-14,22,Saturday,True,Suburban_Residential,Rain,0.521,60.0,1.812,108.72,123.1,52.3,43.6,0.354,0.354,1.353,4737.91,81.54,False,0.0456
2026-02-14 23:00:00,2026-02-14,23,Saturday,True,Suburban_Residential,Rain,0.568,60.0,1.969,118.11,138.2,52.8,44.1,0.319,0.319,1.614,5205.83,88.58,False,0.0534
2026-02-15 00:00:00,2026-02-15,0,Sunday,True,Suburban_Residential,Rain,0.258,60.0,1.0,60.0,22.3,44.9,14.4,0.644,0.644,-0.503,862.31,45.0,False,0.02
2026-02-15 01:00:00,2026-02-15,1,Sunday,True,Suburban_Residential,Rain,0.256,60.0,1.0,60.0,27.3,43.3,17.9,0.6562,0.6562,-0.37,1074.01,45.0,False,0.02
2026-02-15 02:00:00,2026-02-15,2,Sunday,True,Suburban_Residential,Rain,0.186,60.0,1.0,60.0,26.1,44.6,16.9,0.6501,0.6501,-0.415,1016.31,45.0,False,0.02
2026-02-15 03:00:00,2026-02-15,3,Sunday,True,Suburban_Residential,Rain,0.231,60.0,1.0,60.0,28.4,40.4,18.0,0.635,0.635,-0.298,1080.5,45.0,False,0.02
2026-02-15 04:00:00,2026-02-15,4,Sunday,True,Suburban_Residential,Rain,0.217,60.0,1.0,60.0,31.0,45.9,19.6,0.6345,0.6345,-0.326,1178.22,45.0,False,0.02
2026-02-15 05:00:00,2026-02-15,5,Sunday,True,Suburban_Residential,Rain,0.223,60.0,1.0,60.0,30.3,48.3,18.8,0.6212,0.6212,-0.373,1128.27,45.0,False,0.02
2026-02-15 06:00:00,2026-02-15,6,Sunday,True,Suburban_Residential,Rain,0.226,60.0,1.0,60.0,35.4,52.1,23.0,0.6499,0.6499,-0.321,1378.65,45.0,False,0.02
2026-02-15 07:00:00,2026-02-15,7,Sunday,True,Suburban_Residential,Rain,0.293,60.0,1.0,60.0,41.0,50.7,25.9,0.6304,0.6304,-0.19,1551.93,45.0,False,0.02
2026-02-15 08:00:00,2026-02-15,8,Sunday,True,Suburban_Residential,Rain,0.273,60.0,1.0,60.0,41.6,54.7,26.1,0.6283,0.6283,-0.239,1568.03,45.0,False,0.02
2026-02-15 09:00:00,2026-02-15,9,Sunday,True,Suburban_Residential,Rain,0.315,60.0,1.037,62.2,62.6,59.0,38.9,0.6215,0.6215,0.061,2421.57,46.65,False,0.02
2026-02-15 10:00:00,2026-02-15,10,Sunday,True,Suburban_Residential,Rain,0.366,60.0,1.233,74.0,77.3,55.6,38.2,0.4943,0.4943,0.389,2826.24,55.5,False,0.02
2026-02-15 11:00:00,2026-02-15,11,Sunday,True,Suburban_Residential,Rain,0.403,60.0,1.268,76.11,90.7,62.6,44.8,0.4943,0.4943,0.447,3411.1,57.08,False,0.02
2026-02-15 12:00:00,2026-02-15,12,Sunday,True,Suburban_Residential,Rain,0.443,60.0,1.346,80.73,108.6,68.9,49.4,0.4549,0.4549,0.576,3988.99,60.55,False,0.0223
2026-02-15 13:00:00,2026-02-15,13,Sunday,True,Suburban_Residential,Rain,0.435,60.0,1.737,104.25,126.4,56.7,46.6,0.3682,0.3682,1.229,4853.86,78.19,False,0.0419
2026-02-15 14:00:00,2026-02-15,14,Sunday,True,Suburban_Residential,Rain,0.554,60.0,1.552,93.12,131.9,68.7,52.8,0.4003,0.4003,0.92,4918.3,69.84,False,0.0326
2026-02-15 15:00:00,2026-02-15,15,Sunday,True,Suburban_Residential,Rain,0.517,60.0,1.512,90.72,118.4,63.9,47.9,0.4047,0.4047,0.853,4347.63,68.04,False,0.0306
2026-02-15 16:00:00,2026-02-15,16,Sunday,True,Suburban_Residential,Rain,0.395,60.0,1.236,74.14,112.3,80.6,57.1,0.5086,0.5086,0.393,4233.82,55.61,False,0.02
2026-02-15 17:00:00,2026-02-15,17,Sunday,True,Suburban_Residential,Rain,0.356,60.0,1.087,65.21,66.6,58.1,39.0,0.586,0.586,0.145,2543.7,48.91,False,0.02
2026-02-15 18:00:00,2026-02-15,18,Sunday,True,Suburban_Residential,Rain,0.373,60.0,1.039,62.33,77.3,72.6,47.4,0.6126,0.6126,0.065,2953.0,46.75,False,0.02
2026-02-15 19:00:00,2026-02-15,19,Sunday,True,Suburban_Residential,Rain,0.352,60.0,1.0,60.0,66.4,68.3,41.7,0.6274,0.6274,-0.027,2500.34,45.0,False,0.02
2026-02-15 20:00:00,2026-02-15,20,Sunday,True,Suburban_Residential,Rain,0.368,60.0,1.299,77.91,92.9,62.1,44.7,0.4809,0.4809,0.498,3482.36,58.43,False,0.02
2026-02-15 21:00:00,2026-02-15,21,Sunday,True,Suburban_Residential,Rain,0.429,60.0,1.77,106.17,130.7,57.3,46.8,0.358,0.358,1.283,4968.54,79.63,False,0.0435
2026-02-15 22:00:00,2026-02-15,22,Sunday,True,Suburban_Residential,Rain,0.507,60.0,1.884,113.07,146.3,59.1,48.6,0.3325,0.3325,1.474,5499.14,84.8,False,0.0492
2026-02-15 23:00:00,2026-02-15,23,Sunday,True,Suburban_Residential,Rain,0.5,60.0,2.082,124.93,137.5,49.0,41.2,0.2997,0.2997,1.804,5149.61,93.7,False,0.0591
2026-02-16 00:00:00,2026-02-16,0,Monday,False,Suburban_Residential,Clear,0.04,60.0,1.0,60.0,20.3,38.8,13.5,0.667,0.667,-0.477,811.17,45.0,False,0.02
2026-02-16 01:00:00,2026-02-16,1,Monday,False,Suburban_Residential,Clear,0.077,60.0,1.0,60.0,20.6,36.6,13.8,0.6701,0.6701,-0.438,827.17,45.0,False,0.02
2026-02-16 02:00:00,2026-02-16,2,Monday,False,Suburban_Residential,Clear,0.114,60.0,1.0,60.0,15.2,40.8,10.3,0.6765,0.6765,-0.626,618.98,45.0,False,0.02
2026-02-16 03:00:00,2026-02-16,3,Monday,False,Suburban_Residential,Clear,0.062,60.0,1.0,60.0,18.7,43.0,12.2,0.6529,0.6529,-0.564,732.75,45.0,False,0.02
2026-02-16 04:00:00,2026-02-16,4,Monday,False,Suburban_Residential,Clear,0.076,60.0,1.0,60.0,21.0,47.8,13.7,0.6543,0.6543,-0.561,823.85,45.0,False,0.02
2026-02-16 05:00:00,2026-02-16,5,Monday,False,Suburban_Residential,Clear,0.065,60.0,1.0,60.0,30.4,58.7,20.5,0.6754,0.6754,-0.483,1229.97,45.0,False,0.02
2026-02-16 06:00:00,2026-02-16,6,Monday,False,Suburban_Residential,Clear,0.157,60.0,1.0,60.0,56.2,58.2,37.8,0.6733,0.6733,-0.035,2270.1,45.0,False,0.02
2026-02-16 07:00:00,2026-02-16,7,Monday,False,Suburban_Residential,Clear,0.276,60.0,1.207,72.41,86.9,64.6,46.5,0.5347,0.5347,0.345,3365.27,54.31,False,0.02
2026-02-16 08:00:00,2026-02-16,8,Monday,False,Suburban_Residential,Clear,0.349,60.0,1.602,96.14,128.4,64.1,52.9,0.4117,0.4117,1.004,5081.69,72.11,False,0.0351
2026-02-16 09:00:00,2026-02-16,9,Monday,False,Suburban_Residential,Clear,0.399,60.0,1.516,90.99,125.8,67.6,53.7,0.4271,0.4271,0.861,4887.6,68.24,False,0.0308
2026-02-16 10:00:00,2026-02-16,10,Monday,False,Suburban_Residential,Clear,0.238,60.0,1.276,76.57,89.8,61.5,46.5,0.5184,0.5184,0.46,3564.24,57.43,False,0.02
2026-02-16 11:00:00,2026-02-16,11,Monday,False,Suburban_Residential,Clear,0.172,60.0,1.0,60.0,54.5,64.1,35.7,0.6555,0.6555,-0.15,2143.32,45.0,False,0.02
2026-02-16 12:00:00,2026-02-16,12,Monday,False,Suburban_Residential,Clear,0.103,60.0,1.0,60.0,25.7,68.0,17.0,0.6627,0.6627,-0.622,1021.86,45.0,False,0.02
2026-02-16 13:00:00,2026-02-16,13,Monday,False,Suburban_Residential,Clear,0.047,60.0,1.0,60.0,21.8,64.6,14.8,0.6775,0.6775,-0.662,886.89,45.0,False,0.02
2026-02-16 14:00:00,2026-02-16,14,Monday,False,Suburban_Residential,Clear,0.124,60.0,1.0,60.0,25.6,64.8,17.2,0.6716,0.6716,-0.606,1030.28,45.0,False,0.02
2026-02-16 15:00:00,2026-02-16,15,Monday,False,Suburban_Residential,Clear,0.11,60.0,1.0,60.0,37.2,69.0,24.8,0.6659,0.6659,-0.461,1485.21,45.0,False,0.02
2026-02-16 16:00:00,2026-02-16,16,Monday,False,Suburban_Residential,Clear,0.186,60.0,1.0,60.0,63.4,69.6,42.2,0.666,0.666,-0.089,2534.06,45.0,False,0.02
2026-02-16 17:00:00,2026-02-16,17,Monday,False,Suburban_Residential,Clear,0.317,60.0,1.404,84.21,124.7,74.5,58.1,0.4661,0.4661,0.673,4893.14,63.16,False,0.0252
2026-02-16 18:00:00,2026-02-16,18,Monday,False,Suburban_Residential,Clear,0.486,60.0,1.538,92.28,143.5,75.7,61.1,0.426,0.426,0.897,5641.87,69.21,False,0.0319
2026-02-16 19:00:00,2026-02-16,19,Monday,False,Suburban_Residential,Clear,0.399,60.0,1.516,90.98,144.8,77.8,62.9,0.4347,0.4347,0.86,5725.97,68.23,False,0.0308
2026-02-16 20:00:00,2026-02-16,20,Monday,False,Suburban_Residential,Clear,0.316,60.0,1.189,71.36,104.7,79.6,59.3,0.5661,0.5661,0.315,4228.75,53.52,False,0.02
2026-02-16 21:00:00,2026-02-16,21,Monday,False,Suburban_Residential,Clear,0.221,60.0,1.017,61.05,69.4,67.4,46.8,0.6752,0.6752,0.029,2858.8,45.79,False,0.02
2026-02-16 22:00:00,2026-02-16,22,Monday,False,Suburban_Residential,Clear,0.109,60.0,1.0,60.0,34.3,69.6,23.8,0.6933,0.6933,-0.507,1427.8,45.0,False,0.02
2026-02-16 23:00:00,2026-02-16,23,Monday,False,Suburban_Residential,Clear,0.085,60.0,1.0,60.0,23.0,53.3,15.2,0.6587,0.6587,-0.569,909.18,45.0,False,0.02
2026-02-17 00:00:00,2026-02-17,0,Tuesday,False,Suburban_Residential,Clear,0.041,60.0,1.0,60.0,19.1,40.4,12.5,0.6575,0.6575,-0.527,752.94,45.0,False,0.02
2026-02-17 01:00:00,2026-02-17,1,Tuesday,False,Suburban_Residential,Clear,0.086,60.0,1.0,60.0,19.1,40.7,13.5,0.706,0.706,-0.53,810.88,45.0,False,0.02
2026-02-17 02:00:00,2026-02-17,2,Tuesday,False,Suburban_Residential,Clear,0.075,60.0,1.0,60.0,17.5,43.4,11.8,0.6749,0.6749,-0.598,706.64,45.0,False,0.02
2026-02-17 03:00:00,2026-02-17,3,Tuesday,False,Suburban_Residential,Clear,0.065,60.0,1.0,60.0,20.5,51.0,14.2,0.6936,0.6936,-0.598,852.34,45.0,False,0.02
2026-02-17 04:00:00,2026-02-17,4,Tuesday,False,Suburban_Residential,Clear,0.051,60.0,1.0,60.0,22.5,47.5,15.4,0.6859,0.6859,-0.526,925.37,45.0,False,0.02
2026-02-17 05:00:00,2026-02-17,5,Tuesday,False,Suburban_Residential,Clear,0.094,60.0,1.0,60.0,29.6,54.0,19.2,0.6495,0.6495,-0.451,1154.28,45.0,False,0.02
2026-02-17 06:00:00,2026-02-17,6,Tuesday,False,Suburban_Residential,Clear,0.124,60.0,1.0,60.0,49.6,54.5,33.3,0.6704,0.6704,-0.089,1997.02,45.0,False,0.02
2026-02-17 07:00:00,2026-02-17,7,Tuesday,False,Suburban_Residential,Clear,0.296,60.0,1.164,69.82,81.5,64.0,45.9,0.5635,0.5635,0.273,3206.45,52.36,False,0.02
2026-02-17 08:00:00,2026-02-17,8,Tuesday,False,Suburban_Residential,Clear,0.358,60.0,1.538,92.28,131.3,69.2,55.6,0.4236,0.4236,0.897,5131.94,69.21,False,0.0319
2026-02-17 09:00:00,2026-02-17,9,Tuesday,False,Suburban_Residential,Clear,0.316,60.0,1.292,77.52,106.5,71.6,54.3,0.5096,0.5096,0.487,4205.95,58.14,False,0.02
2026-02-17 10:00:00,2026-02-17,10,Tuesday,False,Suburban_Residential,Clear,0.215,60.0,1.094,65.65,79.8,69.0,47.7,0.5974,0.5974,0.157,3130.71,49.24,False,0.02
2026-02-17 11:00:00,2026-02-17,11,Tuesday,False,Suburban_Residential,Clear,0.15,60.0,1.0,60.0,45.7,67.9,30.6,0.6705,0.6705,-0.327,1837.45,45.0,False,0.02
2026-02-17 12:00:00,2026-02-17,12,Tuesday,False,Suburban_Residential,Clear,0.097,60.0,1.0,60.0,31.2,61.2,20.9,0.6689,0.6689,-0.49,1251.19,45.0,False,0.02
2026-02-17 13:00:00,2026-02-17,13,Tuesday,False,Suburban_Residential,Clear,0.066,60.0,1.0,60.0,21.6,64.3,14.2,0.6588,0.6588,-0.664,853.68,45.0,False,0.02
2026-02-17 14:00:00,2026-02-17,14,Tuesday,False,Suburban_Residential,Clear,0.108,60.0,1.0,60.0,24.7,70.0,16.4,0.6644,0.6644,-0.647,986.09,45.0,False,0.02
2026-02-17 15:00:00,2026-02-17,15,Tuesday,False,Suburban_Residential,Clear,0.129,60.0,1.0,60.0,38.0,70.3,25.3,0.6647,0.6647,-0.459,1516.79,45.0,False,0.02
2026-02-17 16:00:00,2026-02-17,16,Tuesday,False,Suburban_Residential,Clear,0.233,60.0,1.0,60.0,72.0,73.9,46.9,0.6518,0.6518,-0.026,2815.09,45.0,False,0.02
2026-02-17 17:00:00,2026-02-17,17,Tuesday,False,Suburban_Residential,Clear,0.348,60.0,1.397,83.82,115.6,69.6,52.8,0.4567,0.4567,0.662,4424.39,62.86,False,0.0249
2026-02-17 18:00:00,2026-02-17,18,Tuesday,False,Suburban_Residential,Clear,0.37,60.0,1.502,90.14,135.0,73.5,58.2,0.4311,0.4311,0.837,5246.46,67.61,False,0.0301
2026-02-17 19:00:00,2026-02-17,19,Tuesday,False,Suburban_Residential,Clear,0.41,60.0,1.458,87.45,134.7,76.4,62.6,0.4647,0.4647,0.763,5474.4,65.59,False,0.0279
2026-02-17 20:00:00,2026-02-17,20,Tuesday,False,Suburban_Residential,Clear,0.342,60.0,1.306,78.38,105.9,70.1,54.1,0.5103,0.5103,0.51,4237.88,58.78,False,0.0203
2026-02-17 21:00:00,2026-02-17,21,Tuesday,False,Suburban_Residential,Clear,0.174,60.0,1.007,60.41,66.7,66.0,43.1,0.6455,0.6455,0.011,2602.1,45.31,False,0.02
2026-02-17 22:00:00,2026-02-17,22,Tuesday,False,Suburban_Residential,Clear,0.12,60.0,1.0,60.0,40.6,66.6,27.7,0.6829,0.6829,-0.391,1663.11,45.0,False,0.02
2026-02-17 23:00:00,2026-02-17,23,Tuesday,False,Suburban_Residential,Clear,0.101,60.0,1.0,60.0,23.3,63.2,16.1,0.6902,0.6902,-0.631,966.83,45.0,False,0.02
2026-02-18 00:00:00,2026-02-18,0,Wednesday,False,Suburban_Residential,Clear,0.066,60.0,1.0,60.0,19.9,38.0,13.4,0.6725,0.6725,-0.477,801.9,45.0,False,0.02
2026-02-18 01:00:00,2026-02-18,1,Wednesday,False,Suburban_Residential,Clear,0.01,60.0,1.0,60.0,19.1,42.1,12.9,0.6757,0.6757,-0.546,775.3,45.0,False,0.02
2026-02-18 02:00:00,2026-02-18,2,Wednesday,False,Suburban_Residential,Clear,0.027,60.0,1.0,60.0,18.7,46.1,12.6,0.6708,0.6708,-0.593,754.4,45.0,False,0.02
2026-02-18 03:00:00,2026-02-18,3,Wednesday,False,Suburban_Residential,Clear,0.075,60.0,1.0,60.0,18.1,45.2,12.1,0.6703,0.6703,-0.601,726.54,45.0,False,0.02
2026-02-18 04:00:00,2026-02-18,4,Wednesday,False,Suburban_Residential,Clear,0.018,60.0,1.0,60.0,18.5,49.5,12.4,0.6706,0.6706,-0.627,743.86,45.0,False,0.02
2026-02-18 05:00:00,2026-02-18,5,Wednesday,False,Suburban_Residential,Clear,0.122,60.0,1.0,60.0,27.9,57.6,18.0,0.6466,0.6466,-0.516,1082.93,45.0,False,0.02
2026-02-18 06:00:00,2026-02-18,6,Wednesday,False,Suburban_Residential,Clear,0.118,60.0,1.0,60.0,45.1,60.3,30.3,0.6721,0.6721,-0.252,1819.02,45.0,False,0.02
2026-02-18 07:00:00,2026-02-18,7,Wednesday,False,Suburban_Residential,Clear,0.212,60.0,1.331,79.88,90.5,58.3,43.5,0.48,0.48,0.552,3471.29,59.91,False,0.0216
2026-02-18 08:00:00,2026-02-18,8,Wednesday,False,Suburban_Residential,Clear,0.309,60.0,1.449,86.91,107.4,61.4,48.6,0.4523,0.4523,0.748,4220.34,65.18,False,0.0274
2026-02-18 09:00:00,2026-02-18,9,Wednesday,False,Suburban_Residential,Clear,0.357,60.0,1.511,90.64,127.9,69.1,54.8,0.4286,0.4286,0.851,4970.07,67.98,False,0.0305
2026-02-18 10:00:00,2026-02-18,10,Wednesday,False,Suburban_Residential,Clear,0.299,60.0,1.171,70.25,92.3,71.8,52.5,0.5686,0.5686,0.285,3686.52,52.69,False,0.02
2026-02-18 11:00:00,2026-02-18,11,Wednesday,False,Suburban_Residential,Clear,0.203,60.0,1.0,60.0,48.2,68.3,31.7,0.6578,0.6578,-0.294,1903.9,45.0,False,0.02
2026-02-18 12:00:00,2026-02-18,12,Wednesday,False,Suburban_Residential,Clear,0.106,60.0,1.0,60.0,28.5,66.7,18.5,0.6492,0.6492,-0.573,1109.95,45.0,False,0.02
2026-02-18 13:00:00,2026-02-18,13,Wednesday,False,Suburban_Residential,Clear,0.059,60.0,1.0,60.0,23.7,67.7,15.8,0.6674,0.6674,-0.65,947.43,45.0,False,0.02
2026-02-18 14:00:00,2026-02-18,14,Wednesday,False,Suburban_Residential,Clear,0.135,60.0,1.0,60.0,23.4,66.9,15.7,0.6724,0.6724,-0.65,944.18,45.0,False,0.02
2026-02-18 15:00:00,2026-02-18,15,Wednesday,False,Suburban_Residential,Clear,0.118,60.0,1.0,60.0,34.3,78.1,23.5,0.6846,0.6846,-0.56,1409.73,45.0,False,0.02
2026-02-18 16:00:00,2026-02-18,16,Wednesday,False,Suburban_Residential,Clear,0.172,60.0,1.043,62.57,72.2,67.3,45.6,0.6322,0.6322,0.072,2854.46,46.93,False,0.02
2026-02-18 17:00:00,2026-02-18,17,Wednesday,False,Suburban_Residential,Clear,0.286,60.0,1.438,86.3,122.4,70.7,57.7,0.4716,0.4716,0.731,4983.25,64.72,False,0.0269
2026-02-18 18:00:00,2026-02-18,18,Wednesday,False,Suburban_Residential,Clear,0.418,60.0,1.56,93.6,159.6,82.5,68.3,0.428,0.428,0.933,6392.0,70.2,False,0.033
2026-02-18 19:00:00,2026-02-18,19,Wednesday,False,Suburban_Residential,Clear,0.463,60.0,1.612,96.71,142.1,70.4,56.7,0.3989,0.3989,1.02,5481.99,72.53,False,0.0356
2026-02-18 20:00:00,2026-02-18,20,Wednesday,False,Suburban_Residential,Clear,0.33,60.0,1.18,70.82,98.7,75.9,55.3,0.5602,0.5602,0.301,3915.29,53.11,False,0.02
2026-02-18 21:00:00,2026-02-18,21,Wednesday,False,Suburban_Residential,Clear,0.165,60.0,1.028,61.67,68.7,65.7,43.5,0.6335,0.6335,0.046,2685.54,46.25,False,0.02
2026-02-18 22:00:00,2026-02-18,22,Wednesday,False,Suburban_Residential,Clear,0.09,60.0,1.0,60.0,40.2,63.1,26.9,0.6688,0.6688,-0.364,1611.7,45.0,False,0.02
2026-02-18 23:00:00,2026-02-18,23,Wednesday,False,Suburban_Residential,Clear,0.097,60.0,1.0,60.0,23.5,53.2,15.8,0.6724,0.6724,-0.559,946.33,45.0,False,0.02
2026-02-19 00:00:00,2026-02-19,0,Thursday,False,Suburban_Residential,Clear,0.09,60.0,1.0,60.0,19.1,40.2,12.8,0.6732,0.6732,-0.526,770.04,45.0,False,0.02
2026-02-19 01:00:00,2026-02-19,1,Thursday,False,Suburban_Residential,Clear,0.029,60.0,1.0,60.0,19.9,41.4,13.2,0.6634,0.6634,-0.519,792.41,45.0,False,0.02
2026-02-19 02:00:00,2026-02-19,2,Thursday,False,Suburban_Residential,Clear,0.082,60.0,1.0,60.0,17.2,39.7,11.4,0.6634,0.6634,-0.568,682.98,45.0,False,0.02
2026-02-19 03:00:00,2026-02-19,3,Thursday,False,Suburban_Residential,Clear,0.027,60.0,1.0,60.0,21.0,49.8,14.2,0.6759,0.6759,-0.579,849.81,45.0,False,0.02
2026-02-19 04:00:00,2026-02-19,4,Thursday,False,Suburban_Residential,Clear,0.038,60.0,1.0,60.0,22.1,49.7,15.0,0.6774,0.6774,-0.554,899.27,45.0,False,0.02
2026-02-19 05:00:00,2026-02-19,5,Thursday,False,Suburban_Residential,Clear,0.108,60.0,1.0,60.0,27.2,59.7,18.4,0.6735,0.6735,-0.544,1101.04,45.0,False,0.02
2026-02-19 06:00:00,2026-02-19,6,Thursday,False,Suburban_Residential,Clear,0.157,60.0,1.0,60.0,52.3,65.9,35.1,0.6719,0.6719,-0.206,2108.91,45.0,False,0.02
2026-02-19 07:00:00,2026-02-19,7,Thursday,False,Suburban_Residential,Clear,0.22,60.0,1.126,67.56,71.5,59.1,43.0,0.6013,0.6013,0.21,2905.67,50.67,False,0.02
2026-02-19 08:00:00,2026-02-19,8,Thursday,False,Suburban_Residential,Clear,0.323,60.0,1.657,99.41,133.4,63.7,53.7,0.403,0.403,1.095,5342.6,74.56,False,0.0378
2026-02-19 09:00:00,2026-02-19,9,Thursday,False,Suburban_Residential,Clear,0.388,60.0,1.384,83.06,102.5,62.5,49.0,0.478,0.478,0.641,4070.17,62.3,False,0.0242
2026-02-19 10:00:00,2026-02-19,10,Thursday,False,Suburban_Residential,Clear,0.252,60.0,1.163,69.76,94.3,74.2,53.0,0.5616,0.5616,0.271,3694.1,52.32,False,0.02
2026-02-19 11:00:00,2026-02-19,11,Thursday,False,Suburban_Residential,Clear,0.192,60.0,1.0,60.0,55.4,68.1,37.9,0.6845,0.6845,-0.187,2275.37,45.0,False,0.02
2026-02-19 12:00:00,2026-02-19,12,Thursday,False,Suburban_Residential,Clear,0.044,60.0,1.0,60.0,28.4,71.0,19.0,0.667,0.667,-0.6,1138.55,45.0,False,0.02
2026-02-19 13:00:00,2026-02-19,13,Thursday,False,Suburban_Residential,Clear,0.079,60.0,1.0,60.0,20.4,66.2,13.5,0.6633,0.6633,-0.692,812.49,45.0,False,0.02
2026-02-19 14:00:00,2026-02-19,14,Thursday,False,Suburban_Residential,Clear,0.06,60.0,1.0,60.0,23.1,69.6,15.3,0.6628,0.6628,-0.667,920.4,45.0,False,0.02
2026-02-19 15:00:00,2026-02-19,15,Thursday,False,Suburban_Residential,Clear,0.095,60.0,1.0,60.0,42.6,67.0,28.2,0.6611,0.6611,-0.365,1689.37,45.0,False,0.02
2026-02-19 16:00:00,2026-02-19,16,Thursday,False,Suburban_Residential,Clear,0.229,60.0,1.047,62.8,74.3,69.0,47.3,0.637,0.637,0.078,2973.23,47.1,False,0.02
2026-02-19 17:00:00,2026-02-19,17,Thursday,False,Suburban_Residential,Clear,0.306,60.0,1.412,84.74,121.4,71.9,57.0,0.4696,0.4696,0.687,4829.22,63.55,False,0.0256
2026-02-19 18:00:00,2026-02-19,18,Thursday,False,Suburban_Residential,Clear,0.397,60.0,1.415,84.88,140.9,83.3,66.3,0.4705,0.4705,0.691,5626.63,63.66,False,0.0257
2026-02-19 19:00:00,2026-02-19,19,Thursday,False,Suburban_Residential,Clear,0.361,60.0,1.513,90.77,135.4,73.0,58.3,0.4309,0.4309,0.855,5294.16,68.08,False,0.0306
2026-02-19 20:00:00,2026-02-19,20,Thursday,False,Suburban_Residential,Clear,0.299,60.0,1.337,80.21,111.0,71.1,55.3,0.4978,0.4978,0.561,4432.18,60.16,False,0.0218
2026-02-19 21:00:00,2026-02-19,21,Thursday,False,Suburban_Residential,Clear,0.181,60.0,1.075,64.52,70.3,62.4,44.0,0.6257,0.6257,0.126,2836.26,48.39,False,0.02
2026-02-19 22:00:00,2026-02-19,22,Thursday,False,Suburban_Residential,Clear,0.124,60.0,1.0,60.0,41.4,65.6,27.5,0.6658,0.6658,-0.37,1652.95,45.0,False,0.02
2026-02-19 23:00:00,2026-02-19,23,Thursday,False,Suburban_Residential,Clear,0.055,60.0,1.0,60.0,24.6,59.8,15.8,0.6418,0.6418,-0.588,947.94,45.0,False,0.02
2026-02-20 00:00:00,2026-02-20,0,Friday,False,Suburban_Residential,Clear,0.056,60.0,1.0,60.0,18.5,36.3,12.4,0.6715,0.6715,-0.49,745.93,45.0,False,0.02
2026-02-20 01:00:00,2026-02-20,1,Friday,False,Suburban_Residential,Clear,0.062,60.0,1.0,60.0,21.3,39.2,14.5,0.6823,0.6823,-0.457,871.14,45.0,False,0.02
2026-02-20 02:00:00,2026-02-20,2,Friday,False,Suburban_Residential,Clear,0.059,60.0,1.0,60.0,18.7,44.0,12.7,0.6766,0.6766,-0.575,759.12,45.0,False,0.02
2026-02-20 03:00:00,2026-02-20,3,Friday,False,Suburban_Residential,Clear,0.014,60.0,1.0,60.0,19.5,45.2,13.3,0.681,0.681,-0.57,795.05,45.0,False,0.02
2026-02-20 04:00:00,2026-02-20,4,Friday,False,Suburban_Residential,Clear,0.044,60.0,1.0,60.0,18.6,46.4,12.4,0.6669,0.6669,-0.599,743.25,45.0,False,0.02
2026-02-20 05:00:00,2026-02-20,5,Friday,False,Suburban_Residential,Clear,0.052,60.0,1.0,60.0,29.8,57.0,19.1,0.641,0.641,-0.478,1144.3,45.0,False,0.02
2026-02-20 06:00:00,2026-02-20,6,Friday,False,Suburban_Residential,Clear,0.171,60.0,1.0,60.0,50.7,56.2,34.2,0.6744,0.6744,-0.098,2049.77,45.0,False,0.02
2026-02-20 07:00:00,2026-02-20,7,Friday,False,Suburban_Residential,Clear,0.214,60.0,1.094,65.63,81.3,70.3,48.4,0.5954,0.5954,0.156,3175.21,49.22,False,0.02
2026-02-20 08:00:00,2026-02-20,8,Friday,False,Suburban_Residential,Clear,0.363,60.0,1.516,90.97,127.2,68.4,55.5,0.4365,0.4365,0.86,5049.27,68.23,False,0.0308
2026-02-20 09:00:00,2026-02-20,9,Friday,False,Suburban_Residential,Clear,0.347,60.0,1.407,84.44,117.6,70.0,54.3,0.4622,0.4622,0.679,4588.24,63.33,False,0.0254
2026-02-20 10:00:00,2026-02-20,10,Friday,False,Suburban_Residential,Clear,0.261,60.0,1.156,69.35,82.6,65.6,48.8,0.5903,0.5903,0.26,3383.14,52.01,False,0.02
2026-02-20 11:00:00,2026-02-20,11,Friday,False,Suburban_Residential,Clear,0.135,60.0,1.0,60.0,50.7,68.6,34.8,0.6866,0.6866,-0.262,2086.73,45.0,False,0.02
2026-02-20 12:00:00,2026-02-20,12,Friday,False,Suburban_Residential,Clear,0.055,60.0,1.0,60.0,27.3,67.0,18.0,0.6578,0.6578,-0.592,1079.07,45.0,False,0.02
2026-02-20 13:00:00,2026-02-20,13,Friday,False,Suburban_Residential,Clear,0.091,60.0,1.0,60.0,20.1,61.4,13.5,0.673,0.673,-0.673,812.3,45.0,False,0.02
2026-02-20 14:00:00,2026-02-20,14,Friday,False,Suburban_Residential,Clear,0.117,60.0,1.0,60.0,23.0,61.2,15.7,0.6853,0.6853,-0.625,944.06,45.0,False,0.02
2026-02-20 15:00:00,2026-02-20,15,Friday,False,Suburban_Residential,Clear,0.107,60.0,1.0,60.0,38.1,64.7,25.9,0.6794,0.6794,-0.412,1551.1,45.0,False,0.02
2026-02-20 16:00:00,2026-02-20,16,Friday,False,Suburban_Residential,Clear,0.236,60.0,1.053,63.18,71.0,65.3,44.9,0.6319,0.6319,0.088,2836.21,47.38,False,0.02
2026-02-20 17:00:00,2026-02-20,17,Friday,False,Suburban_Residential,Clear,0.343,60.0,1.264,75.85,109.7,76.2,55.2,0.5033,0.5033,0.44,4190.05,56.89,False,0.02
2026-02-20 18:00:00,2026-02-20,18,Friday,False,Suburban_Residential,Clear,0.435,60.0,1.605,96.32,147.2,73.3,59.4,0.4032,0.4032,1.009,5716.77,72.24,False,0.0353
2026-02-20 19:00:00,2026-02-20,19,Friday,False,Suburban_Residential,Clear,0.383,60.0,1.502,90.1,137.6,75.0,60.6,0.4403,0.4403,0.836,5460.38,67.57,False,0.0301
2026-02-20 20:00:00,2026-02-20,20,Friday,False,Suburban_Residential,Clear,0.297,60.0,1.282,76.94,97.6,66.4,50.2,0.5147,0.5147,0.47,3865.18,57.7,False,0.02
2026-02-20 21:00:00,2026-02-20,21,Friday,False,Suburban_Residential,Clear,0.218,60.0,1.0,60.0,67.7,68.6,45.3,0.669,0.669,-0.013,2717.08,45.0,False,0.02
2026-02-20 22:00:00,2026-02-20,22,Friday,False,Suburban_Residential,Clear,0.158,60.0,1.0,60.0,43.2,61.3,28.9,0.6681,0.6681,-0.295,1733.04,45.0,False,0.02
2026-02-20 23:00:00,2026-02-20,23,Friday,False,Suburban_Residential,Clear,0.075,60.0,1.0,60.0,23.7,59.2,15.5,0.6547,0.6547,-0.599,932.1,45.0,False,0.02
2026-02-21 00:00:00,2026-02-21,0,Saturday,True,Suburban_Residential,Clear,0.06,60.0,1.0,60.0,24.7,35.5,16.2,0.6549,0.6549,-0.304,971.58,45.0,False,0.02
2026-02-21 01:00:00,2026-02-21,1,Saturday,True,Suburban_Residential,Clear,0.031,60.0,1.0,60.0,24.8,44.4,16.4,0.6605,0.6605,-0.44,984.47,45.0,False,0.02
2026-02-21 02:00:00,2026-02-21,2,Saturday,True,Suburban_Residential,Clear,0.028,60.0,1.0,60.0,27.2,42.5,18.0,0.6625,0.6625,-0.362,1079.42,45.0,False,0.02
2026-02-21 03:00:00,2026-02-21,3,Saturday,True,Suburban_Residential,Clear,0.103,60.0,1.0,60.0,27.0,44.1,18.2,0.6747,0.6747,-0.386,1094.54,45.0,False,0.02
2026-02-21 04:00:00,2026-02-21,4,Saturday,True,Suburban_Residential,Clear,0.052,60.0,1.0,60.0,25.3,44.7,17.5,0.6906,0.6906,-0.435,1047.09,45.0,False,0.02
2026-02-21 05:00:00,2026-02-21,5,Saturday,True,Suburban_Residential,Clear,0.077,60.0,1.0,60.0,27.3,43.8,18.9,0.6898,0.6898,-0.377,1131.14,45.0,False,0.02
2026-02-21 06:00:00,2026-02-21,6,Saturday,True,Suburban_Residential,Clear,0.037,60.0,1.0,60.0,33.5,50.8,22.7,0.6762,0.6762,-0.34,1360.41,45.0,False,0.02
2026-02-21 07:00:00,2026-02-21,7,Saturday,True,Suburban_Residential,Clear,0.091,60.0,1.0,60.0,29.7,49.9,20.5,0.69,0.69,-0.404,1230.69,45.0,False,0.02
2026-02-21 08:00:00,2026-02-21,8,Saturday,True,Suburban_Residential,Clear,0.109,60.0,1.0,60.0,32.1,55.3,21.8,0.6808,0.6808,-0.42,1310.4,45.0,False,0.02
2026-02-21 09:00:00,2026-02-21,9,Saturday,True,Suburban_Residential,Clear,0.139,60.0,1.0,60.0,49.0,58.7,33.2,0.6786,0.6786,-0.166,1994.93,45.0,False,0.02
2026-02-21 10:00:00,2026-02-21,10,Saturday,True,Suburban_Residential,Clear,0.252,60.0,1.086,65.17,61.7,53.9,37.7,0.6113,0.6113,0.144,2456.07,48.88,False,0.02
2026-02-21 11:00:00,2026-02-21,11,Saturday,True,Suburban_Residential,Clear,0.233,60.0,1.119,67.16,79.4,66.2,46.6,0.5874,0.5874,0.199,3131.54,50.37,False,0.02
2026-02-21 12:00:00,2026-02-21,12,Saturday,True,Suburban_Residential,Clear,0.346,60.0,1.257,75.41,101.5,71.1,52.9,0.5213,0.5213,0.428,3991.19,56.56,False,0.02
2026-02-21 13:00:00,2026-02-21,13,Saturday,True,Suburban_Residential,Clear,0.314,60.0,1.503,90.16,129.9,70.7,55.8,0.4298,0.4298,0.838,5032.48,67.62,False,0.0301
2026-02-21 14:00:00,2026-02-21,14,Saturday,True,Suburban_Residential,Clear,0.303,60.0,1.325,79.51,107.6,69.8,53.3,0.495,0.495,0.542,4234.32,59.63,False,0.0213
2026-02-21 15:00:00,2026-02-21,15,Saturday,True,Suburban_Residential,Clear,0.283,60.0,1.239,74.36,93.0,66.5,50.2,0.5405,0.5405,0.399,3736.31,55.77,False,0.02
2026-02-21 16:00:00,2026-02-21,16,Saturday,True,Suburban_Residential,Clear,0.298,60.0,1.063,63.77,85.8,77.7,52.8,0.6157,0.6157,0.105,3370.22,47.83,False,0.02
2026-02-21 17:00:00,2026-02-21,17,Saturday,True,Suburban_Residential,Clear,0.228,60.0,1.005,60.27,74.5,73.9,50.4,0.6771,0.6771,0.008,3040.23,45.2,False,0.02
2026-02-21 18:00:00,2026-02-21,18,Saturday,True,Suburban_Residential,Clear,0.207,60.0,1.066,63.98,68.1,61.4,43.0,0.6309,0.6309,0.11,2750.29,47.98,False,0.02
2026-02-21 19:00:00,2026-02-21,19,Saturday,True,Suburban_Residential,Clear,0.192,60.0,1.188,71.26,80.7,61.5,44.3,0.5492,0.5492,0.313,3159.13,53.45,False,0.02
2026-02-21 20:00:00,2026-02-21,20,Saturday,True,Suburban_Residential,Clear,0.275,60.0,1.189,71.36,80.2,60.9,45.3,0.5652,0.5652,0.316,3233.74,53.52,False,0.02
2026-02-21 21:00:00,2026-02-21,21,Saturday,True,Suburban_Residential,Clear,0.32,60.0,1.525,91.5,106.1,56.6,46.1,0.4342,0.4342,0.875,4216.87,68.62,False,0.0312
2026-02-21 22:00:00,2026-02-21,22,Saturday,True,Suburban_Residential,Clear,0.366,60.0,1.791,107.44,121.7,52.5,44.0,0.3617,0.3617,1.318,4727.79,80.58,False,0.0445
2026-02-21 23:00:00,2026-02-21,23,Saturday,True,Suburban_Residential,Clear,0.379,60.0,1.668,100.06,119.9,56.8,46.6,0.3883,0.3883,1.113,4660.18,75.05,False,0.0384
2026-02-22 00:00:00,2026-02-22,0,Sunday,True,Suburban_Residential,Rain,0.248,60.0,1.0,60.0,24.8,43.5,15.7,0.6361,0.6361,-0.431,944.95,45.0,False,0.02
2026-02-22 01:00:00,2026-02-22,1,Sunday,True,Suburban_Residential,Rain,0.226,60.0,1.0,60.0,28.3,44.9,18.5,0.6557,0.6557,-0.37,1112.98,45.0,False,0.02
2026-02-22 02:00:00,2026-02-22,2,Sunday,True,Suburban_Residential,Rain,0.205,60.0,1.0,60.0,24.8,41.6,15.5,0.6233,0.6233,-0.403,929.13,45.0,False,0.02
2026-02-22 03:00:00,2026-02-22,3,Sunday,True,Suburban_Residential,Rain,0.242,60.0,1.0,60.0,26.0,44.7,16.4,0.6293,0.6293,-0.417,982.32,45.0,False,0.02
2026-02-22 04:00:00,2026-02-22,4,Sunday,True,Suburban_Residential,Rain,0.17,60.0,1.0,60.0,30.0,42.8,19.0,0.6322,0.6322,-0.299,1137.94,45.0,False,0.02
2026-02-22 05:00:00,2026-02-22,5,Sunday,True,Suburban_Residential,Rain,0.24,60.0,1.0,60.0,30.2,44.5,19.6,0.6474,0.6474,-0.321,1174.34,45.0,False,0.02
2026-02-22 06:00:00,2026-02-22,6,Sunday,True,Suburban_Residential,Rain,0.246,60.0,1.0,60.0,29.0,48.7,17.6,0.6094,0.6094,-0.406,1058.66,45.0,False,0.02
2026-02-22 07:00:00,2026-02-22,7,Sunday,True,Suburban_Residential,Rain,0.249,60.0,1.0,60.0,36.5,49.5,22.9,0.6263,0.6263,-0.261,1372.97,45.0,False,0.02
2026-02-22 08:00:00,2026-02-22,8,Sunday,True,Suburban_Residential,Rain,0.25,60.0,1.0,60.0,43.0,53.1,25.9,0.6007,0.6007,-0.189,1551.46,45.0,False,0.02
2026-02-22 09:00:00,2026-02-22,9,Sunday,True,Suburban_Residential,Rain,0.315,60.0,1.043,62.58,53.4,49.8,33.2,0.6216,0.6216,0.072,2075.33,46.94,False,0.02
2026-02-22 10:00:00,2026-02-22,10,Sunday,True,Suburban_Residential,Rain,0.368,60.0,1.302,78.11,77.9,51.8,38.7,0.4965,0.4965,0.503,3022.09,58.58,False,0.0201
2026-02-22 11:00:00,2026-02-22,11,Sunday,True,Suburban_Residential,Rain,0.4,60.0,1.156,69.37,86.9,69.0,47.7,0.5483,0.5483,0.26,3307.03,52.03,False,0.02
2026-02-22 12:00:00,2026-02-22,12,Sunday,True,Suburban_Residential,Rain,0.468,60.0,1.323,79.4,103.2,67.0,49.9,0.4838,0.4838,0.539,3962.91,59.55,False,0.0212
2026-02-22 13:00:00,2026-02-22,13,Sunday,True,Suburban_Residential,Rain,0.423,60.0,1.433,86.0,122.7,71.2,52.4,0.4272,0.4272,0.722,4507.55,64.5,False,0.0267
2026-02-22 14:00:00,2026-02-22,14,Sunday,True,Suburban_Residential,Rain,0.459,60.0,1.551,93.07,128.4,66.9,51.8,0.4036,0.4036,0.919,4823.81,69.8,False,0.0326
2026-02-22 15:00:00,2026-02-22,15,Sunday,True,Suburban_Residential,Rain,0.462,60.0,1.334,80.05,112.7,72.4,51.4,0.4557,0.4557,0.557,4111.61,60.04,False,0.0217
2026-02-22 16:00:00,2026-02-22,16,Sunday,True,Suburban_Residential,Rain,0.463,60.0,1.242,74.5,101.7,72.5,51.2,0.5035,0.5035,0.403,3815.33,55.88,False,0.02
2026-02-22 17:00:00,2026-02-22,17,Sunday,True,Suburban_Residential,Rain,0.396,60.0,1.09,65.38,87.7,76.3,49.5,0.5639,0.5639,0.149,3233.98,49.03,False,0.02
2026-02-22 18:00:00,2026-02-22,18,Sunday,True,Suburban_Residential,Rain,0.321,60.0,1.0,60.0,65.8,72.0,40.9,0.6211,0.6211,-0.086,2451.15,45.0,False,0.02
2026-02-22 19:00:00,2026-02-22,19,Sunday,True,Suburban_Residential,Rain,0.361,60.0,1.129,67.75,83.2,68.4,47.1,0.5666,0.5666,0.215,3192.59,50.81,False,0.02
2026-02-22 20:00:00,2026-02-22,20,Sunday,True,Suburban_Residential,Rain,0.421,60.0,1.28,76.79,90.3,61.6,43.4,0.4802,0.4802,0.466,3329.65,57.59,False,0.02
2026-02-22 21:00:00,2026-02-22,21,Sunday,True,Suburban_Residential,Rain,0.47,60.0,1.617,97.01,106.3,52.4,41.4,0.3891,0.3891,1.028,4012.08,72.76,False,0.0358
2026-02-22 22:00:00,2026-02-22,22,Sunday,True,Suburban_Residential,Rain,0.532,60.0,1.772,106.32,137.0,59.9,47.8,0.3491,0.3491,1.287,5087.34,79.74,False,0.0436
2026-02-22 23:00:00,2026-02-22,23,Sunday,True,Suburban_Residential,Rain,0.481,60.0,2.181,130.86,146.7,49.4,43.1,0.2936,0.2936,1.968,5635.73,98.15,False,0.0641
2026-02-23 00:00:00,2026-02-23,0,Monday,False,Suburban_Residential,Clear,0.028,60.0,1.0,60.0,21.0,40.4,13.9,0.6601,0.6601,-0.48,833.46,45.0,False,0.02
2026-02-23 01:00:00,2026-02-23,1,Monday,False,Suburban_Residential,Clear,0.107,60.0,1.0,60.0,20.4,39.1,13.5,0.6657,0.6657,-0.48,812.98,45.0,False,0.02
2026-02-23 02:00:00,2026-02-23,2,Monday,False,Suburban_Residential,Clear,0.047,60.0,1.0,60.0,18.9,44.7,13.0,0.689,0.689,-0.577,782.68,45.0,False,0.02
2026-02-23 03:00:00,2026-02-23,3,Monday,False,Suburban_Residential,Clear,0.032,60.0,1.0,60.0,20.6,50.3,13.9,0.6745,0.6745,-0.591,832.81,45.0,False,0.02
2026-02-23 04:00:00,2026-02-23,4,Monday,False,Suburban_Residential,Clear,0.075,60.0,1.0,60.0,23.2,50.5,15.7,0.6782,0.6782,-0.54,944.67,45.0,False,0.02
2026-02-23 05:00:00,2026-02-23,5,Monday,False,Suburban_Residential,Clear,0.061,60.0,1.0,60.0,26.5,54.8,18.1,0.6827,0.6827,-0.516,1086.95,45.0,False,0.02
2026-02-23 06:00:00,2026-02-23,6,Monday,False,Suburban_Residential,Clear,0.115,60.0,1.0,60.0,47.1,55.7,31.8,0.6757,0.6757,-0.156,1907.54,45.0,False,0.02
2026-02-23 07:00:00,2026-02-23,7,Monday,False,Suburban_Residential,Clear,0.269,60.0,1.187,71.21,78.8,60.1,43.3,0.5494,0.5494,0.312,3082.61,53.41,False,0.02
2026-02-23 08:00:00,2026-02-23,8,Monday,False,Suburban_Residential,Clear,0.33,60.0,1.451,87.07,122.8,70.1,54.6,0.445,0.445,0.752,4756.72,65.3,False,0.0276
2026-02-23 09:00:00,2026-02-23,9,Monday,False,Suburban_Residential,Clear,0.36,60.0,1.364,81.85,105.7,65.8,50.3,0.476,0.476,0.607,4119.21,61.39,False,0.0232
2026-02-23 10:00:00,2026-02-23,10,Monday,False,Suburban_Residential,Clear,0.309,60.0,1.238,74.3,85.1,60.9,46.1,0.5419,0.5419,0.397,3428.54,55.72,False,0.02
2026-02-23 11:00:00,2026-02-23,11,Monday,False,Suburban_Residential,Clear,0.139,60.0,1.0,60.0,48.9,69.7,31.8,0.6514,0.6514,-0.299,1910.22,45.0,False,0.02
2026-02-23 12:00:00,2026-02-23,12,Monday,False,Suburban_Residential,Clear,0.086,60.0,1.0,60.0,30.2,64.1,20.1,0.6636,0.6636,-0.528,1203.52,45.0,False,0.02
2026-02-23 13:00:00,2026-02-23,13,Monday,False,Suburban_Residential,Clear,0.065,60.0,1.0,60.0,23.3,61.2,15.3,0.6563,0.6563,-0.62,916.67,45.0,False,0.02
2026-02-23 14:00:00,2026-02-23,14,Monday,False,Suburban_Residential,Clear,0.056,60.0,1.0,60.0,27.8,59.4,18.7,0.6732,0.6732,-0.531,1124.18,45.0,False,0.02
2026-02-23 15:00:00,2026-02-23,15,Monday,False,Suburban_Residential,Clear,0.175,60.0,1.0,60.0,37.1,69.8,24.8,0.6697,0.6697,-0.468,1490.04,45.0,False,0.02
2026-02-23 16:00:00,2026-02-23,16,Monday,False,Suburban_Residential,Clear,0.157,60.0,1.0,60.0,67.2,71.5,44.2,0.658,0.658,-0.061,2653.36,45.0,False,0.02
2026-02-23 17:00:00,2026-02-23,17,Monday,False,Suburban_Residential,Clear,0.332,60.0,1.418,85.1,120.3,70.9,54.1,0.4493,0.4493,0.697,4600.35,63.82,False,0.0259
2026-02-23 18:00:00,2026-02-23,18,Monday,False,Suburban_Residential,Clear,0.455,60.0,1.582,94.91,140.3,71.2,56.5,0.4027,0.4027,0.97,5362.97,71.18,False,0.0341
2026-02-23 19:00:00,2026-02-23,19,Monday,False,Suburban_Residential,Clear,0.408,60.0,1.861,111.64,159.2,65.4,55.1,0.3459,0.3459,1.434,6148.01,83.73,False,0.048
2026-02-23 20:00:00,2026-02-23,20,Monday,False,Suburban_Residential,Clear,0.314,60.0,1.316,78.99,111.0,72.7,54.3,0.4892,0.4892,0.527,4289.71,59.24,False,0.0208
2026-02-23 21:00:00,2026-02-23,21,Monday,False,Suburban_Residential,Clear,0.209,60.0,1.04,62.39,70.1,65.7,45.6,0.6509,0.6509,0.066,2845.74,46.79,False,0.02
2026-02-23 22:00:00,2026-02-23,22,Monday,False,Suburban_Residential,Clear,0.113,60.0,1.0,60.0,37.6,61.0,25.0,0.6639,0.6639,-0.383,1498.94,45.0,False,0.02
2026-02-23 23:00:00,2026-02-23,23,Monday,False,Suburban_Residential,Clear,0.049,60.0,1.0,60.0,24.7,57.2,17.0,0.6904,0.6904,-0.569,1021.47,45.0,False,0.02
2026-02-24 00:00:00,2026-02-24,0,Tuesday,False,Suburban_Residential,Clear,0.086,60.0,1.0,60.0,18.4,41.6,12.2,0.6631,0.6631,-0.557,732.45,45.0,False,0.02
2026-02-24 01:00:00,2026-02-24,1,Tuesday,False,Suburban_Residential,Clear,0.046,60.0,1.0,60.0,16.5,39.5,10.8,0.6547,0.6547,-0.581,649.41,45.0,False,0.02
2026-02-24 02:00:00,2026-02-24,2,Tuesday,False,Suburban_Residential,Clear,0.08,60.0,1.0,60.0,20.2,46.8,13.9,0.6869,0.6869,-0.569,832.16,45.0,False,0.02
2026-02-24 03:00:00,2026-02-24,3,Tuesday,False,Suburban_Residential,Clear,0.067,60.0,1.0,60.0,18.9,45.0,13.5,0.7135,0.7135,-0.581,807.69,45.0,False,0.02
2026-02-24 04:00:00,2026-02-24,4,Tuesday,False,Suburban_Residential,Clear,0.072,60.0,1.0,60.0,22.1,51.2,14.9,0.6742,0.6742,-0.569,892.98,45.0,False,0.02
2026-02-24 05:00:00,2026-02-24,5,Tuesday,False,Suburban_Residential,Clear,0.057,60.0,1.0,60.0,29.9,56.3,20.2,0.6767,0.6767,-0.469,1214.39,45.0,False,0.02
2026-02-24 06:00:00,2026-02-24,6,Tuesday,False,Suburban_Residential,Clear,0.15,60.0,1.0,60.0,48.3,56.3,32.8,0.6793,0.6793,-0.143,1968.22,45.0,False,0.02
2026-02-24 07:00:00,2026-02-24,7,Tuesday,False,Suburban_Residential,Clear,0.273,60.0,1.225,73.51,84.3,61.3,44.7,0.5305,0.5305,0.375,3289.23,55.13,False,0.02
2026-02-24 08:00:00,2026-02-24,8,Tuesday,False,Suburban_Residential,Clear,0.398,60.0,1.475,88.5,117.7,65.7,52.8,0.4485,0.4485,0.792,4673.93,66.38,False,0.0287
2026-02-24 09:00:00,2026-02-24,9,Tuesday,False,Suburban_Residential,Clear,0.329,60.0,1.59,95.39,121.4,61.2,50.2,0.4133,0.4133,0.983,4786.28,71.54,False,0.0345
2026-02-24 10:00:00,2026-02-24,10,Tuesday,False,Suburban_Residential,Clear,0.224,60.0,1.305,78.29,92.2,61.2,46.2,0.5007,0.5007,0.508,3615.53,58.72,False,0.0202
2026-02-24 11:00:00,2026-02-24,11,Tuesday,False,Suburban_Residential,Clear,0.132,60.0,1.0,60.0,46.3,65.4,31.2,0.6731,0.6731,-0.292,1869.05,45.0,False,0.02
2026-02-24 12:00:00,2026-02-24,12,Tuesday,False,Suburban_Residential,Clear,0.081,60.0,1.0,60.0,30.4,68.1,20.2,0.6639,0.6639,-0.553,1211.15,45.0,False,0.02
2026-02-24 13:00:00,2026-02-24,13,Tuesday,False,Suburban_Residential,Clear,0.044,60.0,1.0,60.0,23.3,66.0,15.8,0.6781,0.6781,-0.646,949.49,45.0,False,0.02
2026-02-24 14:00:00,2026-02-24,14,Tuesday,False,Suburban_Residential,Clear,0.095,60.0,1.0,60.0,25.4,72.7,16.4,0.6474,0.6474,-0.651,984.82,45.0,False,0.02
2026-02-24 15:00:00,2026-02-24,15,Tuesday,False,Suburban_Residential,Clear,0.159,60.0,1.0,60.0,41.3,60.6,27.1,0.6558,0.6558,-0.319,1624.02,45.0,False,0.02
2026-02-24 16:00:00,2026-02-24,16,Tuesday,False,Suburban_Residential,Clear,0.232,60.0,1.017,60.99,72.7,70.8,47.8,0.6578,0.6578,0.028,2918.24,45.74,False,0.02
2026-02-24 17:00:00,2026-02-24,17,Tuesday,False,Suburban_Residential,Clear,0.4,60.0,1.15,69.0,98.3,78.7,57.3,0.5824,0.5824,0.25,3951.78,51.75,False,0.02
2026-02-24 18:00:00,2026-02-24,18,Tuesday,False,Suburban_Residential,Clear,0.469,60.0,1.633,97.96,144.7,70.4,59.1,0.4084,0.4084,1.054,5787.81,73.47,False,0.0366
2026-02-24 19:00:00,2026-02-24,19,Tuesday,False,Suburban_Residential,Clear,0.365,60.0,1.536,92.18,139.7,73.7,59.5,0.4263,0.4263,0.894,5488.19,69.14,False,0.0318
2026-02-24 20:00:00,2026-02-24,20,Tuesday,False,Suburban_Residential,Clear,0.258,60.0,1.312,78.7,109.5,72.0,56.1,0.5127,0.5127,0.519,4416.38,59.03,False,0.0206
2026-02-24 21:00:00,2026-02-24,21,Tuesday,False,Suburban_Residential,Clear,0.208,60.0,1.0,60.0,68.0,75.3,45.0,0.6616,0.6616,-0.097,2698.34,45.0,False,0.02
2026-02-24 22:00:00,2026-02-24,22,Tuesday,False,Suburban_Residential,Clear,0.124,60.0,1.0,60.0,37.5,63.1,25.3,0.675,0.675,-0.406,1517.99,45.0,False,0.02
2026-02-24 23:00:00,2026-02-24,23,Tuesday,False,Suburban_Residential,Clear,0.082,60.0,1.0,60.0,24.7,59.5,16.3,0.6615,0.6615,-0.585,980.78,45.0,False,0.02
2026-02-25 00:00:00,2026-02-25,0,Wednesday,False,Suburban_Residential,Rain,0.225,60.0,1.0,60.0,23.6,35.4,14.9,0.6317,0.6317,-0.333,893.38,45.0,False,0.02
2026-02-25 01:00:00,2026-02-25,1,Wednesday,False,Suburban_Residential,Rain,0.162,60.0,1.0,60.0,19.4,40.7,12.3,0.6345,0.6345,-0.524,737.49,45.0,False,0.02
2026-02-25 02:00:00,2026-02-25,2,Wednesday,False,Suburban_Residential,Rain,0.28,60.0,1.0,60.0,21.1,38.7,13.0,0.6148,0.6148,-0.454,778.64,45.0,False,0.02
2026-02-25 03:00:00,2026-02-25,3,Wednesday,False,Suburban_Residential,Rain,0.222,60.0,1.0,60.0,19.1,44.9,12.1,0.634,0.634,-0.575,726.84,45.0,False,0.02
2026-02-25 04:00:00,2026-02-25,4,Wednesday,False,Suburban_Residential,Rain,0.196,60.0,1.0,60.0,23.3,47.3,14.7,0.6295,0.6295,-0.507,881.63,45.0,False,0.02
2026-02-25 05:00:00,2026-02-25,5,Wednesday,False,Suburban_Residential,Rain,0.195,60.0,1.0,60.0,30.8,55.6,19.9,0.6444,0.6444,-0.445,1192.31,45.0,False,0.02
2026-02-25 06:00:00,2026-02-25,6,Wednesday,False,Suburban_Residential,Rain,0.285,60.0,1.037,62.19,59.2,55.8,36.6,0.6182,0.6182,0.061,2274.56,46.64,False,0.02
2026-02-25 07:00:00,2026-02-25,7,Wednesday,False,Suburban_Residential,Rain,0.424,60.0,1.358,81.47,99.8,62.5,45.1,0.4521,0.4521,0.596,3676.3,61.1,False,0.0229
2026-02-25 08:00:00,2026-02-25,8,Wednesday,False,Suburban_Residential,Rain,0.484,60.0,1.489,89.34,119.3,65.7,48.8,0.4091,0.4091,0.815,4359.04,67.0,False,0.0294
2026-02-25 09:00:00,2026-02-25,9,Wednesday,False,Suburban_Residential,Rain,0.506,60.0,1.554,93.25,134.9,70.1,53.9,0.3999,0.3999,0.924,5028.62,69.94,False,0.0327
2026-02-25 10:00:00,2026-02-25,10,Wednesday,False,Suburban_Residential,Rain,0.465,60.0,1.288,77.25,90.8,61.4,44.9,0.495,0.495,0.479,3471.89,57.94,False,0.02
2026-02-25 11:00:00,2026-02-25,11,Wednesday,False,Suburban_Residential,Rain,0.311,60.0,1.0,60.0,65.4,66.6,41.9,0.6408,0.6408,-0.017,2515.44,45.0,False,0.02
2026-02-25 12:00:00,2026-02-25,12,Wednesday,False,Suburban_Residential,Rain,0.258,60.0,1.0,60.0,34.0,69.5,20.9,0.6134,0.6134,-0.511,1251.74,45.0,False,0.02
2026-02-25 13:00:00,2026-02-25,13,Wednesday,False,Suburban_Residential,Rain,0.207,60.0,1.0,60.0,24.1,69.7,15.1,0.6252,0.6252,-0.654,904.97,45.0,False,0.02
2026-02-25 14:00:00,2026-02-25,14,Wednesday,False,Suburban_Residential,Rain,0.272,60.0,1.0,60.0,26.2,65.7,16.8,0.6422,0.6422,-0.602,1008.46,45.0,False,0.02
2026-02-25 15:00:00,2026-02-25,15,Wednesday,False,Suburban_Residential,Rain,0.273,60.0,1.0,60.0,36.8,60.6,23.2,0.6305,0.6305,-0.393,1391.86,45.0,False,0.02
2026-02-25 16:00:00,2026-02-25,16,Wednesday,False,Suburban_Residential,Rain,0.325,60.0,1.16,69.58,76.8,60.6,41.8,0.5441,0.5441,0.266,2907.29,52.19,False,0.02
2026-02-25 17:00:00,2026-02-25,17,Wednesday,False,Suburban_Residential,Rain,0.474,60.0,1.357,81.39,113.2,71.0,52.6,0.4646,0.4646,0.594,4280.18,61.04,False,0.0228
2026-02-25 18:00:00,2026-02-25,18,Wednesday,False,Suburban_Residential,Rain,0.611,60.0,1.502,90.11,133.5,72.7,53.9,0.4034,0.4034,0.836,4854.02,67.58,False,0.0301
2026-02-25 19:00:00,2026-02-25,19,Wednesday,False,Suburban_Residential,Rain,0.591,60.0,1.786,107.16,158.3,68.5,54.6,0.3448,0.3448,1.31,5850.33,80.37,False,0.0443
2026-02-25 20:00:00,2026-02-25,20,Wednesday,False,Suburban_Residential,Rain,0.459,60.0,1.51,90.61,129.6,70.0,53.6,0.4134,0.4134,0.85,4852.18,67.96,False,0.0305
2026-02-25 21:00:00,2026-02-25,21,Wednesday,False,Suburban_Residential,Rain,0.358,60.0,1.108,66.47,76.0,64.4,44.0,0.5782,0.5782,0.18,2921.7,49.85,False,0.02
2026-02-25 22:00:00,2026-02-25,22,Wednesday,False,Suburban_Residential,Rain,0.256,60.0,1.0,60.0,42.8,61.9,27.1,0.6337,0.6337,-0.309,1626.42,45.0,False,0.02
2026-02-25 23:00:00,2026-02-25,23,Wednesday,False,Suburban_Residential,Rain,0.283,60.0,1.0,60.0,25.8,60.6,16.1,0.6253,0.6253,-0.575,966.13,45.0,False,0.02
2026-02-26 00:00:00,2026-02-26,0,Thursday,False,Suburban_Residential,Clear,0.104,60.0,1.0,60.0,19.2,37.2,13.2,0.6839,0.6839,-0.483,789.22,45.0,False,0.02
2026-02-26 01:00:00,2026-02-26,1,Thursday,False,Suburban_Residential,Clear,0.042,60.0,1.0,60.0,19.8,43.2,13.5,0.6839,0.6839,-0.542,810.67,45.0,False,0.02
2026-02-26 02:00:00,2026-02-26,2,Thursday,False,Suburban_Residential,Clear,0.054,60.0,1.0,60.0,15.9,42.3,10.9,0.6861,0.6861,-0.624,655.54,45.0,False,0.02
2026-02-26 03:00:00,2026-02-26,3,Thursday,False,Suburban_Residential,Clear,0.081,60.0,1.0,60.0,21.2,45.7,14.5,0.6841,0.6841,-0.536,870.43,45.0,False,0.02
2026-02-26 04:00:00,2026-02-26,4,Thursday,False,Suburban_Residential,Clear,0.089,60.0,1.0,60.0,21.9,45.2,15.0,0.6834,0.6834,-0.515,898.75,45.0,False,0.02
2026-02-26 05:00:00,2026-02-26,5,Thursday,False,Suburban_Residential,Clear,0.097,60.0,1.0,60.0,29.9,58.5,19.9,0.6659,0.6659,-0.489,1195.45,45.0,False,0.02
2026-02-26 06:00:00,2026-02-26,6,Thursday,False,Suburban_Residential,Clear,0.169,60.0,1.0,60.0,51.1,56.6,33.9,0.6633,0.6633,-0.097,2033.0,45.0,False,0.02
2026-02-26 07:00:00,2026-02-26,7,Thursday,False,Suburban_Residential,Clear,0.273,60.0,1.354,81.24,88.4,55.6,42.7,0.4825,0.4825,0.59,3467.02,60.93,False,0.0227
2026-02-26 08:00:00,2026-02-26,8,Thursday,False,Suburban_Residential,Clear,0.326,60.0,1.512,90.74,118.3,63.8,50.5,0.4271,0.4271,0.854,4586.68,68.05,False,0.0306
2026-02-26 09:00:00,2026-02-26,9,Thursday,False,Suburban_Residential,Clear,0.329,60.0,1.406,84.33,121.2,72.3,55.8,0.4607,0.4607,0.676,4709.57,63.25,False,0.0253
2026-02-26 10:00:00,2026-02-26,10,Thursday,False,Suburban_Residential,Clear,0.238,60.0,1.218,73.07,90.1,66.1,48.8,0.5412,0.5412,0.363,3563.64,54.8,False,0.02
2026-02-26 11:00:00,2026-02-26,11,Thursday,False,Suburban_Residential,Clear,0.146,60.0,1.0,60.0,50.6,61.3,32.4,0.6415,0.6415,-0.174,1946.94,45.0,False,0.02
2026-02-26 12:00:00,2026-02-26,12,Thursday,False,Suburban_Residential,Clear,0.079,60.0,1.0,60.0,30.3,65.6,20.6,0.6808,0.6808,-0.539,1235.86,45.0,False,0.02
2026-02-26 13:00:00,2026-02-26,13,Thursday,False,Suburban_Residential,Clear,0.038,60.0,1.0,60.0,19.0,71.6,12.4,0.6522,0.6522,-0.734,743.55,45.0,False,0.02
2026-02-26 14:00:00,2026-02-26,14,Thursday,False,Suburban_Residential,Clear,0.031,60.0,1.0,60.0,25.4,64.9,17.5,0.6884,0.6884,-0.609,1047.05,45.0,False,0.02
2026-02-26 15:00:00,2026-02-26,15,Thursday,False,Suburban_Residential,Clear,0.122,60.0,1.0,60.0,35.7,63.4,24.3,0.6811,0.6811,-0.436,1460.66,45.0,False,0.02
2026-02-26 16:00:00,2026-02-26,16,Thursday,False,Suburban_Residential,Clear,0.209,60.0,1.042,62.51,75.7,70.7,48.3,0.6385,0.6385,0.07,3020.24,46.88,False,0.02
2026-02-26 17:00:00,2026-02-26,17,Thursday,False,Suburban_Residential,Clear,0.338,60.0,1.374,82.41,113.1,69.7,54.8,0.4848,0.4848,0.623,4517.92,61.81,False,0.0237
2026-02-26 18:00:00,2026-02-26,18,Thursday,False,Suburban_Residential,Clear,0.467,60.0,1.392,83.54,134.3,81.2,62.8,0.4679,0.4679,0.654,5250.0,62.66,False,0.0246
2026-02-26 19:00:00,2026-02-26,19,Thursday,False,Suburban_Residential,Clear,0.474,60.0,1.714,102.87,150.2,68.6,57.2,0.3808,0.3808,1.191,5882.84,77.15,False,0.0407
2026-02-26 20:00:00,2026-02-26,20,Thursday,False,Suburban_Residential,Clear,0.35,60.0,1.326,79.55,101.9,66.0,50.3,0.494,0.494,0.543,4003.92,59.66,False,0.0213
2026-02-26 21:00:00,2026-02-26,21,Thursday,False,Suburban_Residential,Clear,0.19,60.0,1.0,60.0,61.9,73.7,40.2,0.6493,0.6493,-0.16,2411.8,45.0,False,0.02
2026-02-26 22:00:00,2026-02-26,22,Thursday,False,Suburban_Residential,Clear,0.116,60.0,1.0,60.0,40.4,60.8,27.0,0.6677,0.6677,-0.336,1617.47,45.0,False,0.02
2026-02-26 23:00:00,2026-02-26,23,Thursday,False,Suburban_Residential,Clear,0.042,60.0,1.0,60.0,23.3,53.8,15.5,0.6652,0.6652,-0.568,928.81,45.0,False,0.02
2026-02-27 00:00:00,2026-02-27,0,Friday,False,Suburban_Residential,Clear,0.027,60.0,1.0,60.0,17.4,40.9,11.9,0.6812,0.6812,-0.574,712.88,45.0,False,0.02
2026-02-27 01:00:00,2026-02-27,1,Friday,False,Suburban_Residential,Clear,0.018,60.0,1.0,60.0,22.3,39.5,14.9,0.6703,0.6703,-0.435,896.76,45.0,False,0.02
2026-02-27 02:00:00,2026-02-27,2,Friday,False,Suburban_Residential,Clear,0.076,60.0,1.0,60.0,15.8,41.7,10.7,0.6772,0.6772,-0.62,643.08,45.0,False,0.02
2026-02-27 03:00:00,2026-02-27,3,Friday,False,Suburban_Residential,Clear,0.02,60.0,1.0,60.0,19.4,50.3,12.9,0.668,0.668,-0.615,775.89,45.0,False,0.02
2026-02-27 04:00:00,2026-02-27,4,Friday,False,Suburban_Residential,Clear,0.067,60.0,1.0,60.0,20.8,47.2,13.8,0.6616,0.6616,-0.558,826.71,45.0,False,0.02
2026-02-27 05:00:00,2026-02-27,5,Friday,False,Suburban_Residential,Clear,0.12,60.0,1.0,60.0,26.7,49.7,17.5,0.6571,0.6571,-0.463,1052.76,45.0,False,0.02
2026-02-27 06:00:00,2026-02-27,6,Friday,False,Suburban_Residential,Clear,0.114,60.0,1.0,60.0,51.9,63.7,33.9,0.6531,0.6531,-0.186,2032.73,45.0,False,0.02
2026-02-27 07:00:00,2026-02-27,7,Friday,False,Suburban_Residential,Clear,0.269,60.0,1.152,69.11,73.0,58.2,41.9,0.5743,0.5743,0.253,2895.82,51.83,False,0.02
2026-02-27 08:00:00,2026-02-27,8,Friday,False,Suburban_Residential,Clear,0.322,60.0,1.592,95.54,126.5,63.7,52.8,0.4171,0.4171,0.987,5041.72,71.66,False,0.0346
2026-02-27 09:00:00,2026-02-27,9,Friday,False,Suburban_Residential,Clear,0.372,60.0,1.481,88.86,122.2,67.8,54.3,0.4444,0.4444,0.802,4826.13,66.64,False,0.029
2026-02-27 10:00:00,2026-02-27,10,Friday,False,Suburban_Residential,Clear,0.312,60.0,1.127,67.63,83.0,68.5,50.2,0.6049,0.6049,0.212,3394.07,50.72,False,0.02
2026-02-27 11:00:00,2026-02-27,11,Friday,False,Suburban_Residential,Clear,0.184,60.0,1.0,60.0,53.3,71.0,36.6,0.6873,0.6873,-0.249,2197.9,45.0,False,0.02
2026-02-27 12:00:00,2026-02-27,12,Friday,False,Suburban_Residential,Clear,0.106,60.0,1.0,60.0,23.0,70.2,15.0,0.653,0.653,-0.672,901.2,45.0,False,0.02
2026-02-27 13:00:00,2026-02-27,13,Friday,False,Suburban_Residential,Clear,0.068,60.0,1.0,60.0,22.8,65.6,15.0,0.6581,0.6581,-0.652,901.79,45.0,False,0.02
2026-02-27 14:00:00,2026-02-27,14,Friday,False,Suburban_Residential,Clear,0.052,60.0,1.0,60.0,26.7,65.9,17.7,0.6627,0.6627,-0.595,1062.35,45.0,False,0.02
2026-02-27 15:00:00,2026-02-27,15,Friday,False,Suburban_Residential,Clear,0.165,60.0,1.0,60.0,41.2,63.9,27.5,0.6671,0.6671,-0.355,1650.3,45.0,False,0.02
2026-02-27 16:00:00,2026-02-27,16,Friday,False,Suburban_Residential,Clear,0.227,60.0,1.0,60.0,75.3,77.6,51.2,0.6796,0.6796,-0.029,3072.08,45.0,False,0.02
2026-02-27 17:00:00,2026-02-27,17,Friday,False,Suburban_Residential,Clear,0.336,60.0,1.262,75.72,102.5,71.3,55.6,0.5421,0.5421,0.437,4206.72,56.79,False,0.02
2026-02-27 18:00:00,2026-02-27,18,Friday,False,Suburban_Residential,Clear,0.395,60.0,1.492,89.5,136.7,75.1,60.6,0.4437,0.4437,0.82,5426.68,67.12,False,0.0296
2026-02-27 19:00:00,2026-02-27,19,Friday,False,Suburban_Residential,Clear,0.451,60.0,1.381,82.87,125.3,76.6,59.6,0.4754,0.4754,0.635,4937.19,62.15,False,0.0241
2026-02-27 20:00:00,2026-02-27,20,Friday,False,Suburban_Residential,Clear,0.321,60.0,1.394,83.66,112.4,67.9,53.8,0.4787,0.4787,0.657,4503.6,62.74,False,0.0247
2026-02-27 21:00:00,2026-02-27,21,Friday,False,Suburban_Residential,Clear,0.205,60.0,1.004,60.22,68.5,68.1,44.9,0.6558,0.6558,0.006,2705.4,45.16,False,0.02
2026-02-27 22:00:00,2026-02-27,22,Friday,False,Suburban_Residential,Clear,0.159,60.0,1.0,60.0,40.5,68.9,27.1,0.6699,0.6699,-0.413,1626.95,45.0,False,0.02
2026-02-27 23:00:00,2026-02-27,23,Friday,False,Suburban_Residential,Clear,0.053,60.0,1.0,60.0,23.3,57.0,15.8,0.6797,0.6797,-0.591,949.9,45.0,False,0.02
2026-02-28 00:00:00,2026-02-28,0,Saturday,True,Suburban_Residential,Clear,0.087,60.0,1.0,60.0,20.9,42.3,14.3,0.6817,0.6817,-0.505,856.23,45.0,False,0.02
2026-02-28 01:00:00,2026-02-28,1,Saturday,True,Suburban_Residential,Clear,0.065,60.0,1.0,60.0,24.1,49.0,15.9,0.6621,0.6621,-0.509,956.72,45.0,False,0.02
2026-02-28 02:00:00,2026-02-28,2,Saturday,True,Suburban_Residential,Clear,0.074,60.0,1.0,60.0,25.4,48.8,16.5,0.6521,0.6521,-0.48,992.64,45.0,False,0.02
2026-02-28 03:00:00,2026-02-28,3,Saturday,True,Suburban_Residential,Clear,0.086,60.0,1.0,60.0,23.8,40.6,15.9,0.6669,0.6669,-0.413,953.84,45.0,False,0.02
2026-02-28 04:00:00,2026-02-28,4,Saturday,True,Suburban_Residential,Clear,0.041,60.0,1.0,60.0,25.8,40.2,17.7,0.6857,0.6857,-0.359,1059.62,45.0,False,0.02
2026-02-28 05:00:00,2026-02-28,5,Saturday,True,Suburban_Residential,Clear,0.061,60.0,1.0,60.0,26.9,42.6,17.8,0.6617,0.6617,-0.368,1068.63,45.0,False,0.02
2026-02-28 06:00:00,2026-02-28,6,Saturday,True,Suburban_Residential,Clear,0.105,60.0,1.0,60.0,24.1,44.5,16.1,0.6663,0.6663,-0.459,963.09,45.0,False,0.02
2026-02-28 07:00:00,2026-02-28,7,Saturday,True,Suburban_Residential,Clear,0.123,60.0,1.0,60.0,33.4,50.5,22.4,0.6701,0.6701,-0.338,1344.77,45.0,False,0.02
2026-02-28 08:00:00,2026-02-28,8,Saturday,True,Suburban_Residential,Clear,0.148,60.0,1.0,60.0,39.5,54.9,27.1,0.6878,0.6878,-0.281,1628.7,45.0,False,0.02
2026-02-28 09:00:00,2026-02-28,9,Saturday,True,Suburban_Residential,Clear,0.12,60.0,1.013,60.78,57.6,56.4,39.0,0.6774,0.6774,0.022,2371.95,45.59,False,0.02
2026-02-28 10:00:00,2026-02-28,10,Saturday,True,Suburban_Residential,Clear,0.198,60.0,1.146,68.75,74.6,60.0,42.6,0.5713,0.5713,0.243,2930.48,51.56,False,0.02
2026-02-28 11:00:00,2026-02-28,11,Saturday,True,Suburban_Residential,Clear,0.245,60.0,1.186,71.17,88.0,67.2,50.1,0.5697,0.5697,0.31,3568.78,53.38,False,0.02
2026-02-28 12:00:00,2026-02-28,12,Saturday,True,Suburban_Residential,Clear,0.351,60.0,1.305,78.3,110.4,73.2,55.6,0.5034,0.5034,0.508,4351.91,58.72,False,0.0203
2026-02-28 13:00:00,2026-02-28,13,Saturday,True,Suburban_Residential,Clear,0.335,60.0,1.393,83.55,112.5,68.0,51.9,0.4611,0.4611,0.654,4335.61,62.66,False,0.0246
2026-02-28 14:00:00,2026-02-28,14,Saturday,True,Suburban_Residential,Clear,0.366,60.0,1.319,79.13,107.2,70.0,52.1,0.4864,0.4864,0.531,4125.57,59.35,False,0.0209
2026-02-28 15:00:00,2026-02-28,15,Saturday,True,Suburban_Residential,Clear,0.322,60.0,1.415,84.87,113.0,66.9,52.6,0.4653,0.4653,0.691,4463.61,63.65,False,0.0257
2026-02-28 16:00:00,2026-02-28,16,Saturday,True,Suburban_Residential,Clear,0.305,60.0,1.086,65.15,85.1,74.5,52.9,0.6214,0.6214,0.143,3445.25,48.86,False,0.02
2026-02-28 17:00:00,2026-02-28,17,Saturday,True,Suburban_Residential,Clear,0.22,60.0,1.074,64.41,79.5,70.8,48.7,0.6121,0.6121,0.123,3135.43,48.31,False,0.02
2026-02-28 18:00:00,2026-02-28,18,Saturday,True,Suburban_Residential,Clear,0.156,60.0,1.0,60.0,67.9,69.7,47.0,0.6917,0.6917,-0.025,2819.85,45.0,False,0.02
2026-02-28 19:00:00,2026-02-28,19,Saturday,True,Suburban_Residential,Clear,0.191,60.0,1.0,60.0,66.9,67.0,44.6,0.6667,0.6667,-0.001,2676.68,45.0,False,0.02
2026-02-28 20:00:00,2026-02-28,20,Saturday,True,Suburban_Residential,Clear,0.242,60.0,1.405,84.31,89.0,53.1,40.6,0.4555,0.4555,0.675,3419.45,63.23,False,0.0253
2026-02-28 21:00:00,2026-02-28,21,Saturday,True,Suburban_Residential,Clear,0.339,60.0,1.761,105.66,120.6,53.2,43.6,0.3619,0.3619,1.268,4611.01,79.25,False,0.0431
2026-02-28 22:00:00,2026-02-28,22,Saturday,True,Suburban_Residential,Clear,0.371,60.0,1.815,108.92,128.1,54.3,47.1,0.3678,0.3678,1.359,5131.4,81.69,False,0.0458
2026-02-28 23:00:00,2026-02-28,23,Saturday,True,Suburban_Residential,Clear,0.364,60.0,2.082,124.89,128.0,45.7,41.1,0.3214,0.3214,1.803,5138.24,93.67,False,0.0591
2026-03-01 00:00:00,2026-03-01,0,Sunday,True,Suburban_Residential,Clear,0.063,60.0,1.0,60.0,26.8,40.4,18.2,0.6793,0.6793,-0.336,1092.71,45.0,False,0.02
2026-03-01 01:00:00,2026-03-01,1,Sunday,True,Suburban_Residential,Clear,0.049,60.0,1.0,60.0,24.6,39.0,16.2,0.6572,0.6572,-0.368,971.52,45.0,False,0.02
2026-03-01 02:00:00,2026-03-01,2,Sunday,True,Suburban_Residential,Clear,0.037,60.0,1.0,60.0,25.0,45.9,16.6,0.6628,0.6628,-0.456,993.16,45.0,False,0.02
2026-03-01 03:00:00,2026-03-01,3,Sunday,True,Suburban_Residential,Clear,0.101,60.0,1.0,60.0,26.3,42.1,17.3,0.6566,0.6566,-0.374,1037.97,45.0,False,0.02
2026-03-01 04:00:00,2026-03-01,4,Sunday,True,Suburban_Residential,Clear,0.093,60.0,1.0,60.0,27.5,43.6,18.5,0.6736,0.6736,-0.369,1112.59,45.0,False,0.02
2026-03-01 05:00:00,2026-03-01,5,Sunday,True,Suburban_Residential,Clear,0.101,60.0,1.0,60.0,23.6,42.4,15.9,0.6739,0.6739,-0.445,952.47,45.0,False,0.02
2026-03-01 06:00:00,2026-03-01,6,Sunday,True,Suburban_Residential,Clear,0.084,60.0,1.0,60.0,25.0,45.9,16.5,0.6597,0.6597,-0.456,988.94,45.0,False,0.02
2026-03-01 07:00:00,2026-03-01,7,Sunday,True,Suburban_Residential,Clear,0.14,60.0,1.0,60.0,32.7,54.3,22.7,0.6924,0.6924,-0.397,1359.08,45.0,False,0.02
2026-03-01 08:00:00,2026-03-01,8,Sunday,True,Suburban_Residential,Clear,0.101,60.0,1.0,60.0,41.6,50.1,28.3,0.6813,0.6813,-0.17,1699.91,45.0,False,0.02
2026-03-01 09:00:00,2026-03-01,9,Sunday,True,Suburban_Residential,Clear,0.15,60.0,1.0,60.0,48.2,56.9,32.0,0.6634,0.6634,-0.153,1917.84,45.0,False,0.02
2026-03-01 10:00:00,2026-03-01,10,Sunday,True,Suburban_Residential,Clear,0.225,60.0,1.152,69.13,73.9,59.0,42.7,0.5779,0.5779,0.254,2953.61,51.85,False,0.02
2026-03-01 11:00:00,2026-03-01,11,Sunday,True,Suburban_Residential,Clear,0.23,60.0,1.152,69.09,72.4,57.8,40.6,0.5611,0.5611,0.253,2806.83,51.82,False,0.02
2026-03-01 12:00:00,2026-03-01,12,Sunday,True,Suburban_Residential,Clear,0.298,60.0,1.314,78.84,104.7,68.7,52.0,0.4964,0.4964,0.523,4098.07,59.13,False,0.0207
2026-03-01 13:00:00,2026-03-01,13,Sunday,True,Suburban_Residential,Clear,0.357,60.0,1.351,81.06,110.0,69.4,54.4,0.4943,0.4943,0.585,4406.34,60.8,False,0.0226
2026-03-01 14:00:00,2026-03-01,14,Sunday,True,Suburban_Residential,Clear,0.328,60.0,1.439,86.31,108.6,62.7,49.9,0.4591,0.4591,0.731,4303.72,64.73,False,0.0269
2026-03-01 15:00:00,2026-03-01,15,Sunday,True,Suburban_Residential,Clear,0.312,60.0,1.322,79.31,114.1,74.3,56.2,0.4927,0.4927,0.536,4460.61,59.48,False,0.0211
2026-03-01 16:00:00,2026-03-01,16,Sunday,True,Suburban_Residential,Clear,0.272,60.0,1.046,62.73,74.7,69.4,46.8,0.6267,0.6267,0.076,2935.33,47.05,False,0.02
2026-03-01 17:00:00,2026-03-01,17,Sunday,True,Suburban_Residential,Clear,0.239,60.0,1.014,60.85,72.7,71.0,49.2,0.677,0.677,0.024,2995.06,45.64,False,0.02
2026-03-01 18:00:00,2026-03-01,18,Sunday,True,Suburban_Residential,Clear,0.181,60.0,1.0,60.0,70.1,72.0,45.3,0.6461,0.6461,-0.027,2718.74,45.0,False,0.02
2026-03-01 19:00:00,2026-03-01,19,Sunday,True,Suburban_Residential,Clear,0.189,60.0,1.117,67.02,68.8,57.5,40.6,0.5903,0.5903,0.195,2720.81,50.27,False,0.02
2026-03-01 20:00:00,2026-03-01,20,Sunday,True,Suburban_Residential,Clear,0.276,60.0,1.19,71.41,87.8,66.7,48.9,0.5573,0.5573,0.317,3494.19,53.56,False,0.02
2026-03-01 21:00:00,2026-03-01,21,Sunday,True,Suburban_Residential,Clear,0.304,60.0,1.396,83.77,94.8,57.1,45.2,0.4763,0.4763,0.66,3784.12,62.83,False,0.0248
2026-03-01 22:00:00,2026-03-01,22,Sunday,True,Suburban_Residential,Clear,0.404,60.0,2.001,120.08,133.4,50.0,43.6,0.3267,0.3267,1.669,5231.53,90.06,False,0.0551
2026-03-01 23:00:00,2026-03-01,23,Sunday,True,Suburban_Residential,Clear,0.362,60.0,1.898,113.87,124.7,50.0,42.9,0.344,0.344,1.496,4886.51,85.4,False,0.0499
2026-03-02 00:00:00,2026-03-02,0,Monday,False,Suburban_Residential,Clear,0.071,60.0,1.0,60.0,18.1,35.4,12.5,0.6927,0.6927,-0.49,751.25,45.0,False,0.02
2026-03-02 01:00:00,2026-03-02,1,Monday,False,Suburban_Residential,Clear,0.047,60.0,1.0,60.0,20.9,41.2,14.0,0.6714,0.6714,-0.494,840.49,45.0,False,0.02
2026-03-02 02:00:00,2026-03-02,2,Monday,False,Suburban_Residential,Clear,0.038,60.0,1.0,60.0,19.8,42.8,13.4,0.6742,0.6742,-0.536,802.48,45.0,False,0.02
2026-03-02 03:00:00,2026-03-02,3,Monday,False,Suburban_Residential,Clear,0.06,60.0,1.0,60.0,22.5,44.1,14.6,0.6474,0.6474,-0.49,874.18,45.0,False,0.02
2026-03-02 04:00:00,2026-03-02,4,Monday,False,Suburban_Residential,Clear,0.082,60.0,1.0,60.0,22.2,46.7,14.9,0.6716,0.6716,-0.524,895.94,45.0,False,0.02
2026-03-02 05:00:00,2026-03-02,5,Monday,False,Suburban_Residential,Clear,0.054,60.0,1.0,60.0,29.0,51.6,19.3,0.6644,0.6644,-0.439,1155.13,45.0,False,0.02
2026-03-02 06:00:00,2026-03-02,6,Monday,False,Suburban_Residential,Clear,0.17,60.0,1.0,60.0,47.9,61.0,33.3,0.6948,0.6948,-0.215,1998.46,45.0,False,0.02
2026-03-02 07:00:00,2026-03-02,7,Monday,False,Suburban_Residential,Clear,0.274,60.0,1.14,68.39,77.0,62.5,44.3,0.5747,0.5747,0.233,3027.82,51.29,False,0.02
2026-03-02 08:00:00,2026-03-02,8,Monday,False,Suburban_Residential,Clear,0.329,60.0,1.238,74.27,96.5,69.1,50.9,0.5277,0.5277,0.396,3782.38,55.7,False,0.02
2026-03-02 09:00:00,2026-03-02,9,Monday,False,Suburban_Residential,Clear,0.347,60.0,1.655,99.29,130.1,62.2,51.3,0.3944,0.3944,1.091,5096.24,74.47,False,0.0377
2026-03-02 10:00:00,2026-03-02,10,Monday,False,Suburban_Residential,Clear,0.27,60.0,1.142,68.51,86.7,70.1,52.9,0.6104,0.6104,0.236,3625.79,51.38,False,0.02
2026-03-02 11:00:00,2026-03-02,11,Monday,False,Suburban_Residential,Clear,0.149,60.0,1.0,60.0,51.9,66.4,34.5,0.6656,0.6656,-0.219,2071.45,45.0,False,0.02
2026-03-02 12:00:00,2026-03-02,12,Monday,False,Suburban_Residential,Clear,0.044,60.0,1.0,60.0,26.7,64.1,18.3,0.6865,0.6865,-0.583,1099.95,45.0,False,0.02
2026-03-02 13:00:00,2026-03-02,13,Monday,False,Suburban_Residential,Clear,0.071,60.0,1.0,60.0,22.5,64.7,15.3,0.6813,0.6813,-0.653,917.65,45.0,False,0.02
2026-03-02 14:00:00,2026-03-02,14,Monday,False,Suburban_Residential,Clear,0.099,60.0,1.0,60.0,24.2,70.9,16.2,0.6705,0.6705,-0.659,972.61,45.0,False,0.02
2026-03-02 15:00:00,2026-03-02,15,Monday,False,Suburban_Residential,Clear,0.109,60.0,1.0,60.0,34.6,60.8,23.4,0.6753,0.6753,-0.43,1403.25,45.0,False,0.02
2026-03-02 16:00:00,2026-03-02,16,Monday,False,Suburban_Residential,Clear,0.178,60.0,1.0,60.0,61.5,72.9,41.5,0.6749,0.6749,-0.156,2492.0,45.0,False,0.02
2026-03-02 17:00:00,2026-03-02,17,Monday,False,Suburban_Residential,Clear,0.386,60.0,1.339,80.36,115.2,73.6,56.0,0.4863,0.4863,0.565,4502.3,60.27,False,0.022
2026-03-02 18:00:00,2026-03-02,18,Monday,False,Suburban_Residential,Clear,0.438,60.0,1.946,116.75,162.9,63.2,54.6,0.335,0.335,1.577,6368.86,87.56,False,0.0523
2026-03-02 19:00:00,2026-03-02,19,Monday,False,Suburban_Residential,Clear,0.43,60.0,1.607,96.44,149.4,74.2,62.6,0.419,0.419,1.012,6036.14,72.33,False,0.0354
2026-03-02 20:00:00,2026-03-02,20,Monday,False,Suburban_Residential,Clear,0.362,60.0,1.315,78.87,105.9,69.5,52.9,0.499,0.499,0.524,4168.69,59.15,False,0.0207
2026-03-02 21:00:00,2026-03-02,21,Monday,False,Suburban_Residential,Clear,0.132,60.0,1.037,62.21,70.4,66.3,44.9,0.6377,0.6377,0.061,2792.65,46.66,False,0.02
2026-03-02 22:00:00,2026-03-02,22,Monday,False,Suburban_Residential,Clear,0.198,60.0,1.0,60.0,43.5,66.0,29.6,0.6816,0.6816,-0.341,1777.09,45.0,False,0.02
2026-03-02 23:00:00,2026-03-02,23,Monday,False,Suburban_Residential,Clear,0.1,60.0,1.0,60.0,25.9,58.3,17.4,0.6722,0.6722,-0.556,1045.23,45.0,False,0.02
2026-03-03 00:00:00,2026-03-03,0,Tuesday,False,Suburban_Residential,Clear,0.029,60.0,1.0,60.0,17.9,32.6,12.3,0.6845,0.6845,-0.45,736.0,45.0,False,0.02
2026-03-03 01:00:00,2026-03-03,1,Tuesday,False,Suburban_Residential,Clear,0.025,60.0,1.0,60.0,19.9,40.1,13.3,0.6668,0.6668,-0.503,797.31,45.0,False,0.02
2026-03-03 02:00:00,2026-03-03,2,Tuesday,False,Suburban_Residential,Clear,0.012,60.0,1.0,60.0,18.2,42.5,11.9,0.6539,0.6539,-0.572,712.9,45.0,False,0.02
2026-03-03 03:00:00,2026-03-03,3,Tuesday,False,Suburban_Residential,Clear,0.064,60.0,1.0,60.0,21.7,43.4,14.5,0.6654,0.6654,-0.5,867.66,45.0,False,0.02
2026-03-03 04:00:00,2026-03-03,4,Tuesday,False,Suburban_Residential,Clear,0.038,60.0,1.0,60.0,19.5,48.3,12.9,0.6645,0.6645,-0.597,776.55,45.0,False,0.02
2026-03-03 05:00:00,2026-03-03,5,Tuesday,False,Suburban_Residential,Clear,0.094,60.0,1.0,60.0,28.8,54.1,18.9,0.6576,0.6576,-0.467,1136.89,45.0,False,0.02
2026-03-03 06:00:00,2026-03-03,6,Tuesday,False,Suburban_Residential,Clear,0.181,60.0,1.0,60.0,49.5,60.9,33.5,0.676,0.676,-0.188,2007.58,45.0,False,0.02
2026-03-03 07:00:00,2026-03-03,7,Tuesday,False,Suburban_Residential,Clear,0.259,60.0,1.268,76.07,93.8,64.8,47.5,0.5062,0.5062,0.446,3612.16,57.05,False,0.02
2026-03-03 08:00:00,2026-03-03,8,Tuesday,False,Suburban_Residential,Clear,0.362,60.0,1.315,78.87,105.2,69.0,50.9,0.4841,0.4841,0.524,4017.51,59.15,False,0.0207
2026-03-03 09:00:00,2026-03-03,9,Tuesday,False,Suburban_Residential,Clear,0.351,60.0,1.362,81.7,117.5,73.3,55.4,0.4712,0.4712,0.603,4524.45,61.28,False,0.0231
2026-03-03 10:00:00,2026-03-03,10,Tuesday,False,Suburban_Residential,Clear,0.254,60.0,1.129,67.74,87.5,72.0,53.1,0.6067,0.6067,0.215,3594.54,50.8,False,0.02
2026-03-03 11:00:00,2026-03-03,11,Tuesday,False,Suburban_Residential,Clear,0.18,60.0,1.0,60.0,51.8,62.9,33.7,0.6504,0.6504,-0.177,2021.82,45.0,False,0.02
2026-03-03 12:00:00,2026-03-03,12,Tuesday,False,Suburban_Residential,Clear,0.062,60.0,1.0,60.0,27.4,67.3,18.5,0.6744,0.6744,-0.593,1108.62,45.0,False,0.02
2026-03-03 13:00:00,2026-03-03,13,Tuesday,False,Suburban_Residential,Clear,0.006,60.0,1.0,60.0,23.3,66.0,15.6,0.6688,0.6688,-0.648,933.42,45.0,False,0.02
2026-03-03 14:00:00,2026-03-03,14,Tuesday,False,Suburban_Residential,Clear,0.055,60.0,1.0,60.0,24.6,64.0,16.8,0.6827,0.6827,-0.616,1007.73,45.0,False,0.02
2026-03-03 15:00:00,2026-03-03,15,Tuesday,False,Suburban_Residential,Clear,0.131,60.0,1.0,60.0,38.0,66.2,25.5,0.671,0.671,-0.426,1530.95,45.0,False,0.02
2026-03-03 16:00:00,2026-03-03,16,Tuesday,False,Suburban_Residential,Clear,0.22,60.0,1.0,60.0,68.2,71.0,45.7,0.6693,0.6693,-0.039,2739.32,45.0,False,0.02
2026-03-03 17:00:00,2026-03-03,17,Tuesday,False,Suburban_Residential,Clear,0.342,60.0,1.219,73.14,104.4,76.5,57.5,0.5509,0.5509,0.365,4207.33,54.86,False,0.02
2026-03-03 18:00:00,2026-03-03,18,Tuesday,False,Suburban_Residential,Clear,0.422,60.0,1.692,101.51,150.9,70.1,58.1,0.3848,0.3848,1.153,5895.21,76.13,False,0.0396
2026-03-03 19:00:00,2026-03-03,19,Tuesday,False,Suburban_Residential,Clear,0.426,60.0,1.686,101.19,150.9,70.4,60.0,0.3974,0.3974,1.144,6067.31,75.89,False,0.0393
2026-03-03 20:00:00,2026-03-03,20,Tuesday,False,Suburban_Residential,Clear,0.338,60.0,1.38,82.81,113.3,69.4,54.2,0.4782,0.4782,0.634,4487.52,62.11,False,0.024
2026-03-03 21:00:00,2026-03-03,21,Tuesday,False,Suburban_Residential,Clear,0.185,60.0,1.012,60.7,66.7,65.4,43.2,0.6485,0.6485,0.02,2624.28,45.53,False,0.02
2026-03-03 22:00:00,2026-03-03,22,Tuesday,False,Suburban_Residential,Clear,0.096,60.0,1.0,60.0,35.9,59.7,24.1,0.6717,0.6717,-0.398,1447.11,45.0,False,0.02
2026-03-03 23:00:00,2026-03-03,23,Tuesday,False,Suburban_Residential,Clear,0.052,60.0,1.0,60.0,25.7,55.6,16.9,0.659,0.659,-0.538,1015.13,45.0,False,0.02
2026-03-04 00:00:00,2026-03-04,0,Wednesday,False,Suburban_Residential,Clear,0.119,60.0,1.0,60.0,20.1,38.8,14.0,0.6949,0.6949,-0.481,839.51,45.0,False,0.02
2026-03-04 01:00:00,2026-03-04,1,Wednesday,False,Suburban_Residential,Clear,0.069,60.0,1.0,60.0,18.2,38.7,12.0,0.6592,0.6592,-0.531,718.33,45.0,False,0.02
2026-03-04 02:00:00,2026-03-04,2,Wednesday,False,Suburban_Residential,Clear,0.077,60.0,1.0,60.0,20.2,41.2,13.5,0.6668,0.6668,-0.509,809.2,45.0,False,0.02
2026-03-04 03:00:00,2026-03-04,3,Wednesday,False,Suburban_Residential,Clear,0.068,60.0,1.0,60.0,22.8,45.0,14.5,0.6369,0.6369,-0.493,870.72,45.0,False,0.02
2026-03-04 04:00:00,2026-03-04,4,Wednesday,False,Suburban_Residential,Clear,0.045,60.0,1.0,60.0,19.2,52.5,13.1,0.6842,0.6842,-0.635,786.96,45.0,False,0.02
2026-03-04 05:00:00,2026-03-04,5,Wednesday,False,Suburban_Residential,Clear,0.07,60.0,1.0,60.0,29.0,61.4,19.5,0.6734,0.6734,-0.528,1170.55,45.0,False,0.02
2026-03-04 06:00:00,2026-03-04,6,Wednesday,False,Suburban_Residential,Clear,0.139,60.0,1.0,60.0,46.1,64.8,30.9,0.6707,0.6707,-0.289,1853.7,45.0,False,0.02
2026-03-04 07:00:00,2026-03-04,7,Wednesday,False,Suburban_Residential,Clear,0.214,60.0,1.316,78.96,94.5,61.9,46.3,0.4902,0.4902,0.527,3658.08,59.22,False,0.0208
2026-03-04 08:00:00,2026-03-04,8,Wednesday,False,Suburban_Residential,Clear,0.354,60.0,1.495,89.73,114.0,62.4,49.7,0.4362,0.4362,0.826,4460.21,67.3,False,0.0298
2026-03-04 09:00:00,2026-03-04,9,Wednesday,False,Suburban_Residential,Clear,0.368,60.0,1.421,85.24,115.3,67.8,52.8,0.4576,0.4576,0.701,4497.42,63.93,False,0.026
2026-03-04 10:00:00,2026-03-04,10,Wednesday,False,Suburban_Residential,Clear,0.289,60.0,1.202,72.14,82.7,61.8,44.2,0.5342,0.5342,0.337,3187.33,54.11,False,0.02
2026-03-04 11:00:00,2026-03-04,11,Wednesday,False,Suburban_Residential,Clear,0.155,60.0,1.0,60.0,50.7,68.7,34.2,0.6743,0.6743,-0.262,2050.98,45.0,False,0.02
2026-03-04 12:00:00,2026-03-04,12,Wednesday,False,Suburban_Residential,Clear,0.097,60.0,1.0,60.0,27.5,67.7,18.3,0.6678,0.6678,-0.594,1100.41,45.0,False,0.02
2026-03-04 13:00:00,2026-03-04,13,Wednesday,False,Suburban_Residential,Clear,0.042,60.0,1.0,60.0,21.8,63.8,14.7,0.6717,0.6717,-0.658,880.27,45.0,False,0.02
2026-03-04 14:00:00,2026-03-04,14,Wednesday,False,Suburban_Residential,Clear,0.072,60.0,1.0,60.0,24.9,67.6,17.1,0.6861,0.6861,-0.632,1024.93,45.0,False,0.02
2026-03-04 15:00:00,2026-03-04,15,Wednesday,False,Suburban_Residential,Clear,0.116,60.0,1.0,60.0,35.3,70.6,23.3,0.6583,0.6583,-0.499,1395.62,45.0,False,0.02
2026-03-04 16:00:00,2026-03-04,16,Wednesday,False,Suburban_Residential,Clear,0.251,60.0,1.016,60.98,71.4,69.5,47.4,0.6635,0.6635,0.027,2888.29,45.73,False,0.02
2026-03-04 17:00:00,2026-03-04,17,Wednesday,False,Suburban_Residential,Clear,0.321,60.0,1.374,82.44,113.5,69.9,52.9,0.4665,0.4665,0.623,4363.73,61.83,False,0.0237
2026-03-04 18:00:00,2026-03-04,18,Wednesday,False,Suburban_Residential,Clear,0.393,60.0,1.382,82.95,127.0,77.6,60.3,0.4751,0.4751,0.637,5004.43,62.21,False,0.0241
2026-03-04 19:00:00,2026-03-04,19,Wednesday,False,Suburban_Residential,Clear,0.436,60.0,1.613,96.77,137.3,67.9,57.2,0.4163,0.4163,1.021,5531.82,72.58,False,0.0356
2026-03-04 20:00:00,2026-03-04,20,Wednesday,False,Suburban_Residential,Clear,0.359,60.0,1.248,74.9,106.8,75.5,54.2,0.5074,0.5074,0.414,4058.55,56.18,False,0.02
2026-03-04 21:00:00,2026-03-04,21,Wednesday,False,Suburban_Residential,Clear,0.208,60.0,1.052,63.11,73.3,67.5,46.7,0.6368,0.6368,0.086,2946.37,47.33,False,0.02
2026-03-04 22:00:00,2026-03-04,22,Wednesday,False,Suburban_Residential,Clear,0.161,60.0,1.0,60.0,36.3,57.6,24.1,0.6641,0.6641,-0.37,1445.49,45.0,False,0.02
2026-03-04 23:00:00,2026-03-04,23,Wednesday,False,Suburban_Residential,Clear,0.052,60.0,1.0,60.0,25.3,53.6,16.9,0.665,0.665,-0.527,1011.4,45.0,False,0.02
2026-03-05 00:00:00,2026-03-05,0,Thursday,False,Suburban_Residential,Rain,0.197,60.0,1.0,60.0,20.5,39.2,13.4,0.6523,0.6523,-0.478,802.19,45.0,False,0.02
2026-03-05 01:00:00,2026-03-05,1,Thursday,False,Suburban_Residential,Rain,0.203,60.0,1.0,60.0,20.2,35.8,12.9,0.636,0.636,-0.436,771.35,45.0,False,0.02
2026-03-05 02:00:00,2026-03-05,2,Thursday,False,Suburban_Residential,Rain,0.202,60.0,1.0,60.0,22.5,41.3,14.3,0.6383,0.6383,-0.455,860.63,45.0,False,0.02
2026-03-05 03:00:00,2026-03-05,3,Thursday,False,Suburban_Residential,Rain,0.219,60.0,1.0,60.0,21.3,47.9,13.3,0.6215,0.6215,-0.555,795.26,45.0,False,0.02
2026-03-05 04:00:00,2026-03-05,4,Thursday,False,Suburban_Residential,Rain,0.245,60.0,1.0,60.0,21.5,44.7,13.7,0.6367,0.6367,-0.52,820.24,45.0,False,0.02
2026-03-05 05:00:00,2026-03-05,5,Thursday,False,Suburban_Residential,Rain,0.276,60.0,1.0,60.0,36.4,48.0,22.5,0.6197,0.6197,-0.243,1351.73,45.0,False,0.02
2026-03-05 06:00:00,2026-03-05,6,Thursday,False,Suburban_Residential,Rain,0.281,60.0,1.0,60.0,53.0,62.9,32.0,0.6035,0.6035,-0.157,1918.88,45.0,False,0.02
2026-03-05 07:00:00,2026-03-05,7,Thursday,False,Suburban_Residential,Rain,0.451,60.0,1.402,84.13,103.2,61.8,46.4,0.4495,0.4495,0.67,3900.7,63.1,False,0.0251
2026-03-05 08:00:00,2026-03-05,8,Thursday,False,Suburban_Residential,Rain,0.503,60.0,1.401,84.03,118.1,70.8,50.6,0.4284,0.4284,0.668,4250.51,63.02,False,0.025
2026-03-05 09:00:00,2026-03-05,9,Thursday,False,Suburban_Residential,Rain,0.501,60.0,1.368,82.09,117.3,72.7,53.2,0.4536,0.4536,0.614,4367.03,61.57,False,0.0234
2026-03-05 10:00:00,2026-03-05,10,Thursday,False,Suburban_Residential,Rain,0.416,60.0,1.279,76.75,99.2,67.7,47.7,0.481,0.481,0.465,3663.09,57.56,False,0.02
2026-03-05 11:00:00,2026-03-05,11,Thursday,False,Suburban_Residential,Rain,0.245,60.0,1.0,60.0,62.5,67.9,39.6,0.6329,0.6329,-0.079,2373.6,45.0,False,0.02
2026-03-05 12:00:00,2026-03-05,12,Thursday,False,Suburban_Residential,Rain,0.232,60.0,1.0,60.0,29.0,67.9,18.7,0.6452,0.6452,-0.573,1122.53,45.0,False,0.02
2026-03-05 13:00:00,2026-03-05,13,Thursday,False,Suburban_Residential,Rain,0.194,60.0,1.0,60.0,24.4,59.4,15.6,0.6392,0.6392,-0.588,936.9,45.0,False,0.02
2026-03-05 14:00:00,2026-03-05,14,Thursday,False,Suburban_Residential,Rain,0.221,60.0,1.0,60.0,26.3,76.1,16.6,0.6323,0.6323,-0.654,998.69,45.0,False,0.02
2026-03-05 15:00:00,2026-03-05,15,Thursday,False,Suburban_Residential,Rain,0.293,60.0,1.0,60.0,41.8,69.4,26.6,0.6368,0.6368,-0.398,1597.06,45.0,False,0.02
2026-03-05 16:00:00,2026-03-05,16,Thursday,False,Suburban_Residential,Rain,0.285,60.0,1.046,62.75,71.9,66.8,44.2,0.6143,0.6143,0.076,2772.12,47.06,False,0.02
2026-03-05 17:00:00,2026-03-05,17,Thursday,False,Suburban_Residential,Rain,0.424,60.0,1.463,87.76,121.0,68.3,50.9,0.421,0.421,0.771,4469.3,65.82,False,0.0281
2026-03-05 18:00:00,2026-03-05,18,Thursday,False,Suburban_Residential,Rain,0.606,60.0,1.64,98.43,165.2,79.9,61.7,0.3734,0.3734,1.067,6072.95,73.82,False,0.037
2026-03-05 19:00:00,2026-03-05,19,Thursday,False,Suburban_Residential,Rain,0.605,60.0,1.795,107.7,162.9,70.0,55.9,0.3431,0.3431,1.325,6018.57,80.78,False,0.0447
2026-03-05 20:00:00,2026-03-05,20,Thursday,False,Suburban_Residential,Rain,0.47,60.0,1.495,89.69,147.3,80.7,61.0,0.4142,0.4142,0.825,5471.55,67.27,False,0.0297
2026-03-05 21:00:00,2026-03-05,21,Thursday,False,Suburban_Residential,Rain,0.376,60.0,1.155,69.32,83.1,66.0,44.5,0.5352,0.5352,0.259,3083.12,51.99,False,0.02
2026-03-05 22:00:00,2026-03-05,22,Thursday,False,Suburban_Residential,Rain,0.225,60.0,1.0,60.0,38.2,65.4,24.3,0.6369,0.6369,-0.416,1460.48,45.0,False,0.02
2026-03-05 23:00:00,2026-03-05,23,Thursday,False,Suburban_Residential,Rain,0.18,60.0,1.0,60.0,28.3,54.9,18.0,0.6362,0.6362,-0.485,1079.6,45.0,False,0.02
2026-03-06 00:00:00,2026-03-06,0,Friday,False,Suburban_Residential,Clear,0.045,60.0,1.0,60.0,18.9,38.0,12.5,0.6628,0.6628,-0.503,750.17,45.0,False,0.02
2026-03-06 01:00:00,2026-03-06,1,Friday,False,Suburban_Residential,Clear,0.093,60.0,1.0,60.0,22.5,36.8,15.1,0.6694,0.6694,-0.388,905.18,45.0,False,0.02
2026-03-06 02:00:00,2026-03-06,2,Friday,False,Suburban_Residential,Clear,0.035,60.0,1.0,60.0,20.4,44.3,13.6,0.6641,0.6641,-0.538,814.62,45.0,False,0.02
2026-03-06 03:00:00,2026-03-06,3,Friday,False,Suburban_Residential,Clear,0.121,60.0,1.0,60.0,19.5,44.5,12.9,0.6614,0.6614,-0.563,772.02,45.0,False,0.02
2026-03-06 04:00:00,2026-03-06,4,Friday,False,Suburban_Residential,Clear,0.062,60.0,1.0,60.0,23.1,52.3,15.8,0.6861,0.6861,-0.559,950.02,45.0,False,0.02
2026-03-06 05:00:00,2026-03-06,5,Friday,False,Suburban_Residential,Clear,0.105,60.0,1.0,60.0,27.6,51.6,18.3,0.6623,0.6623,-0.466,1095.72,45.0,False,0.02
2026-03-06 06:00:00,2026-03-06,6,Friday,False,Suburban_Residential,Clear,0.156,60.0,1.0,60.0,46.7,54.4,31.2,0.667,0.667,-0.141,1870.67,45.0,False,0.02
2026-03-06 07:00:00,2026-03-06,7,Friday,False,Suburban_Residential,Clear,0.242,60.0,1.0,60.0,72.2,74.8,50.1,0.6934,0.6934,-0.034,3004.07,45.0,False,0.02
2026-03-06 08:00:00,2026-03-06,8,Friday,False,Suburban_Residential,Clear,0.363,60.0,1.389,83.36,117.5,71.3,56.9,0.4845,0.4845,0.649,4744.8,62.52,False,0.0245
2026-03-06 09:00:00,2026-03-06,9,Friday,False,Suburban_Residential,Clear,0.323,60.0,1.337,80.22,116.3,74.5,56.3,0.4839,0.4839,0.562,4515.35,60.16,False,0.0218
2026-03-06 10:00:00,2026-03-06,10,Friday,False,Suburban_Residential,Clear,0.309,60.0,1.184,71.04,89.7,68.7,49.8,0.5552,0.5552,0.307,3539.32,53.28,False,0.02
2026-03-06 11:00:00,2026-03-06,11,Friday,False,Suburban_Residential,Clear,0.127,60.0,1.0,60.0,54.2,68.3,37.2,0.6864,0.6864,-0.207,2230.29,45.0,False,0.02
2026-03-06 12:00:00,2026-03-06,12,Friday,False,Suburban_Residential,Clear,0.101,60.0,1.0,60.0,30.9,67.1,20.6,0.6652,0.6652,-0.54,1233.23,45.0,False,0.02
2026-03-06 13:00:00,2026-03-06,13,Friday,False,Suburban_Residential,Clear,0.088,60.0,1.0,60.0,25.0,64.1,17.0,0.6792,0.6792,-0.609,1020.64,45.0,False,0.02
2026-03-06 14:00:00,2026-03-06,14,Friday,False,Suburban_Residential,Clear,0.087,60.0,1.0,60.0,25.9,66.1,16.8,0.649,0.649,-0.608,1008.02,45.0,False,0.02
2026-03-06 15:00:00,2026-03-06,15,Friday,False,Suburban_Residential,Clear,0.122,60.0,1.0,60.0,38.5,68.3,26.0,0.674,0.674,-0.436,1558.88,45.0,False,0.02
2026-03-06 16:00:00,2026-03-06,16,Friday,False,Suburban_Residential,Clear,0.198,60.0,1.006,60.38,68.8,68.1,46.3,0.6727,0.6727,0.01,2793.99,45.29,False,0.02
2026-03-06 17:00:00,2026-03-06,17,Friday,False,Suburban_Residential,Clear,0.305,60.0,1.307,78.39,117.9,78.0,58.5,0.4965,0.4965,0.511,4588.26,58.79,False,0.0203
2026-03-06 18:00:00,2026-03-06,18,Friday,False,Suburban_Residential,Clear,0.436,60.0,1.781,106.87,146.1,63.5,55.4,0.3793,0.3793,1.302,5920.07,80.15,False,0.0441
2026-03-06 19:00:00,2026-03-06,19,Friday,False,Suburban_Residential,Clear,0.399,60.0,1.589,95.35,140.6,70.9,55.7,0.3963,0.3963,0.982,5313.21,71.51,False,0.0345
2026-03-06 20:00:00,2026-03-06,20,Friday,False,Suburban_Residential,Clear,0.339,60.0,1.241,74.48,94.5,67.4,51.2,0.5423,0.5423,0.402,3815.39,55.86,False,0.02
2026-03-06 21:00:00,2026-03-06,21,Friday,False,Suburban_Residential,Clear,0.214,60.0,1.0,60.0,61.9,65.3,41.4,0.6689,0.6689,-0.053,2484.18,45.0,False,0.02
2026-03-06 22:00:00,2026-03-06,22,Friday,False,Suburban_Residential,Clear,0.124,60.0,1.0,60.0,38.0,56.9,25.4,0.6698,0.6698,-0.333,1525.96,45.0,False,0.02
2026-03-06 23:00:00,2026-03-06,23,Friday,False,Suburban_Residential,Clear,0.07,60.0,1.0,60.0,21.7,57.1,14.3,0.6592,0.6592,-0.621,856.93,45.0,False,0.02
2026-03-07 00:00:00,2026-03-07,0,Saturday,True,Suburban_Residential,Clear,0.096,60.0,1.0,60.0,24.7,40.1,16.0,0.6478,0.6478,-0.383,960.64,45.0,False,0.02
2026-03-07 01:00:00,2026-03-07,1,Saturday,True,Suburban_Residential,Clear,0.077,60.0,1.0,60.0,21.5,42.8,14.0,0.6545,0.6545,-0.498,842.95,45.0,False,0.02
2026-03-07 02:00:00,2026-03-07,2,Saturday,True,Suburban_Residential,Clear,0.076,60.0,1.0,60.0,21.1,41.6,14.0,0.6641,0.6641,-0.493,839.37,45.0,False,0.02
2026-03-07 03:00:00,2026-03-07,3,Saturday,True,Suburban_Residential,Clear,0.083,60.0,1.0,60.0,25.0,41.1,17.0,0.6772,0.6772,-0.391,1017.16,45.0,False,0.02
2026-03-07 04:00:00,2026-03-07,4,Saturday,True,Suburban_Residential,Clear,0.074,60.0,1.0,60.0,25.6,45.4,17.0,0.6643,0.6643,-0.435,1020.69,45.0,False,0.02
2026-03-07 05:00:00,2026-03-07,5,Saturday,True,Suburban_Residential,Clear,0.094,60.0,1.0,60.0,30.7,48.1,20.8,0.676,0.676,-0.361,1246.4,45.0,False,0.02
2026-03-07 06:00:00,2026-03-07,6,Saturday,True,Suburban_Residential,Clear,0.049,60.0,1.0,60.0,26.3,49.9,18.0,0.6833,0.6833,-0.473,1078.97,45.0,False,0.02
2026-03-07 07:00:00,2026-03-07,7,Saturday,True,Suburban_Residential,Clear,0.151,60.0,1.0,60.0,32.0,46.9,21.6,0.6767,0.6767,-0.318,1298.85,45.0,False,0.02
2026-03-07 08:00:00,2026-03-07,8,Saturday,True,Suburban_Residential,Clear,0.074,60.0,1.0,60.0,41.3,55.7,26.9,0.6513,0.6513,-0.259,1612.71,45.0,False,0.02
2026-03-07 09:00:00,2026-03-07,9,Saturday,True,Suburban_Residential,Clear,0.183,60.0,1.0,60.0,44.8,51.6,30.6,0.6832,0.6832,-0.132,1836.47,45.0,False,0.02
2026-03-07 10:00:00,2026-03-07,10,Saturday,True,Suburban_Residential,Clear,0.282,60.0,1.076,64.58,63.6,56.5,39.1,0.6142,0.6142,0.127,2524.18,48.44,False,0.02
2026-03-07 11:00:00,2026-03-07,11,Saturday,True,Suburban_Residential,Clear,0.241,60.0,1.228,73.67,90.9,65.9,49.3,0.5428,0.5428,0.38,3634.06,55.25,False,0.02
2026-03-07 12:00:00,2026-03-07,12,Saturday,True,Suburban_Residential,Clear,0.329,60.0,1.328,79.65,102.4,66.2,49.6,0.4849,0.4849,0.546,3953.45,59.74,False,0.0214
2026-03-07 13:00:00,2026-03-07,13,Saturday,True,Suburban_Residential,Clear,0.336,60.0,1.401,84.06,104.6,62.7,49.5,0.4739,0.4739,0.668,4165.17,63.05,False,0.0251
2026-03-07 14:00:00,2026-03-07,14,Saturday,True,Suburban_Residential,Clear,0.295,60.0,1.38,82.81,107.4,65.7,52.9,0.4929,0.4929,0.633,4383.62,62.11,False,0.024
2026-03-07 15:00:00,2026-03-07,15,Saturday,True,Suburban_Residential,Clear,0.327,60.0,1.287,77.2,109.2,73.9,56.3,0.5156,0.5156,0.478,4346.13,57.9,False,0.02
2026-03-07 16:00:00,2026-03-07,16,Saturday,True,Suburban_Residential,Clear,0.331,60.0,1.153,69.18,89.7,71.5,51.5,0.574,0.574,0.255,3563.41,51.89,False,0.02
2026-03-07 17:00:00,2026-03-07,17,Saturday,True,Suburban_Residential,Clear,0.218,60.0,1.051,63.08,80.4,74.1,52.1,0.6477,0.6477,0.086,3284.73,47.31,False,0.02
2026-03-07 18:00:00,2026-03-07,18,Saturday,True,Suburban_Residential,Clear,0.206,60.0,1.0,60.0,66.6,71.6,44.9,0.6748,0.6748,-0.07,2695.95,45.0,False,0.02
2026-03-07 19:00:00,2026-03-07,19,Saturday,True,Suburban_Residential,Clear,0.25,60.0,1.08,64.81,76.0,67.0,45.7,0.6019,0.6019,0.134,2963.33,48.61,False,0.02
2026-03-07 20:00:00,2026-03-07,20,Saturday,True,Suburban_Residential,Clear,0.224,60.0,1.238,74.3,91.5,65.5,49.4,0.5396,0.5396,0.397,3669.01,55.72,False,0.02
2026-03-07 21:00:00,2026-03-07,21,Saturday,True,Suburban_Residential,Clear,0.342,60.0,1.325,79.52,88.9,57.7,43.8,0.4927,0.4927,0.542,3484.6,59.64,False,0.0213
2026-03-07 22:00:00,2026-03-07,22,Saturday,True,Suburban_Residential,Clear,0.351,60.0,1.724,103.43,112.2,50.9,41.1,0.3659,0.3659,1.206,4247.76,77.57,False,0.0412
2026-03-07 23:00:00,2026-03-07,23,Saturday,True,Suburban_Residential,Clear,0.326,60.0,2.0,119.98,127.0,47.6,40.5,0.3187,0.3187,1.666,4854.93,89.98,False,0.055
2026-03-08 00:00:00,2026-03-08,0,Sunday,True,Suburban_Residential,Clear,0.119,60.0,1.0,60.0,25.0,38.6,16.8,0.6723,0.6723,-0.352,1009.14,45.0,False,0.02
2026-03-08 01:00:00,2026-03-08,1,Sunday,True,Suburban_Residential,Clear,0.122,60.0,1.0,60.0,22.8,45.2,15.1,0.6625,0.6625,-0.495,907.58,45.0,False,0.02
2026-03-08 02:00:00,2026-03-08,2,Sunday,True,Suburban_Residential,Clear,0.055,60.0,1.0,60.0,23.9,38.1,15.9,0.6639,0.6639,-0.372,953.71,45.0,False,0.02
2026-03-08 03:00:00,2026-03-08,3,Sunday,True,Suburban_Residential,Clear,0.095,60.0,1.0,60.0,27.8,41.9,18.8,0.6761,0.6761,-0.336,1129.74,45.0,False,0.02
2026-03-08 04:00:00,2026-03-08,4,Sunday,True,Suburban_Residential,Clear,0.073,60.0,1.0,60.0,27.0,45.4,18.4,0.6806,0.6806,-0.406,1102.01,45.0,False,0.02
2026-03-08 05:00:00,2026-03-08,5,Sunday,True,Suburban_Residential,Clear,0.113,60.0,1.0,60.0,21.2,49.2,14.4,0.6801,0.6801,-0.569,864.31,45.0,False,0.02
2026-03-08 06:00:00,2026-03-08,6,Sunday,True,Suburban_Residential,Clear,0.078,60.0,1.0,60.0,27.6,47.8,18.7,0.6783,0.6783,-0.423,1122.14,45.0,False,0.02
2026-03-08 07:00:00,2026-03-08,7,Sunday,True,Suburban_Residential,Clear,0.15,60.0,1.0,60.0,32.3,50.4,21.5,0.6657,0.6657,-0.36,1289.44,45.0,False,0.02
2026-03-08 08:00:00,2026-03-08,8,Sunday,True,Suburban_Residential,Clear,0.152,60.0,1.0,60.0,40.4,51.7,28.2,0.6968,0.6968,-0.218,1690.75,45.0,False,0.02
2026-03-08 09:00:00,2026-03-08,9,Sunday,True,Suburban_Residential,Clear,0.141,60.0,1.0,60.0,50.8,55.0,33.4,0.6576,0.6576,-0.076,2006.17,45.0,False,0.02
2026-03-08 10:00:00,2026-03-08,10,Sunday,True,Suburban_Residential,Clear,0.189,60.0,1.007,60.41,64.1,63.4,42.6,0.6645,0.6645,0.011,2573.27,45.31,False,0.02
2026-03-08 11:00:00,2026-03-08,11,Sunday,True,Suburban_Residential,Clear,0.187,60.0,1.133,67.99,83.8,68.5,48.5,0.5792,0.5792,0.222,3298.07,50.99,False,0.02
2026-03-08 12:00:00,2026-03-08,12,Sunday,True,Suburban_Residential,Clear,0.277,60.0,1.278,76.66,115.1,78.7,59.2,0.5147,0.5147,0.463,4540.83,57.49,False,0.02
2026-03-08 13:00:00,2026-03-08,13,Sunday,True,Suburban_Residential,Clear,0.287,60.0,1.257,75.41,104.4,73.1,53.9,0.5166,0.5166,0.428,4068.08,56.56,False,0.02
2026-03-08 14:00:00,2026-03-08,14,Sunday,True,Suburban_Residential,Clear,0.334,60.0,1.342,80.49,105.8,67.5,51.0,0.4816,0.4816,0.569,4102.83,60.37,False,0.0221
2026-03-08 15:00:00,2026-03-08,15,Sunday,True,Suburban_Residential,Clear,0.311,60.0,1.113,66.79,88.2,74.2,52.5,0.5954,0.5954,0.189,3506.38,50.09,False,0.02
2026-03-08 16:00:00,2026-03-08,16,Sunday,True,Suburban_Residential,Clear,0.295,60.0,1.053,63.15,78.0,71.7,48.7,0.624,0.624,0.088,3072.5,47.36,False,0.02
2026-03-08 17:00:00,2026-03-08,17,Sunday,True,Suburban_Residential,Clear,0.222,60.0,1.045,62.73,78.7,73.1,50.7,0.6445,0.6445,0.076,3179.88,47.05,False,0.02
2026-03-08 18:00:00,2026-03-08,18,Sunday,True,Suburban_Residential,Clear,0.214,60.0,1.0,60.0,63.6,67.5,43.5,0.6847,0.6847,-0.058,2612.77,45.0,False,0.02
2026-03-08 19:00:00,2026-03-08,19,Sunday,True,Suburban_Residential,Clear,0.199,60.0,1.0,60.0,66.8,67.4,45.7,0.6841,0.6841,-0.009,2743.15,45.0,False,0.02
2026-03-08 20:00:00,2026-03-08,20,Sunday,True,Suburban_Residential,Clear,0.297,60.0,1.232,73.92,83.9,60.5,45.3,0.5403,0.5403,0.387,3350.52,55.44,False,0.02
2026-03-08 21:00:00,2026-03-08,21,Sunday,True,Suburban_Residential,Clear,0.311,60.0,1.423,85.38,107.6,63.1,48.3,0.4491,0.4491,0.705,4126.03,64.03,False,0.0262
2026-03-08 22:00:00,2026-03-08,22,Sunday,True,Suburban_Residential,Clear,0.372,60.0,1.679,100.71,111.0,52.1,43.6,0.3933,0.3933,1.131,4395.2,75.53,False,0.0389
2026-03-08 23:00:00,2026-03-08,23,Sunday,True,Suburban_Residential,Clear,0.299,60.0,1.852,111.15,120.6,49.8,42.6,0.3532,0.3532,1.421,4734.26,83.36,False,0.0476
2026-03-09 00:00:00,2026-03-09,0,Monday,False,Suburban_Residential,Clear,0.012,60.0,1.0,60.0,19.6,36.1,13.1,0.6683,0.6683,-0.457,785.33,45.0,False,0.02
2026-03-09 01:00:00,2026-03-09,1,Monday,False,Suburban_Residential,Clear,0.057,60.0,1.0,60.0,19.3,39.5,13.0,0.6719,0.6719,-0.512,777.07,45.0,False,0.02
2026-03-09 02:00:00,2026-03-09,2,Monday,False,Suburban_Residential,Clear,0.012,60.0,1.0,60.0,18.3,45.2,12.5,0.6852,0.6852,-0.596,751.39,45.0,False,0.02
2026-03-09 03:00:00,2026-03-09,3,Monday,False,Suburban_Residential,Clear,0.02,60.0,1.0,60.0,17.8,44.9,11.9,0.6702,0.6702,-0.604,715.87,45.0,False,0.02
2026-03-09 04:00:00,2026-03-09,4,Monday,False,Suburban_Residential,Clear,0.076,60.0,1.0,60.0,21.3,48.5,14.4,0.6771,0.6771,-0.56,865.32,45.0,False,0.02
2026-03-09 05:00:00,2026-03-09,5,Monday,False,Suburban_Residential,Clear,0.056,60.0,1.0,60.0,27.9,56.4,18.5,0.6636,0.6636,-0.506,1109.79,45.0,False,0.02
2026-03-09 06:00:00,2026-03-09,6,Monday,False,Suburban_Residential,Clear,0.115,60.0,1.0,60.0,57.2,57.6,38.5,0.6725,0.6725,-0.007,2308.18,45.0,False,0.02
2026-03-09 07:00:00,2026-03-09,7,Monday,False,Suburban_Residential,Clear,0.321,60.0,1.134,68.05,76.2,62.3,44.9,0.5893,0.5893,0.224,3054.83,51.04,False,0.02
2026-03-09 08:00:00,2026-03-09,8,Monday,False,Suburban_Residential,Clear,0.309,60.0,1.395,83.7,111.3,67.1,51.1,0.4592,0.4592,0.658,4276.82,62.78,False,0.0247
2026-03-09 09:00:00,2026-03-09,9,Monday,False,Suburban_Residential,Clear,0.38,60.0,1.262,75.71,106.0,73.8,55.6,0.5244,0.5244,0.436,4209.79,56.78,False,0.02
2026-03-09 10:00:00,2026-03-09,10,Monday,False,Suburban_Residential,Clear,0.233,60.0,1.15,69.0,82.6,66.1,46.7,0.5654,0.5654,0.25,3222.54,51.75,False,0.02
2026-03-09 11:00:00,2026-03-09,11,Monday,False,Suburban_Residential,Clear,0.131,60.0,1.0,60.0,49.6,71.4,33.5,0.674,0.674,-0.305,2007.47,45.0,False,0.02
2026-03-09 12:00:00,2026-03-09,12,Monday,False,Suburban_Residential,Clear,0.108,60.0,1.0,60.0,27.4,64.4,18.4,0.6733,0.6733,-0.575,1104.94,45.0,False,0.02
2026-03-09 13:00:00,2026-03-09,13,Monday,False,Suburban_Residential,Clear,0.038,60.0,1.0,60.0,23.7,61.2,16.4,0.6924,0.6924,-0.613,984.1,45.0,False,0.02
2026-03-09 14:00:00,2026-03-09,14,Monday,False,Suburban_Residential,Clear,0.048,60.0,1.0,60.0,25.4,70.3,17.0,0.6694,0.6694,-0.638,1022.08,45.0,False,0.02
2026-03-09 15:00:00,2026-03-09,15,Monday,False,Suburban_Residential,Clear,0.095,60.0,1.0,60.0,41.2,64.7,26.9,0.6529,0.6529,-0.364,1612.48,45.0,False,0.02
2026-03-09 16:00:00,2026-03-09,16,Monday,False,Suburban_Residential,Clear,0.236,60.0,1.054,63.26,76.4,70.0,48.7,0.6381,0.6381,0.091,3082.12,47.45,False,0.02
2026-03-09 17:00:00,2026-03-09,17,Monday,False,Suburban_Residential,Clear,0.324,60.0,1.378,82.7,112.0,68.7,53.0,0.4735,0.4735,0.631,4385.74,62.03,False,0.0239
2026-03-09 18:00:00,2026-03-09,18,Monday,False,Suburban_Residential,Clear,0.437,60.0,1.679,100.76,145.1,68.1,56.2,0.3875,0.3875,1.132,5667.57,75.57,False,0.039
2026-03-09 19:00:00,2026-03-09,19,Monday,False,Suburban_Residential,Clear,0.434,60.0,1.663,99.76,150.0,71.3,60.1,0.4004,0.4004,1.104,5992.75,74.82,False,0.0381
2026-03-09 20:00:00,2026-03-09,20,Monday,False,Suburban_Residential,Clear,0.365,60.0,1.222,73.31,94.4,68.9,52.3,0.554,0.554,0.37,3835.22,54.98,False,0.02
2026-03-09 21:00:00,2026-03-09,21,Monday,False,Suburban_Residential,Clear,0.173,60.0,1.089,65.34,77.6,67.6,47.5,0.6115,0.6115,0.148,3101.08,49.01,False,0.02
2026-03-09 22:00:00,2026-03-09,22,Monday,False,Suburban_Residential,Clear,0.099,60.0,1.0,60.0,45.3,67.9,30.0,0.6634,0.6634,-0.333,1802.29,45.0,False,0.02
2026-03-09 23:00:00,2026-03-09,23,Monday,False,Suburban_Residential,Clear,0.066,60.0,1.0,60.0,29.8,56.8,19.8,0.6628,0.6628,-0.475,1185.21,45.0,False,0.02
2026-03-10 00:00:00,2026-03-10,0,Tuesday,False,Suburban_Residential,Clear,0.056,60.0,1.0,60.0,22.5,40.9,14.8,0.6557,0.6557,-0.45,885.13,45.0,False,0.02
2026-03-10 01:00:00,2026-03-10,1,Tuesday,False,Suburban_Residential,Clear,0.038,60.0,1.0,60.0,20.0,43.4,13.7,0.6825,0.6825,-0.539,820.55,45.0,False,0.02
2026-03-10 02:00:00,2026-03-10,2,Tuesday,False,Suburban_Residential,Clear,0.099,60.0,1.0,60.0,16.8,47.2,11.2,0.6642,0.6642,-0.643,671.44,45.0,False,0.02
2026-03-10 03:00:00,2026-03-10,3,Tuesday,False,Suburban_Residential,Clear,0.025,60.0,1.0,60.0,20.3,46.4,13.7,0.6764,0.6764,-0.563,822.06,45.0,False,0.02
2026-03-10 04:00:00,2026-03-10,4,Tuesday,False,Suburban_Residential,Clear,0.13,60.0,1.0,60.0,23.4,50.6,15.6,0.6684,0.6684,-0.538,937.75,45.0,False,0.02
2026-03-10 05:00:00,2026-03-10,5,Tuesday,False,Suburban_Residential,Clear,0.11,60.0,1.0,60.0,26.2,57.0,17.7,0.675,0.675,-0.541,1060.02,45.0,False,0.02
2026-03-10 06:00:00,2026-03-10,6,Tuesday,False,Suburban_Residential,Clear,0.127,60.0,1.0,60.0,49.7,55.5,33.1,0.6669,0.6669,-0.105,1987.26,45.0,False,0.02
2026-03-10 07:00:00,2026-03-10,7,Tuesday,False,Suburban_Residential,Clear,0.289,60.0,1.344,80.62,95.0,60.4,45.9,0.4826,0.4826,0.573,3696.63,60.47,False,0.0222
2026-03-10 08:00:00,2026-03-10,8,Tuesday,False,Suburban_Residential,Clear,0.361,60.0,1.369,82.15,110.0,68.1,53.0,0.4822,0.4822,0.615,4357.34,61.61,False,0.0235
2026-03-10 09:00:00,2026-03-10,9,Tuesday,False,Suburban_Residential,Clear,0.347,60.0,1.436,86.19,126.8,73.4,58.2,0.4586,0.4586,0.727,5013.97,64.64,False,0.0268
2026-03-10 10:00:00,2026-03-10,10,Tuesday,False,Suburban_Residential,Clear,0.241,60.0,1.041,62.47,75.6,70.7,48.2,0.6382,0.6382,0.069,3013.89,46.85,False,0.02
2026-03-10 11:00:00,2026-03-10,11,Tuesday,False,Suburban_Residential,Clear,0.141,60.0,1.0,60.0,55.6,69.8,39.1,0.7032,0.7032,-0.203,2347.31,45.0,False,0.02
2026-03-10 12:00:00,2026-03-10,12,Tuesday,False,Suburban_Residential,Clear,0.023,60.0,1.0,60.0,26.4,67.6,17.6,0.6673,0.6673,-0.609,1058.38,45.0,False,0.02
2026-03-10 13:00:00,2026-03-10,13,Tuesday,False,Suburban_Residential,Clear,0.044,60.0,1.0,60.0,23.1,71.4,15.9,0.6885,0.6885,-0.676,954.76,45.0,False,0.02
2026-03-10 14:00:00,2026-03-10,14,Tuesday,False,Suburban_Residential,Clear,0.075,60.0,1.0,60.0,24.5,68.6,16.5,0.6756,0.6756,-0.643,991.52,45.0,False,0.02
2026-03-10 15:00:00,2026-03-10,15,Tuesday,False,Suburban_Residential,Clear,0.119,60.0,1.0,60.0,38.8,69.3,26.7,0.6882,0.6882,-0.44,1600.48,45.0,False,0.02
2026-03-10 16:00:00,2026-03-10,16,Tuesday,False,Suburban_Residential,Clear,0.166,60.0,1.0,60.0,69.2,69.2,47.2,0.6813,0.6813,-0.0,2829.71,45.0,False,0.02
2026-03-10 17:00:00,2026-03-10,17,Tuesday,False,Suburban_Residential,Clear,0.311,60.0,1.527,91.6,123.3,65.7,52.4,0.425,0.425,0.878,4799.87,68.7,False,0.0313
2026-03-10 18:00:00,2026-03-10,18,Tuesday,False,Suburban_Residential,Clear,0.429,60.0,1.749,104.95,136.5,60.7,52.0,0.3809,0.3809,1.249,5455.32,78.71,False,0.0425
2026-03-10 19:00:00,2026-03-10,19,Tuesday,False,Suburban_Residential,Clear,0.42,60.0,1.647,98.83,136.8,65.8,54.0,0.3946,0.3946,1.079,5333.45,74.12,False,0.0374
2026-03-10 20:00:00,2026-03-10,20,Tuesday,False,Suburban_Residential,Clear,0.347,60.0,1.296,77.77,111.9,74.9,56.6,0.5059,0.5059,0.494,4403.89,58.33,False,0.02
2026-03-10 21:00:00,2026-03-10,21,Tuesday,False,Suburban_Residential,Clear,0.196,60.0,1.0,60.0,65.9,72.8,43.4,0.6586,0.6586,-0.094,2605.6,45.0,False,0.02
2026-03-10 22:00:00,2026-03-10,22,Tuesday,False,Suburban_Residential,Clear,0.107,60.0,1.0,60.0,41.9,57.8,27.8,0.6634,0.6634,-0.275,1668.36,45.0,False,0.02
2026-03-10 23:00:00,2026-03-10,23,Tuesday,False,Suburban_Residential,Clear,0.022,60.0,1.0,60.0,24.6,63.2,16.4,0.6666,0.6666,-0.611,982.39,45.0,False,0.02
2026-03-11 00:00:00,2026-03-11,0,Wednesday,False,Suburban_Residential,Clear,0.016,60.0,1.0,60.0,18.4,34.5,12.2,0.6632,0.6632,-0.467,731.48,45.0,False,0.02
2026-03-11 01:00:00,2026-03-11,1,Wednesday,False,Suburban_Residential,Clear,0.077,60.0,1.0,60.0,21.4,45.7,14.2,0.666,0.666,-0.532,854.8,45.0,False,0.02
2026-03-11 02:00:00,2026-03-11,2,Wednesday,False,Suburban_Residential,Clear,0.029,60.0,1.0,60.0,20.0,41.2,13.2,0.6624,0.6624,-0.516,793.6,45.0,False,0.02
2026-03-11 03:00:00,2026-03-11,3,Wednesday,False,Suburban_Residential,Clear,0.072,60.0,1.0,60.0,19.3,40.5,13.0,0.6697,0.6697,-0.522,777.05,45.0,False,0.02
2026-03-11 04:00:00,2026-03-11,4,Wednesday,False,Suburban_Residential,Clear,0.094,60.0,1.0,60.0,17.4,52.2,11.5,0.6649,0.6649,-0.667,692.94,45.0,False,0.02
2026-03-11 05:00:00,2026-03-11,5,Wednesday,False,Suburban_Residential,Clear,0.049,60.0,1.0,60.0,31.4,52.2,21.0,0.6685,0.6685,-0.397,1261.12,45.0,False,0.02
2026-03-11 06:00:00,2026-03-11,6,Wednesday,False,Suburban_Residential,Clear,0.128,60.0,1.0,60.0,47.6,57.2,32.4,0.6801,0.6801,-0.167,1943.76,45.0,False,0.02
2026-03-11 07:00:00,2026-03-11,7,Wednesday,False,Suburban_Residential,Clear,0.274,60.0,1.093,65.57,75.0,64.9,46.0,0.6139,0.6139,0.155,3019.11,49.18,False,0.02
2026-03-11 08:00:00,2026-03-11,8,Wednesday,False,Suburban_Residential,Clear,0.378,60.0,1.499,89.91,127.7,69.8,56.0,0.4383,0.4383,0.831,5033.22,67.43,False,0.0299
2026-03-11 09:00:00,2026-03-11,9,Wednesday,False,Suburban_Residential,Clear,0.343,60.0,1.35,81.0,107.2,67.7,52.3,0.4877,0.4877,0.583,4233.77,60.75,False,0.0225
2026-03-11 10:00:00,2026-03-11,10,Wednesday,False,Suburban_Residential,Clear,0.263,60.0,1.084,65.02,84.6,74.3,50.9,0.6016,0.6016,0.139,3309.51,48.77,False,0.02
2026-03-11 11:00:00,2026-03-11,11,Wednesday,False,Suburban_Residential,Clear,0.146,60.0,1.0,60.0,47.8,64.9,31.8,0.6662,0.6662,-0.263,1910.33,45.0,False,0.02
2026-03-11 12:00:00,2026-03-11,12,Wednesday,False,Suburban_Residential,Clear,0.106,60.0,1.0,60.0,25.3,69.2,16.9,0.6671,0.6671,-0.634,1013.46,45.0,False,0.02
2026-03-11 13:00:00,2026-03-11,13,Wednesday,False,Suburban_Residential,Clear,0.064,60.0,1.0,60.0,22.8,66.2,15.6,0.6843,0.6843,-0.655,936.71,45.0,False,0.02
2026-03-11 14:00:00,2026-03-11,14,Wednesday,False,Suburban_Residential,Clear,0.055,60.0,1.0,60.0,25.9,62.2,17.1,0.6596,0.6596,-0.584,1023.28,45.0,False,0.02
2026-03-11 15:00:00,2026-03-11,15,Wednesday,False,Suburban_Residential,Clear,0.067,60.0,1.0,60.0,39.7,65.9,26.5,0.6688,0.6688,-0.398,1591.86,45.0,False,0.02
2026-03-11 16:00:00,2026-03-11,16,Wednesday,False,Suburban_Residential,Clear,0.222,60.0,1.0,60.0,68.6,69.8,45.1,0.6567,0.6567,-0.017,2703.51,45.0,False,0.02
2026-03-11 17:00:00,2026-03-11,17,Wednesday,False,Suburban_Residential,Clear,0.346,60.0,1.257,75.44,105.4,73.8,55.4,0.5258,0.5258,0.429,4182.23,56.58,False,0.02
2026-03-11 18:00:00,2026-03-11,18,Wednesday,False,Suburban_Residential,Clear,0.417,60.0,1.517,91.0,141.4,76.0,62.6,0.4428,0.4428,0.861,5697.56,68.25,False,0.0308
2026-03-11 19:00:00,2026-03-11,19,Wednesday,False,Suburban_Residential,Clear,0.451,60.0,1.484,89.06,140.5,77.8,61.6,0.4385,0.4385,0.807,5489.11,66.8,False,0.0292
2026-03-11 20:00:00,2026-03-11,20,Wednesday,False,Suburban_Residential,Clear,0.327,60.0,1.277,76.61,110.8,75.8,56.7,0.5119,0.5119,0.462,4343.76,57.46,False,0.02
2026-03-11 21:00:00,2026-03-11,21,Wednesday,False,Suburban_Residential,Clear,0.236,60.0,1.0,60.0,65.6,67.9,44.6,0.6794,0.6794,-0.033,2675.19,45.0,False,0.02
2026-03-11 22:00:00,2026-03-11,22,Wednesday,False,Suburban_Residential,Clear,0.114,60.0,1.0,60.0,42.6,62.4,29.1,0.6824,0.6824,-0.318,1743.12,45.0,False,0.02
2026-03-11 23:00:00,2026-03-11,23,Wednesday,False,Suburban_Residential,Clear,0.065,60.0,1.0,60.0,24.3,58.3,16.5,0.6775,0.6775,-0.583,987.49,45.0,False,0.02
2026-03-12 00:00:00,2026-03-12,0,Thursday,False,Suburban_Residential,Clear,0.063,60.0,1.0,60.0,19.5,37.9,13.0,0.6672,0.6672,-0.484,782.01,45.0,False,0.02
2026-03-12 01:00:00,2026-03-12,1,Thursday,False,Suburban_Residential,Clear,0.094,60.0,1.0,60.0,17.8,43.6,11.8,0.6637,0.6637,-0.592,707.78,45.0,False,0.02
2026-03-12 02:00:00,2026-03-12,2,Thursday,False,Suburban_Residential,Clear,0.075,60.0,1.0,60.0,17.8,43.4,11.7,0.6566,0.6566,-0.59,701.1,45.0,False,0.02
2026-03-12 03:00:00,2026-03-12,3,Thursday,False,Suburban_Residential,Clear,0.124,60.0,1.0,60.0,17.9,46.5,12.0,0.6714,0.6714,-0.615,720.51,45.0,False,0.02
2026-03-12 04:00:00,2026-03-12,4,Thursday,False,Suburban_Residential,Clear,0.042,60.0,1.0,60.0,22.3,46.0,15.2,0.6813,0.6813,-0.516,910.09,45.0,False,0.02
2026-03-12 05:00:00,2026-03-12,5,Thursday,False,Suburban_Residential,Clear,0.058,60.0,1.0,60.0,27.4,55.4,18.1,0.6625,0.6625,-0.506,1088.85,45.0,False,0.02
2026-03-12 06:00:00,2026-03-12,6,Thursday,False,Suburban_Residential,Clear,0.139,60.0,1.0,60.0,51.1,59.0,33.9,0.6627,0.6627,-0.134,2032.98,45.0,False,0.02
2026-03-12 07:00:00,2026-03-12,7,Thursday,False,Suburban_Residential,Clear,0.229,60.0,1.232,73.9,82.2,59.3,44.1,0.5361,0.5361,0.386,3255.59,55.43,False,0.02
2026-03-12 08:00:00,2026-03-12,8,Thursday,False,Suburban_Residential,Clear,0.352,60.0,1.503,90.16,105.8,57.6,45.6,0.431,0.431,0.838,4112.47,67.62,False,0.0301
2026-03-12 09:00:00,2026-03-12,9,Thursday,False,Suburban_Residential,Clear,0.346,60.0,1.545,92.69,127.9,67.0,54.5,0.4266,0.4266,0.908,5055.39,69.52,False,0.0322
2026-03-12 10:00:00,2026-03-12,10,Thursday,False,Suburban_Residential,Clear,0.286,60.0,1.25,75.0,94.5,66.7,49.3,0.5219,0.5219,0.417,3700.56,56.25,False,0.02
2026-03-12 11:00:00,2026-03-12,11,Thursday,False,Suburban_Residential,Clear,0.149,60.0,1.0,60.0,49.2,68.9,32.9,0.6693,0.6693,-0.285,1975.63,45.0,False,0.02
2026-03-12 12:00:00,2026-03-12,12,Thursday,False,Suburban_Residential,Clear,0.074,60.0,1.0,60.0,27.4,71.3,18.7,0.6798,0.6798,-0.615,1119.42,45.0,False,0.02
2026-03-12 13:00:00,2026-03-12,13,Thursday,False,Suburban_Residential,Clear,0.051,60.0,1.0,60.0,24.3,66.4,17.0,0.7001,0.7001,-0.634,1020.02,45.0,False,0.02
2026-03-12 14:00:00,2026-03-12,14,Thursday,False,Suburban_Residential,Clear,0.029,60.0,1.0,60.0,25.5,59.4,17.5,0.6874,0.6874,-0.571,1050.69,45.0,False,0.02
2026-03-12 15:00:00,2026-03-12,15,Thursday,False,Suburban_Residential,Clear,0.146,60.0,1.0,60.0,40.0,69.4,26.3,0.6573,0.6573,-0.424,1575.93,45.0,False,0.02
2026-03-12 16:00:00,2026-03-12,16,Thursday,False,Suburban_Residential,Clear,0.123,60.0,1.0,60.0,67.0,70.7,44.8,0.6677,0.6677,-0.051,2685.07,45.0,False,0.02
2026-03-12 17:00:00,2026-03-12,17,Thursday,False,Suburban_Residential,Clear,0.356,60.0,1.262,75.7,98.2,68.4,52.4,0.5335,0.5335,0.436,3966.88,56.78,False,0.02
2026-03-12 18:00:00,2026-03-12,18,Thursday,False,Suburban_Residential,Clear,0.466,60.0,1.802,108.11,168.2,72.0,62.7,0.3726,0.3726,1.336,6774.44,81.08,False,0.0451
2026-03-12 19:00:00,2026-03-12,19,Thursday,False,Suburban_Residential,Clear,0.441,60.0,1.536,92.17,147.1,77.7,60.8,0.4136,0.4136,0.894,5606.57,69.13,False,0.0318
2026-03-12 20:00:00,2026-03-12,20,Thursday,False,Suburban_Residential,Clear,0.34,60.0,1.527,91.6,126.7,67.5,55.0,0.434,0.434,0.878,5038.55,68.7,False,0.0313
2026-03-12 21:00:00,2026-03-12,21,Thursday,False,Suburban_Residential,Clear,0.2,60.0,1.0,60.0,65.8,70.1,43.0,0.654,0.654,-0.061,2582.85,45.0,False,0.02
2026-03-12 22:00:00,2026-03-12,22,Thursday,False,Suburban_Residential,Clear,0.13,60.0,1.0,60.0,34.0,65.5,23.5,0.6908,0.6908,-0.48,1411.27,45.0,False,0.02
2026-03-12 23:00:00,2026-03-12,23,Thursday,False,Suburban_Residential,Clear,0.021,60.0,1.0,60.0,26.1,61.3,17.4,0.6674,0.6674,-0.574,1044.91,45.0,False,0.02
2026-03-13 00:00:00,2026-03-13,0,Friday,False,Suburban_Residential,Clear,0.112,60.0,1.0,60.0,18.9,40.4,12.8,0.6808,0.6808,-0.534,770.18,45.0,False,0.02
2026-03-13 01:00:00,2026-03-13,1,Friday,False,Suburban_Residential,Clear,0.033,60.0,1.0,60.0,19.6,40.1,13.2,0.6751,0.6751,-0.511,794.16,45.0,False,0.02
2026-03-13 02:00:00,2026-03-13,2,Friday,False,Suburban_Residential,Clear,0.059,60.0,1.0,60.0,18.9,42.5,12.7,0.6704,0.6704,-0.556,759.22,45.0,False,0.02
2026-03-13 03:00:00,2026-03-13,3,Friday,False,Suburban_Residential,Clear,0.044,60.0,1.0,60.0,19.5,43.2,12.9,0.6596,0.6596,-0.548,772.29,45.0,False,0.02
2026-03-13 04:00:00,2026-03-13,4,Friday,False,Suburban_Residential,Clear,0.16,60.0,1.0,60.0,24.5,50.2,16.8,0.6826,0.6826,-0.511,1005.51,45.0,False,0.02
2026-03-13 05:00:00,2026-03-13,5,Friday,False,Suburban_Residential,Clear,0.096,60.0,1.0,60.0,28.2,58.4,19.5,0.6916,0.6916,-0.517,1170.03,45.0,False,0.02
2026-03-13 06:00:00,2026-03-13,6,Friday,False,Suburban_Residential,Clear,0.217,60.0,1.0,60.0,49.8,66.1,33.2,0.6678,0.6678,-0.246,1994.27,45.0,False,0.02
2026-03-13 07:00:00,2026-03-13,7,Friday,False,Suburban_Residential,Clear,0.282,60.0,1.28,76.78,90.2,61.5,45.5,0.504,0.504,0.466,3490.09,57.59,False,0.02
2026-03-13 08:00:00,2026-03-13,8,Friday,False,Suburban_Residential,Clear,0.355,60.0,1.229,73.75,100.3,72.6,54.0,0.5379,0.5379,0.382,3980.08,55.31,False,0.02
2026-03-13 09:00:00,2026-03-13,9,Friday,False,Suburban_Residential,Clear,0.365,60.0,1.482,88.94,128.0,71.0,56.9,0.4443,0.4443,0.804,5058.17,66.7,False,0.0291
2026-03-13 10:00:00,2026-03-13,10,Friday,False,Suburban_Residential,Clear,0.258,60.0,1.124,67.42,78.9,65.4,46.9,0.5943,0.5943,0.206,3160.39,50.56,False,0.02
2026-03-13 11:00:00,2026-03-13,11,Friday,False,Suburban_Residential,Clear,0.179,60.0,1.0,60.0,46.8,74.8,31.3,0.6691,0.6691,-0.374,1880.0,45.0,False,0.02
2026-03-13 12:00:00,2026-03-13,12,Friday,False,Suburban_Residential,Clear,0.074,60.0,1.0,60.0,31.4,62.9,21.0,0.6678,0.6678,-0.501,1257.85,45.0,False,0.02
2026-03-13 13:00:00,2026-03-13,13,Friday,False,Suburban_Residential,Clear,0.015,60.0,1.0,60.0,24.1,77.2,16.2,0.6725,0.6725,-0.688,971.2,45.0,False,0.02
2026-03-13 14:00:00,2026-03-13,14,Friday,False,Suburban_Residential,Clear,0.12,60.0,1.0,60.0,24.3,70.8,16.6,0.6818,0.6818,-0.656,995.55,45.0,False,0.02
2026-03-13 15:00:00,2026-03-13,15,Friday,False,Suburban_Residential,Clear,0.133,60.0,1.0,60.0,39.2,71.5,26.4,0.6716,0.6716,-0.451,1581.52,45.0,False,0.02
2026-03-13 16:00:00,2026-03-13,16,Friday,False,Suburban_Residential,Clear,0.21,60.0,1.0,60.0,65.7,74.0,43.9,0.6683,0.6683,-0.112,2634.7,45.0,False,0.02
2026-03-13 17:00:00,2026-03-13,17,Friday,False,Suburban_Residential,Clear,0.333,60.0,1.359,81.51,114.8,71.9,54.1,0.4709,0.4709,0.598,4407.09,61.13,False,0.0229
2026-03-13 18:00:00,2026-03-13,18,Friday,False,Suburban_Residential,Clear,0.449,60.0,1.766,105.97,170.5,74.9,62.6,0.3669,0.3669,1.277,6630.1,79.48,False,0.0433
2026-03-13 19:00:00,2026-03-13,19,Friday,False,Suburban_Residential,Clear,0.465,60.0,1.489,89.35,141.5,78.0,62.2,0.4398,0.4398,0.815,5560.21,67.01,False,0.0295
2026-03-13 20:00:00,2026-03-13,20,Friday,False,Suburban_Residential,Clear,0.33,60.0,1.366,81.93,113.3,70.4,55.2,0.4867,0.4867,0.609,4519.44,61.45,False,0.0233
2026-03-13 21:00:00,2026-03-13,21,Friday,False,Suburban_Residential,Clear,0.223,60.0,1.0,60.0,69.6,71.7,45.0,0.647,0.647,-0.029,2701.61,45.0,False,0.02
2026-03-13 22:00:00,2026-03-13,22,Friday,False,Suburban_Residential,Clear,0.133,60.0,1.0,60.0,39.6,68.6,26.4,0.6673,0.6673,-0.422,1586.34,45.0,False,0.02
2026-03-13 23:00:00,2026-03-13,23,Friday,False,Suburban_Residential,Clear,0.019,60.0,1.0,60.0,24.0,49.7,16.0,0.6685,0.6685,-0.518,962.52,45.0,False,0.02
2026-03-14 00:00:00,2026-03-14,0,Saturday,True,Suburban_Residential,Rain,0.197,60.0,1.0,60.0,25.8,44.1,16.2,0.6271,0.6271,-0.416,969.7,45.0,False,0.02
2026-03-14 01:00:00,2026-03-14,1,Saturday,True,Suburban_Residential,Rain,0.175,60.0,1.0,60.0,29.9,46.0,18.8,0.6272,0.6272,-0.35,1125.79,45.0,False,0.02
2026-03-14 02:00:00,2026-03-14,2,Saturday,True,Suburban_Residential,Rain,0.201,60.0,1.0,60.0,25.9,44.2,16.9,0.651,0.651,-0.414,1011.81,45.0,False,0.02
2026-03-14 03:00:00,2026-03-14,3,Saturday,True,Suburban_Residential,Rain,0.236,60.0,1.0,60.0,23.8,43.6,15.6,0.6548,0.6548,-0.455,933.67,45.0,False,0.02
2026-03-14 04:00:00,2026-03-14,4,Saturday,True,Suburban_Residential,Rain,0.238,60.0,1.0,60.0,30.6,44.3,19.9,0.6494,0.6494,-0.309,1191.27,45.0,False,0.02
2026-03-14 05:00:00,2026-03-14,5,Saturday,True,Suburban_Residential,Rain,0.266,60.0,1.0,60.0,30.6,44.0,19.7,0.6443,0.6443,-0.304,1184.26,45.0,False,0.02
2026-03-14 06:00:00,2026-03-14,6,Saturday,True,Suburban_Residential,Rain,0.241,60.0,1.0,60.0,30.7,48.5,19.7,0.643,0.643,-0.367,1184.15,45.0,False,0.02
2026-03-14 07:00:00,2026-03-14,7,Saturday,True,Suburban_Residential,Rain,0.236,60.0,1.0,60.0,38.0,50.8,23.5,0.6186,0.6186,-0.253,1409.18,45.0,False,0.02
2026-03-14 08:00:00,2026-03-14,8,Saturday,True,Suburban_Residential,Rain,0.216,60.0,1.0,60.0,51.9,52.1,33.3,0.6421,0.6421,-0.004,1998.98,45.0,False,0.02
2026-03-14 09:00:00,2026-03-14,9,Saturday,True,Suburban_Residential,Rain,0.331,60.0,1.0,60.0,56.0,56.8,35.7,0.6379,0.6379,-0.014,2141.99,45.0,False,0.02
2026-03-14 10:00:00,2026-03-14,10,Saturday,True,Suburban_Residential,Rain,0.288,60.0,1.266,75.94,84.0,58.2,41.0,0.4883,0.4883,0.443,3113.31,56.95,False,0.02
2026-03-14 11:00:00,2026-03-14,11,Saturday,True,Suburban_Residential,Rain,0.382,60.0,1.306,78.37,99.6,66.0,47.5,0.4773,0.4773,0.51,3726.21,58.78,False,0.0203
2026-03-14 12:00:00,2026-03-14,12,Saturday,True,Suburban_Residential,Rain,0.449,60.0,1.306,78.34,101.0,66.9,48.1,0.4766,0.4766,0.509,3771.08,58.76,False,0.0203
2026-03-14 13:00:00,2026-03-14,13,Saturday,True,Suburban_Residential,Rain,0.502,60.0,1.62,97.18,135.1,66.5,53.4,0.3955,0.3955,1.033,5193.3,72.89,False,0.036
2026-03-14 14:00:00,2026-03-14,14,Saturday,True,Suburban_Residential,Rain,0.45,60.0,1.439,86.35,118.1,68.2,51.2,0.4334,0.4334,0.732,4418.21,64.76,False,0.027
2026-03-14 15:00:00,2026-03-14,15,Saturday,True,Suburban_Residential,Rain,0.517,60.0,1.375,82.47,113.7,70.0,49.8,0.4375,0.4375,0.624,4104.39,61.85,False,0.0237
2026-03-14 16:00:00,2026-03-14,16,Saturday,True,Suburban_Residential,Rain,0.412,60.0,1.123,67.41,90.1,74.8,50.9,0.5643,0.5643,0.206,3428.93,50.56,False,0.02
2026-03-14 17:00:00,2026-03-14,17,Saturday,True,Suburban_Residential,Rain,0.393,60.0,1.068,64.06,86.8,78.0,51.6,0.5947,0.5947,0.113,3308.35,48.05,False,0.02
2026-03-14 18:00:00,2026-03-14,18,Saturday,True,Suburban_Residential,Rain,0.381,60.0,1.008,60.47,72.7,71.8,44.5,0.6122,0.6122,0.013,2692.4,45.35,False,0.02
2026-03-14 19:00:00,2026-03-14,19,Saturday,True,Suburban_Residential,Rain,0.357,60.0,1.151,69.04,76.3,61.0,40.3,0.5283,0.5283,0.251,2781.45,51.78,False,0.02
2026-03-14 20:00:00,2026-03-14,20,Saturday,True,Suburban_Residential,Rain,0.399,60.0,1.304,78.27,93.1,61.8,45.8,0.4915,0.4915,0.507,3583.18,58.7,False,0.0202
2026-03-14 21:00:00,2026-03-14,21,Saturday,True,Suburban_Residential,Rain,0.497,60.0,1.645,98.7,121.2,58.4,46.3,0.3815,0.3815,1.075,4565.35,74.03,False,0.0373
2026-03-14 22:00:00,2026-03-14,22,Saturday,True,Suburban_Residential,Rain,0.52,60.0,1.705,102.31,120.7,55.5,44.2,0.3658,0.3658,1.175,4517.44,76.73,False,0.0403
2026-03-14 23:00:00,2026-03-14,23,Saturday,True,Suburban_Residential,Rain,0.558,60.0,2.057,123.43,136.5,49.4,41.5,0.3039,0.3039,1.762,5117.85,92.57,False,0.0579
2026-03-15 00:00:00,2026-03-15,0,Sunday,True,Suburban_Residential,Clear,0.059,60.0,1.0,60.0,27.7,43.0,18.3,0.6593,0.6593,-0.355,1096.04,45.0,False,0.02
2026-03-15 01:00:00,2026-03-15,1,Sunday,True,Suburban_Residential,Clear,0.09,60.0,1.0,60.0,22.3,41.4,15.3,0.6882,0.6882,-0.462,919.21,45.0,False,0.02
2026-03-15 02:00:00,2026-03-15,2,Sunday,True,Suburban_Residential,Clear,0.022,60.0,1.0,60.0,25.7,48.7,17.0,0.6622,0.6622,-0.473,1020.75,45.0,False,0.02
2026-03-15 03:00:00,2026-03-15,3,Sunday,True,Suburban_Residential,Clear,0.1,60.0,1.0,60.0,26.3,42.7,17.6,0.6708,0.6708,-0.386,1056.75,45.0,False,0.02
2026-03-15 04:00:00,2026-03-15,4,Sunday,True,Suburban_Residential,Clear,0.019,60.0,1.0,60.0,22.4,43.1,15.2,0.6778,0.6778,-0.481,910.48,45.0,False,0.02
2026-03-15 05:00:00,2026-03-15,5,Sunday,True,Suburban_Residential,Clear,0.119,60.0,1.0,60.0,26.8,39.0,17.9,0.667,0.667,-0.313,1073.17,45.0,False,0.02
2026-03-15 06:00:00,2026-03-15,6,Sunday,True,Suburban_Residential,Clear,0.07,60.0,1.0,60.0,26.8,48.5,17.6,0.656,0.656,-0.446,1056.73,45.0,False,0.02
2026-03-15 07:00:00,2026-03-15,7,Sunday,True,Suburban_Residential,Clear,0.181,60.0,1.0,60.0,30.7,56.2,20.5,0.6675,0.6675,-0.453,1230.82,45.0,False,0.02
2026-03-15 08:00:00,2026-03-15,8,Sunday,True,Suburban_Residential,Clear,0.129,60.0,1.0,60.0,41.4,56.0,27.6,0.6668,0.6668,-0.261,1656.49,45.0,False,0.02
2026-03-15 09:00:00,2026-03-15,9,Sunday,True,Suburban_Residential,Clear,0.157,60.0,1.0,60.0,52.6,55.9,34.3,0.6525,0.6525,-0.06,2057.82,45.0,False,0.02
2026-03-15 10:00:00,2026-03-15,10,Sunday,True,Suburban_Residential,Clear,0.235,60.0,1.0,60.0,56.8,64.5,39.0,0.6868,0.6868,-0.119,2341.73,45.0,False,0.02
2026-03-15 11:00:00,2026-03-15,11,Sunday,True,Suburban_Residential,Clear,0.254,60.0,1.133,67.98,85.4,69.9,51.5,0.6032,0.6032,0.222,3501.12,50.98,False,0.02
2026-03-15 12:00:00,2026-03-15,12,Sunday,True,Suburban_Residential,Clear,0.278,60.0,1.377,82.59,104.1,64.0,48.8,0.4692,0.4692,0.628,4033.75,61.94,False,0.0238
2026-03-15 13:00:00,2026-03-15,13,Sunday,True,Suburban_Residential,Clear,0.333,60.0,1.397,83.82,107.1,64.4,50.7,0.4738,0.4738,0.662,4252.43,62.86,False,0.0248
2026-03-15 14:00:00,2026-03-15,14,Sunday,True,Suburban_Residential,Clear,0.344,60.0,1.395,83.68,125.2,75.5,57.7,0.4607,0.4607,0.658,4825.35,62.76,False,0.0247
2026-03-15 15:00:00,2026-03-15,15,Sunday,True,Suburban_Residential,Clear,0.289,60.0,1.289,77.34,97.3,65.7,49.3,0.5072,0.5072,0.482,3815.57,58.01,False,0.02
2026-03-15 16:00:00,2026-03-15,16,Sunday,True,Suburban_Residential,Clear,0.274,60.0,1.154,69.25,99.6,79.3,57.5,0.5772,0.5772,0.257,3982.37,51.94,False,0.02
2026-03-15 17:00:00,2026-03-15,17,Sunday,True,Suburban_Residential,Clear,0.209,60.0,1.0,60.0,67.1,70.1,44.5,0.6641,0.6641,-0.043,2672.77,45.0,False,0.02
2026-03-15 18:00:00,2026-03-15,18,Sunday,True,Suburban_Residential,Clear,0.189,60.0,1.0,60.0,66.8,68.1,45.7,0.6833,0.6833,-0.019,2739.93,45.0,False,0.02
2026-03-15 19:00:00,2026-03-15,19,Sunday,True,Suburban_Residential,Clear,0.182,60.0,1.009,60.57,70.4,69.3,46.1,0.6551,0.6551,0.016,2794.84,45.43,False,0.02
2026-03-15 20:00:00,2026-03-15,20,Sunday,True,Suburban_Residential,Clear,0.283,60.0,1.288,77.28,89.3,60.4,45.6,0.5109,0.5109,0.48,3527.47,57.96,False,0.02
2026-03-15 21:00:00,2026-03-15,21,Sunday,True,Suburban_Residential,Clear,0.366,60.0,1.573,94.38,107.9,55.2,45.2,0.4188,0.4188,0.955,4266.84,70.78,False,0.0336
2026-03-15 22:00:00,2026-03-15,22,Sunday,True,Suburban_Residential,Clear,0.336,60.0,1.982,118.94,132.2,50.1,43.4,0.328,0.328,1.637,5156.5,89.2,False,0.0541
2026-03-15 23:00:00,2026-03-15,23,Sunday,True,Suburban_Residential,Clear,0.367,60.0,1.599,95.96,102.6,51.3,41.4,0.4029,0.4029,0.999,3968.22,71.97,False,0.035
2026-03-16 00:00:00,2026-03-16,0,Monday,False,Suburban_Residential,Clear,0.014,60.0,1.0,60.0,17.6,36.2,12.3,0.695,0.695,-0.512,735.61,45.0,False,0.02
2026-03-16 01:00:00,2026-03-16,1,Monday,False,Suburban_Residential,Clear,0.043,60.0,1.0,60.0,18.4,40.4,12.2,0.6629,0.6629,-0.544,732.36,45.0,False,0.02
2026-03-16 02:00:00,2026-03-16,2,Monday,False,Suburban_Residential,Clear,0.08,60.0,1.0,60.0,16.0,41.0,10.6,0.6621,0.6621,-0.61,636.42,45.0,False,0.02
2026-03-16 03:00:00,2026-03-16,3,Monday,False,Suburban_Residential,Clear,0.093,60.0,1.0,60.0,18.9,46.0,12.3,0.6533,0.6533,-0.59,739.16,45.0,False,0.02
2026-03-16 04:00:00,2026-03-16,4,Monday,False,Suburban_Residential,Clear,0.024,60.0,1.0,60.0,23.4,51.3,15.1,0.6477,0.6477,-0.545,907.61,45.0,False,0.02
2026-03-16 05:00:00,2026-03-16,5,Monday,False,Suburban_Residential,Clear,0.06,60.0,1.0,60.0,26.0,49.7,17.4,0.67,0.67,-0.477,1044.99,45.0,False,0.02
2026-03-16 06:00:00,2026-03-16,6,Monday,False,Suburban_Residential,Clear,0.165,60.0,1.0,60.0,48.8,61.0,32.6,0.6676,0.6676,-0.2,1953.55,45.0,False,0.02
2026-03-16 07:00:00,2026-03-16,7,Monday,False,Suburban_Residential,Clear,0.303,60.0,1.25,75.01,90.5,63.8,46.2,0.5109,0.5109,0.417,3466.93,56.26,False,0.02
2026-03-16 08:00:00,2026-03-16,8,Monday,False,Suburban_Residential,Clear,0.335,60.0,1.467,88.04,118.9,66.8,54.1,0.4552,0.4552,0.779,4765.55,66.03,False,0.0284
2026-03-16 09:00:00,2026-03-16,9,Monday,False,Suburban_Residential,Clear,0.323,60.0,1.435,86.11,120.7,70.0,55.6,0.461,0.461,0.725,4791.22,64.58,False,0.0268
2026-03-16 10:00:00,2026-03-16,10,Monday,False,Suburban_Residential,Clear,0.295,60.0,1.258,75.47,87.8,61.4,45.4,0.5173,0.5173,0.43,3428.7,56.6,False,0.02
2026-03-16 11:00:00,2026-03-16,11,Monday,False,Suburban_Residential,Clear,0.147,60.0,1.0,60.0,53.6,60.2,35.6,0.6631,0.6631,-0.109,2134.08,45.0,False,0.02
2026-03-16 12:00:00,2026-03-16,12,Monday,False,Suburban_Residential,Clear,0.148,60.0,1.0,60.0,27.3,68.7,18.0,0.6597,0.6597,-0.603,1079.99,45.0,False,0.02
2026-03-16 13:00:00,2026-03-16,13,Monday,False,Suburban_Residential,Clear,0.137,60.0,1.0,60.0,19.2,66.7,13.0,0.6786,0.6786,-0.713,780.95,45.0,False,0.02
2026-03-16 14:00:00,2026-03-16,14,Monday,False,Suburban_Residential,Clear,0.047,60.0,1.0,60.0,23.5,60.1,15.8,0.6739,0.6739,-0.609,950.51,45.0,False,0.02
2026-03-16 15:00:00,2026-03-16,15,Monday,False,Suburban_Residential,Clear,0.109,60.0,1.0,60.0,44.2,71.4,29.3,0.6627,0.6627,-0.38,1758.84,45.0,False,0.02
2026-03-16 16:00:00,2026-03-16,16,Monday,False,Suburban_Residential,Clear,0.212,60.0,1.0,60.0,60.7,65.3,39.6,0.6526,0.6526,-0.07,2377.22,45.0,False,0.02
2026-03-16 17:00:00,2026-03-16,17,Monday,False,Suburban_Residential,Clear,0.315,60.0,1.391,83.47,113.6,68.8,53.2,0.4683,0.4683,0.652,4441.5,62.6,False,0.0246
2026-03-16 18:00:00,2026-03-16,18,Monday,False,Suburban_Residential,Clear,0.434,60.0,1.561,93.67,145.4,75.1,60.3,0.4149,0.4149,0.935,5648.5,70.25,False,0.0331
2026-03-16 19:00:00,2026-03-16,19,Monday,False,Suburban_Residential,Clear,0.401,60.0,1.449,86.95,128.4,73.4,58.1,0.4523,0.4523,0.749,5048.49,65.21,False,0.0275
2026-03-16 20:00:00,2026-03-16,20,Monday,False,Suburban_Residential,Clear,0.365,60.0,1.366,81.95,112.5,69.9,54.1,0.4805,0.4805,0.61,4431.11,61.46,False,0.0233
2026-03-16 21:00:00,2026-03-16,21,Monday,False,Suburban_Residential,Clear,0.22,60.0,1.031,61.84,68.7,65.4,43.5,0.6339,0.6339,0.051,2692.88,46.38,False,0.02
2026-03-16 22:00:00,2026-03-16,22,Monday,False,Suburban_Residential,Clear,0.117,60.0,1.0,60.0,37.1,60.6,24.9,0.6713,0.6713,-0.388,1492.65,45.0,False,0.02
2026-03-16 23:00:00,2026-03-16,23,Monday,False,Suburban_Residential,Clear,0.088,60.0,1.0,60.0,29.0,58.4,19.3,0.6673,0.6673,-0.504,1159.67,45.0,False,0.02
2026-03-17 00:00:00,2026-03-17,0,Tuesday,False,Suburban_Residential,Clear,0.088,60.0,1.0,60.0,21.3,36.0,14.3,0.6716,0.6716,-0.409,859.01,45.0,False,0.02
2026-03-17 01:00:00,2026-03-17,1,Tuesday,False,Suburban_Residential,Clear,0.052,60.0,1.0,60.0,21.1,41.2,13.6,0.6451,0.6451,-0.487,817.34,45.0,False,0.02
2026-03-17 02:00:00,2026-03-17,2,Tuesday,False,Suburban_Residential,Clear,0.036,60.0,1.0,60.0,19.4,39.6,13.3,0.6876,0.6876,-0.51,800.29,45.0,False,0.02
2026-03-17 03:00:00,2026-03-17,3,Tuesday,False,Suburban_Residential,Clear,0.106,60.0,1.0,60.0,16.7,50.3,11.3,0.6766,0.6766,-0.668,679.17,45.0,False,0.02
2026-03-17 04:00:00,2026-03-17,4,Tuesday,False,Suburban_Residential,Clear,0.086,60.0,1.0,60.0,18.1,47.9,12.0,0.6622,0.6622,-0.623,718.1,45.0,False,0.02
2026-03-17 05:00:00,2026-03-17,5,Tuesday,False,Suburban_Residential,Clear,0.13,60.0,1.0,60.0,28.8,55.2,19.5,0.6767,0.6767,-0.479,1168.37,45.0,False,0.02
2026-03-17 06:00:00,2026-03-17,6,Tuesday,False,Suburban_Residential,Clear,0.099,60.0,1.0,60.0,52.0,58.9,34.9,0.6716,0.6716,-0.116,2096.45,45.0,False,0.02
2026-03-17 07:00:00,2026-03-17,7,Tuesday,False,Suburban_Residential,Clear,0.223,60.0,1.143,68.55,85.4,69.0,48.5,0.568,0.568,0.238,3326.2,51.41,False,0.02
2026-03-17 08:00:00,2026-03-17,8,Tuesday,False,Suburban_Residential,Clear,0.372,60.0,1.535,92.13,118.0,62.4,50.6,0.4292,0.4292,0.892,4666.3,69.1,False,0.0318
2026-03-17 09:00:00,2026-03-17,9,Tuesday,False,Suburban_Residential,Clear,0.388,60.0,1.275,76.49,104.6,71.8,54.5,0.5204,0.5204,0.458,4165.79,57.37,False,0.02
2026-03-17 10:00:00,2026-03-17,10,Tuesday,False,Suburban_Residential,Clear,0.318,60.0,1.184,71.04,86.6,66.3,47.7,0.5502,0.5502,0.307,3385.92,53.28,False,0.02
2026-03-17 11:00:00,2026-03-17,11,Tuesday,False,Suburban_Residential,Clear,0.119,60.0,1.0,60.0,53.3,66.4,34.7,0.6513,0.6513,-0.198,2083.07,45.0,False,0.02
2026-03-17 12:00:00,2026-03-17,12,Tuesday,False,Suburban_Residential,Clear,0.085,60.0,1.0,60.0,29.5,57.2,19.6,0.6653,0.6653,-0.484,1178.79,45.0,False,0.02
2026-03-17 13:00:00,2026-03-17,13,Tuesday,False,Suburban_Residential,Clear,0.108,60.0,1.0,60.0,22.7,64.5,15.6,0.6853,0.6853,-0.648,933.18,45.0,False,0.02
2026-03-17 14:00:00,2026-03-17,14,Tuesday,False,Suburban_Residential,Clear,0.05,60.0,1.0,60.0,24.1,61.5,16.4,0.6789,0.6789,-0.608,982.14,45.0,False,0.02
2026-03-17 15:00:00,2026-03-17,15,Tuesday,False,Suburban_Residential,Clear,0.076,60.0,1.0,60.0,39.7,66.0,27.0,0.6793,0.6793,-0.398,1618.25,45.0,False,0.02
2026-03-17 16:00:00,2026-03-17,16,Tuesday,False,Suburban_Residential,Clear,0.177,60.0,1.0,60.0,61.2,73.6,40.4,0.6604,0.6604,-0.169,2424.23,45.0,False,0.02
2026-03-17 17:00:00,2026-03-17,17,Tuesday,False,Suburban_Residential,Clear,0.263,60.0,1.402,84.13,109.2,65.4,49.2,0.4503,0.4503,0.67,4137.19,63.1,False,0.0251
2026-03-17 18:00:00,2026-03-17,18,Tuesday,False,Suburban_Residential,Clear,0.406,60.0,1.65,99.01,153.4,73.6,59.6,0.3886,0.3886,1.084,5903.27,74.26,False,0.0375
2026-03-17 19:00:00,2026-03-17,19,Tuesday,False,Suburban_Residential,Clear,0.489,60.0,1.528,91.7,133.0,70.7,57.3,0.4309,0.4309,0.881,5256.65,68.78,False,0.0314
2026-03-17 20:00:00,2026-03-17,20,Tuesday,False,Suburban_Residential,Clear,0.316,60.0,1.319,79.15,103.4,67.5,51.9,0.5016,0.5016,0.532,4106.34,59.36,False,0.021
2026-03-17 21:00:00,2026-03-17,21,Tuesday,False,Suburban_Residential,Clear,0.243,60.0,1.05,63.02,63.6,58.7,41.7,0.6554,0.6554,0.084,2626.04,47.27,False,0.02
2026-03-17 22:00:00,2026-03-17,22,Tuesday,False,Suburban_Residential,Clear,0.093,60.0,1.0,60.0,34.2,63.9,22.6,0.661,0.661,-0.465,1355.2,45.0,False,0.02
2026-03-17 23:00:00,2026-03-17,23,Tuesday,False,Suburban_Residential,Clear,0.089,60.0,1.0,60.0,25.3,64.0,16.6,0.6554,0.6554,-0.604,995.46,45.0,False,0.02
2026-03-18 00:00:00,2026-03-18,0,Wednesday,False,Suburban_Residential,Clear,0.116,60.0,1.0,60.0,18.8,42.7,12.5,0.6662,0.6662,-0.56,750.44,45.0,False,0.02
2026-03-18 01:00:00,2026-03-18,1,Wednesday,False,Suburban_Residential,Clear,0.069,60.0,1.0,60.0,21.2,36.3,13.8,0.6516,0.6516,-0.415,829.2,45.0,False,0.02
2026-03-18 02:00:00,2026-03-18,2,Wednesday,False,Suburban_Residential,Clear,0.009,60.0,1.0,60.0,20.1,40.7,13.5,0.6686,0.6686,-0.505,808.07,45.0,False,0.02
2026-03-18 03:00:00,2026-03-18,3,Wednesday,False,Suburban_Residential,Clear,0.011,60.0,1.0,60.0,20.1,47.1,13.8,0.6829,0.6829,-0.572,825.47,45.0,False,0.02
2026-03-18 04:00:00,2026-03-18,4,Wednesday,False,Suburban_Residential,Clear,0.082,60.0,1.0,60.0,22.4,52.5,14.5,0.647,0.647,-0.572,870.94,45.0,False,0.02
2026-03-18 05:00:00,2026-03-18,5,Wednesday,False,Suburban_Residential,Clear,0.097,60.0,1.0,60.0,32.6,57.2,21.9,0.6719,0.6719,-0.431,1312.48,45.0,False,0.02
2026-03-18 06:00:00,2026-03-18,6,Wednesday,False,Suburban_Residential,Clear,0.159,60.0,1.0,60.0,44.9,63.5,29.8,0.6648,0.6648,-0.293,1789.31,45.0,False,0.02
2026-03-18 07:00:00,2026-03-18,7,Wednesday,False,Suburban_Residential,Clear,0.251,60.0,1.226,73.54,87.1,63.3,46.9,0.5386,0.5386,0.376,3451.53,55.16,False,0.02
2026-03-18 08:00:00,2026-03-18,8,Wednesday,False,Suburban_Residential,Clear,0.362,60.0,1.507,90.41,110.3,59.8,49.1,0.4453,0.4453,0.845,4439.17,67.81,False,0.0303
2026-03-18 09:00:00,2026-03-18,9,Wednesday,False,Suburban_Residential,Clear,0.37,60.0,1.545,92.68,110.1,57.7,45.4,0.4129,0.4129,0.908,4212.11,69.51,False,0.0322
2026-03-18 10:00:00,2026-03-18,10,Wednesday,False,Suburban_Residential,Clear,0.302,60.0,1.152,69.13,82.3,65.7,46.7,0.5676,0.5676,0.254,3229.91,51.85,False,0.02
2026-03-18 11:00:00,2026-03-18,11,Wednesday,False,Suburban_Residential,Clear,0.121,60.0,1.0,60.0,53.8,78.3,36.3,0.6752,0.6752,-0.313,2177.91,45.0,False,0.02
2026-03-18 12:00:00,2026-03-18,12,Wednesday,False,Suburban_Residential,Clear,0.072,60.0,1.0,60.0,27.7,70.2,18.5,0.6682,0.6682,-0.605,1112.54,45.0,False,0.02
2026-03-18 13:00:00,2026-03-18,13,Wednesday,False,Suburban_Residential,Clear,0.101,60.0,1.0,60.0,21.8,65.0,14.9,0.6822,0.6822,-0.665,892.73,45.0,False,0.02
2026-03-18 14:00:00,2026-03-18,14,Wednesday,False,Suburban_Residential,Clear,0.084,60.0,1.0,60.0,25.9,65.1,16.9,0.6534,0.6534,-0.603,1014.23,45.0,False,0.02
2026-03-18 15:00:00,2026-03-18,15,Wednesday,False,Suburban_Residential,Clear,0.12,60.0,1.0,60.0,39.8,64.2,27.0,0.6782,0.6782,-0.381,1618.56,45.0,False,0.02
2026-03-18 16:00:00,2026-03-18,16,Wednesday,False,Suburban_Residential,Clear,0.23,60.0,1.0,60.0,63.5,71.8,41.5,0.6536,0.6536,-0.116,2489.09,45.0,False,0.02
2026-03-18 17:00:00,2026-03-18,17,Wednesday,False,Suburban_Residential,Clear,0.318,60.0,1.424,85.41,117.7,69.0,53.3,0.453,0.453,0.706,4552.68,64.06,False,0.0262
2026-03-18 18:00:00,2026-03-18,18,Wednesday,False,Suburban_Residential,Clear,0.432,60.0,1.637,98.22,146.6,71.1,58.5,0.3993,0.3993,1.062,5749.27,73.66,False,0.0368
2026-03-18 19:00:00,2026-03-18,19,Wednesday,False,Suburban_Residential,Clear,0.388,60.0,1.506,90.35,131.7,71.5,59.0,0.4481,0.4481,0.843,5331.39,67.76,False,0.0303
2026-03-18 20:00:00,2026-03-18,20,Wednesday,False,Suburban_Residential,Clear,0.354,60.0,1.333,79.98,113.1,72.8,56.1,0.4962,0.4962,0.555,4489.51,59.98,False,0.0216
2026-03-18 21:00:00,2026-03-18,21,Wednesday,False,Suburban_Residential,Clear,0.158,60.0,1.081,64.88,75.3,66.3,45.2,0.6006,0.6006,0.136,2932.71,48.66,False,0.02
2026-03-18 22:00:00,2026-03-18,22,Wednesday,False,Suburban_Residential,Clear,0.092,60.0,1.0,60.0,40.7,67.0,26.5,0.6507,0.6507,-0.392,1590.48,45.0,False,0.02
2026-03-18 23:00:00,2026-03-18,23,Wednesday,False,Suburban_Residential,Clear,0.07,60.0,1.0,60.0,28.2,55.1,19.4,0.687,0.687,-0.488,1162.16,45.0,False,0.02
2026-03-19 00:00:00,2026-03-19,0,Thursday,False,Suburban_Residential,Clear,0.049,60.0,1.0,60.0,18.6,38.3,12.6,0.6799,0.6799,-0.515,758.45,45.0,False,0.02
2026-03-19 01:00:00,2026-03-19,1,Thursday,False,Suburban_Residential,Clear,0.077,60.0,1.0,60.0,17.9,40.9,12.2,0.6801,0.6801,-0.562,730.26,45.0,False,0.02
2026-03-19 02:00:00,2026-03-19,2,Thursday,False,Suburban_Residential,Clear,0.079,60.0,1.0,60.0,16.1,44.3,10.6,0.6572,0.6572,-0.636,636.15,45.0,False,0.02
2026-03-19 03:00:00,2026-03-19,3,Thursday,False,Suburban_Residential,Clear,0.014,60.0,1.0,60.0,20.5,49.7,13.5,0.6573,0.6573,-0.588,808.03,45.0,False,0.02
2026-03-19 04:00:00,2026-03-19,4,Thursday,False,Suburban_Residential,Clear,0.005,60.0,1.0,60.0,22.8,51.6,15.5,0.6809,0.6809,-0.558,931.93,45.0,False,0.02
2026-03-19 05:00:00,2026-03-19,5,Thursday,False,Suburban_Residential,Clear,0.103,60.0,1.0,60.0,31.8,52.8,21.1,0.664,0.664,-0.398,1265.44,45.0,False,0.02
2026-03-19 06:00:00,2026-03-19,6,Thursday,False,Suburban_Residential,Clear,0.176,60.0,1.0,60.0,39.9,60.2,26.2,0.6562,0.6562,-0.337,1570.44,45.0,False,0.02
2026-03-19 07:00:00,2026-03-19,7,Thursday,False,Suburban_Residential,Clear,0.258,60.0,1.306,78.35,95.3,63.1,48.3,0.5074,0.5074,0.51,3788.21,58.76,False,0.0203
2026-03-19 08:00:00,2026-03-19,8,Thursday,False,Suburban_Residential,Clear,0.359,60.0,1.495,89.7,119.8,65.6,52.4,0.4375,0.4375,0.825,4700.53,67.28,False,0.0298
2026-03-19 09:00:00,2026-03-19,9,Thursday,False,Suburban_Residential,Clear,0.328,60.0,1.202,72.14,98.4,73.6,53.9,0.5474,0.5474,0.337,3886.37,54.11,False,0.02
2026-03-19 10:00:00,2026-03-19,10,Thursday,False,Suburban_Residential,Clear,0.258,60.0,1.27,76.22,90.2,62.2,46.9,0.52,0.52,0.451,3572.85,57.16,False,0.02
2026-03-19 11:00:00,2026-03-19,11,Thursday,False,Suburban_Residential,Clear,0.121,60.0,1.0,60.0,56.9,65.0,37.5,0.6601,0.6601,-0.125,2252.59,45.0,False,0.02
2026-03-19 12:00:00,2026-03-19,12,Thursday,False,Suburban_Residential,Clear,0.092,60.0,1.0,60.0,30.0,67.4,20.5,0.6832,0.6832,-0.554,1230.52,45.0,False,0.02
2026-03-19 13:00:00,2026-03-19,13,Thursday,False,Suburban_Residential,Clear,0.053,60.0,1.0,60.0,24.9,63.5,16.1,0.6489,0.6489,-0.608,968.14,45.0,False,0.02
2026-03-19 14:00:00,2026-03-19,14,Thursday,False,Suburban_Residential,Clear,0.111,60.0,1.0,60.0,22.8,62.7,15.2,0.6685,0.6685,-0.637,913.73,45.0,False,0.02
2026-03-19 15:00:00,2026-03-19,15,Thursday,False,Suburban_Residential,Clear,0.078,60.0,1.0,60.0,39.3,70.2,26.2,0.6666,0.6666,-0.44,1573.09,45.0,False,0.02
2026-03-19 16:00:00,2026-03-19,16,Thursday,False,Suburban_Residential,Clear,0.214,60.0,1.043,62.58,68.8,64.2,44.0,0.6396,0.6396,0.072,2752.3,46.94,False,0.02
2026-03-19 17:00:00,2026-03-19,17,Thursday,False,Suburban_Residential,Clear,0.27,60.0,1.299,77.95,103.1,68.8,54.0,0.5242,0.5242,0.499,4212.18,58.46,False,0.02
2026-03-19 18:00:00,2026-03-19,18,Thursday,False,Suburban_Residential,Clear,0.391,60.0,1.539,92.32,139.2,73.3,61.0,0.4387,0.4387,0.898,5635.72,69.24,False,0.0319
2026-03-19 19:00:00,2026-03-19,19,Thursday,False,Suburban_Residential,Clear,0.443,60.0,1.459,87.55,141.0,79.8,62.9,0.4459,0.4459,0.765,5502.6,65.66,False,0.028
2026-03-19 20:00:00,2026-03-19,20,Thursday,False,Suburban_Residential,Clear,0.265,60.0,1.364,81.86,119.7,74.5,56.5,0.472,0.472,0.607,4625.12,61.39,False,0.0232
2026-03-19 21:00:00,2026-03-19,21,Thursday,False,Suburban_Residential,Clear,0.234,60.0,1.051,63.06,67.9,62.6,42.1,0.6203,0.6203,0.085,2655.15,47.3,False,0.02
2026-03-19 22:00:00,2026-03-19,22,Thursday,False,Suburban_Residential,Clear,0.142,60.0,1.0,60.0,39.6,69.0,26.2,0.6629,0.6629,-0.427,1573.22,45.0,False,0.02
2026-03-19 23:00:00,2026-03-19,23,Thursday,False,Suburban_Residential,Clear,0.05,60.0,1.0,60.0,24.2,59.7,15.9,0.6566,0.6566,-0.595,953.14,45.0,False,0.02
2026-03-20 00:00:00,2026-03-20,0,Friday,False,Suburban_Residential,Clear,0.086,60.0,1.0,60.0,18.7,39.8,12.7,0.68,0.68,-0.531,762.29,45.0,False,0.02
2026-03-20 01:00:00,2026-03-20,1,Friday,False,Suburban_Residential,Clear,0.048,60.0,1.0,60.0,17.5,38.8,11.7,0.6668,0.6668,-0.547,701.89,45.0,False,0.02
2026-03-20 02:00:00,2026-03-20,2,Friday,False,Suburban_Residential,Clear,0.102,60.0,1.0,60.0,18.6,39.1,12.3,0.6631,0.6631,-0.525,739.6,45.0,False,0.02
2026-03-20 03:00:00,2026-03-20,3,Friday,False,Suburban_Residential,Clear,0.062,60.0,1.0,60.0,18.4,44.2,12.5,0.6811,0.6811,-0.584,751.74,45.0,False,0.02
2026-03-20 04:00:00,2026-03-20,4,Friday,False,Suburban_Residential,Clear,0.02,60.0,1.0,60.0,23.0,49.0,15.3,0.6636,0.6636,-0.53,916.83,45.0,False,0.02
2026-03-20 05:00:00,2026-03-20,5,Friday,False,Suburban_Residential,Clear,0.075,60.0,1.0,60.0,30.3,54.5,20.6,0.6778,0.6778,-0.443,1233.01,45.0,False,0.02
2026-03-20 06:00:00,2026-03-20,6,Friday,False,Suburban_Residential,Clear,0.147,60.0,1.0,60.0,53.5,61.0,35.9,0.6708,0.6708,-0.123,2154.88,45.0,False,0.02
2026-03-20 07:00:00,2026-03-20,7,Friday,False,Suburban_Residential,Clear,0.272,60.0,1.157,69.44,78.3,62.1,45.4,0.5793,0.5793,0.262,3151.98,52.08,False,0.02
2026-03-20 08:00:00,2026-03-20,8,Friday,False,Suburban_Residential,Clear,0.373,60.0,1.426,85.56,113.6,66.5,52.1,0.4584,0.4584,0.71,4456.41,64.17,False,0.0263
2026-03-20 09:00:00,2026-03-20,9,Friday,False,Suburban_Residential,Clear,0.418,60.0,1.473,88.36,119.2,66.7,53.2,0.4467,0.4467,0.788,4704.74,66.27,False,0.0286
2026-03-20 10:00:00,2026-03-20,10,Friday,False,Suburban_Residential,Clear,0.233,60.0,1.17,70.22,94.9,73.9,52.9,0.5572,0.5572,0.284,3711.52,52.66,False,0.02
2026-03-20 11:00:00,2026-03-20,11,Friday,False,Suburban_Residential,Clear,0.17,60.0,1.0,60.0,46.1,66.9,30.1,0.6521,0.6521,-0.311,1803.87,45.0,False,0.02
2026-03-20 12:00:00,2026-03-20,12,Friday,False,Suburban_Residential,Clear,0.092,60.0,1.0,60.0,29.2,63.4,19.7,0.6723,0.6723,-0.539,1179.54,45.0,False,0.02
2026-03-20 13:00:00,2026-03-20,13,Friday,False,Suburban_Residential,Clear,0.065,60.0,1.0,60.0,24.4,59.2,16.5,0.6756,0.6756,-0.588,989.41,45.0,False,0.02
2026-03-20 14:00:00,2026-03-20,14,Friday,False,Suburban_Residential,Clear,0.06,60.0,1.0,60.0,24.8,69.2,16.6,0.6696,0.6696,-0.642,995.7,45.0,False,0.02
2026-03-20 15:00:00,2026-03-20,15,Friday,False,Suburban_Residential,Clear,0.108,60.0,1.0,60.0,37.7,67.8,25.5,0.6771,0.6771,-0.444,1532.0,45.0,False,0.02
2026-03-20 16:00:00,2026-03-20,16,Friday,False,Suburban_Residential,Clear,0.191,60.0,1.0,60.0,61.3,61.8,41.1,0.6707,0.6707,-0.008,2466.47,45.0,False,0.02
2026-03-20 17:00:00,2026-03-20,17,Friday,False,Suburban_Residential,Clear,0.359,60.0,1.265,75.9,98.6,68.4,49.0,0.497,0.497,0.442,3719.19,56.93,False,0.02
2026-03-20 18:00:00,2026-03-20,18,Friday,False,Suburban_Residential,Clear,0.451,60.0,1.624,97.44,138.1,67.7,55.1,0.3989,0.3989,1.04,5368.86,73.08,False,0.0362
2026-03-20 19:00:00,2026-03-20,19,Friday,False,Suburban_Residential,Clear,0.422,60.0,1.618,97.09,148.1,73.0,59.2,0.3993,0.3993,1.03,5742.93,72.82,False,0.0359
2026-03-20 20:00:00,2026-03-20,20,Friday,False,Suburban_Residential,Clear,0.292,60.0,1.372,82.29,113.9,70.3,52.8,0.464,0.464,0.619,4347.92,61.72,False,0.0236
2026-03-20 21:00:00,2026-03-20,21,Friday,False,Suburban_Residential,Clear,0.18,60.0,1.025,61.51,70.1,67.2,45.7,0.6528,0.6528,0.042,2813.09,46.13,False,0.02
2026-03-20 22:00:00,2026-03-20,22,Friday,False,Suburban_Residential,Clear,0.122,60.0,1.0,60.0,36.4,62.2,24.5,0.6718,0.6718,-0.414,1468.59,45.0,False,0.02
2026-03-20 23:00:00,2026-03-20,23,Friday,False,Suburban_Residential,Clear,0.1,60.0,1.0,60.0,25.8,57.4,17.5,0.6768,0.6768,-0.55,1048.98,45.0,False,0.02
2026-03-21 00:00:00,2026-03-21,0,Saturday,True,Suburban_Residential,Rain,0.213,60.0,1.0,60.0,24.9,38.3,15.9,0.6408,0.6408,-0.351,956.02,45.0,False,0.02
2026-03-21 01:00:00,2026-03-21,1,Saturday,True,Suburban_Residential,Rain,0.255,60.0,1.0,60.0,27.3,42.4,17.4,0.6372,0.6372,-0.355,1044.75,45.0,False,0.02
2026-03-21 02:00:00,2026-03-21,2,Saturday,True,Suburban_Residential,Rain,0.243,60.0,1.0,60.0,29.9,41.6,19.5,0.6536,0.6536,-0.282,1170.82,45.0,False,0.02
2026-03-21 03:00:00,2026-03-21,3,Saturday,True,Suburban_Residential,Rain,0.217,60.0,1.0,60.0,30.2,42.9,19.1,0.6334,0.6334,-0.297,1146.19,45.0,False,0.02
2026-03-21 04:00:00,2026-03-21,4,Saturday,True,Suburban_Residential,Rain,0.219,60.0,1.0,60.0,26.2,45.3,16.6,0.6351,0.6351,-0.422,998.05,45.0,False,0.02
2026-03-21 05:00:00,2026-03-21,5,Saturday,True,Suburban_Residential,Rain,0.178,60.0,1.0,60.0,30.4,47.8,19.8,0.6503,0.6503,-0.364,1186.7,45.0,False,0.02
2026-03-21 06:00:00,2026-03-21,6,Saturday,True,Suburban_Residential,Rain,0.251,60.0,1.0,60.0,34.0,50.7,21.9,0.6423,0.6423,-0.328,1311.97,45.0,False,0.02
2026-03-21 07:00:00,2026-03-21,7,Saturday,True,Suburban_Residential,Rain,0.248,60.0,1.0,60.0,32.7,45.8,21.2,0.6488,0.6488,-0.286,1273.73,45.0,False,0.02
2026-03-21 08:00:00,2026-03-21,8,Saturday,True,Suburban_Residential,Rain,0.271,60.0,1.0,60.0,45.4,52.0,29.0,0.6383,0.6383,-0.126,1739.71,45.0,False,0.02
2026-03-21 09:00:00,2026-03-21,9,Saturday,True,Suburban_Residential,Rain,0.281,60.0,1.034,62.03,56.8,53.7,34.6,0.6101,0.6101,0.056,2148.2,46.52,False,0.02
2026-03-21 10:00:00,2026-03-21,10,Saturday,True,Suburban_Residential,Rain,0.404,60.0,1.242,74.52,83.3,59.4,41.4,0.4969,0.4969,0.403,3085.11,55.89,False,0.02
2026-03-21 11:00:00,2026-03-21,11,Saturday,True,Suburban_Residential,Rain,0.412,60.0,1.329,79.77,92.6,59.8,43.1,0.4656,0.4656,0.549,3438.43,59.83,False,0.0215
2026-03-21 12:00:00,2026-03-21,12,Saturday,True,Suburban_Residential,Rain,0.463,60.0,1.398,83.88,112.0,67.3,49.6,0.4424,0.4424,0.663,4157.52,62.91,False,0.0249
2026-03-21 13:00:00,2026-03-21,13,Saturday,True,Suburban_Residential,Rain,0.455,60.0,1.423,85.36,114.0,66.9,48.2,0.4229,0.4229,0.704,4113.95,64.02,False,0.0261
2026-03-21 14:00:00,2026-03-21,14,Saturday,True,Suburban_Residential,Rain,0.526,60.0,1.51,90.58,128.2,69.3,51.3,0.3999,0.3999,0.849,4645.07,67.94,False,0.0305
2026-03-21 15:00:00,2026-03-21,15,Saturday,True,Suburban_Residential,Rain,0.459,60.0,1.421,85.26,105.8,62.1,46.2,0.4371,0.4371,0.702,3940.71,63.95,False,0.026
2026-03-21 16:00:00,2026-03-21,16,Saturday,True,Suburban_Residential,Rain,0.413,60.0,1.163,69.79,93.4,73.4,50.3,0.5388,0.5388,0.272,3510.62,52.34,False,0.02
2026-03-21 17:00:00,2026-03-21,17,Saturday,True,Suburban_Residential,Rain,0.332,60.0,1.159,69.52,82.6,65.3,44.2,0.5351,0.5351,0.264,3070.99,52.14,False,0.02
2026-03-21 18:00:00,2026-03-21,18,Saturday,True,Suburban_Residential,Rain,0.36,60.0,1.127,67.62,74.3,61.3,41.7,0.5611,0.5611,0.212,2819.02,50.72,False,0.02
2026-03-21 19:00:00,2026-03-21,19,Saturday,True,Suburban_Residential,Rain,0.355,60.0,1.173,70.41,80.7,62.6,44.8,0.5556,0.5556,0.289,3155.16,52.81,False,0.02
2026-03-21 20:00:00,2026-03-21,20,Saturday,True,Suburban_Residential,Rain,0.401,60.0,1.353,81.2,92.2,58.0,42.4,0.4599,0.4599,0.589,3443.17,60.9,False,0.0227
2026-03-21 21:00:00,2026-03-21,21,Saturday,True,Suburban_Residential,Rain,0.494,60.0,1.697,101.84,126.6,58.5,47.0,0.371,0.371,1.162,4782.66,76.38,False,0.0399
2026-03-21 22:00:00,2026-03-21,22,Saturday,True,Suburban_Residential,Rain,0.52,60.0,1.752,105.11,135.4,60.1,48.0,0.3545,0.3545,1.253,5043.07,78.83,False,0.0426
2026-03-21 23:00:00,2026-03-21,23,Saturday,True,Suburban_Residential,Rain,0.531,60.0,2.021,121.24,127.0,47.0,39.3,0.3098,0.3098,1.701,4769.21,90.93,False,0.056
2026-03-22 00:00:00,2026-03-22,0,Sunday,True,Suburban_Residential,Clear,0.072,60.0,1.0,60.0,24.5,42.2,15.9,0.6517,0.6517,-0.42,956.22,45.0,False,0.02
2026-03-22 01:00:00,2026-03-22,1,Sunday,True,Suburban_Residential,Clear,0.06,60.0,1.0,60.0,27.4,48.6,18.0,0.6558,0.6558,-0.437,1077.82,45.0,False,0.02
2026-03-22 02:00:00,2026-03-22,2,Sunday,True,Suburban_Residential,Clear,0.102,60.0,1.0,60.0,25.7,43.8,17.6,0.6868,0.6868,-0.413,1058.96,45.0,False,0.02
2026-03-22 03:00:00,2026-03-22,3,Sunday,True,Suburban_Residential,Clear,0.084,60.0,1.0,60.0,26.9,43.8,17.5,0.6508,0.6508,-0.386,1051.17,45.0,False,0.02
2026-03-22 04:00:00,2026-03-22,4,Sunday,True,Suburban_Residential,Clear,0.039,60.0,1.0,60.0,23.7,42.9,15.9,0.67,0.67,-0.448,952.73,45.0,False,0.02
2026-03-22 05:00:00,2026-03-22,5,Sunday,True,Suburban_Residential,Clear,0.044,60.0,1.0,60.0,23.7,46.2,15.8,0.6693,0.6693,-0.488,950.25,45.0,False,0.02
2026-03-22 06:00:00,2026-03-22,6,Sunday,True,Suburban_Residential,Clear,0.136,60.0,1.0,60.0,28.6,53.2,19.5,0.6837,0.6837,-0.462,1171.99,45.0,False,0.02
2026-03-22 07:00:00,2026-03-22,7,Sunday,True,Suburban_Residential,Clear,0.122,60.0,1.0,60.0,31.0,53.6,20.8,0.6704,0.6704,-0.421,1248.55,45.0,False,0.02
2026-03-22 08:00:00,2026-03-22,8,Sunday,True,Suburban_Residential,Clear,0.159,60.0,1.0,60.0,42.4,48.8,29.1,0.686,0.686,-0.131,1746.64,45.0,False,0.02
2026-03-22 09:00:00,2026-03-22,9,Sunday,True,Suburban_Residential,Clear,0.127,60.0,1.048,62.86,57.4,53.1,37.0,0.6454,0.6454,0.08,2327.46,47.14,False,0.02
2026-03-22 10:00:00,2026-03-22,10,Sunday,True,Suburban_Residential,Clear,0.188,60.0,1.107,66.41,66.7,56.6,40.4,0.6062,0.6062,0.178,2685.39,49.81,False,0.02
2026-03-22 11:00:00,2026-03-22,11,Sunday,True,Suburban_Residential,Clear,0.238,60.0,1.328,79.66,92.8,60.0,45.9,0.4946,0.4946,0.546,3655.09,59.74,False,0.0214
2026-03-22 12:00:00,2026-03-22,12,Sunday,True,Suburban_Residential,Clear,0.295,60.0,1.323,79.36,107.3,69.8,52.8,0.4917,0.4917,0.538,4187.81,59.52,False,0.0211
2026-03-22 13:00:00,2026-03-22,13,Sunday,True,Suburban_Residential,Clear,0.329,60.0,1.229,73.72,105.6,76.4,55.8,0.5291,0.5291,0.381,4117.21,55.29,False,0.02
2026-03-22 14:00:00,2026-03-22,14,Sunday,True,Suburban_Residential,Clear,0.371,60.0,1.556,93.33,132.3,68.7,55.8,0.4218,0.4218,0.926,5208.52,70.0,False,0.0328
2026-03-22 15:00:00,2026-03-22,15,Sunday,True,Suburban_Residential,Clear,0.304,60.0,1.34,80.42,110.1,70.3,53.9,0.4891,0.4891,0.567,4332.72,60.31,False,0.022
2026-03-22 16:00:00,2026-03-22,16,Sunday,True,Suburban_Residential,Clear,0.267,60.0,1.126,67.55,87.9,72.6,52.0,0.5915,0.5915,0.21,3510.62,50.66,False,0.02
2026-03-22 17:00:00,2026-03-22,17,Sunday,True,Suburban_Residential,Clear,0.276,60.0,1.0,60.0,57.4,77.4,38.5,0.6712,0.6712,-0.259,2310.14,45.0,False,0.02
2026-03-22 18:00:00,2026-03-22,18,Sunday,True,Suburban_Residential,Clear,0.24,60.0,1.0,60.0,70.4,73.8,46.6,0.6627,0.6627,-0.047,2797.67,45.0,False,0.02
2026-03-22 19:00:00,2026-03-22,19,Sunday,True,Suburban_Residential,Clear,0.228,60.0,1.2,71.97,77.2,57.9,42.3,0.5478,0.5478,0.333,3042.31,53.98,False,0.02
2026-03-22 20:00:00,2026-03-22,20,Sunday,True,Suburban_Residential,Clear,0.306,60.0,1.219,73.12,80.1,58.7,44.5,0.5551,0.5551,0.364,3252.6,54.84,False,0.02
2026-03-22 21:00:00,2026-03-22,21,Sunday,True,Suburban_Residential,Clear,0.311,60.0,1.643,98.57,111.2,53.7,43.5,0.3912,0.3912,1.071,4286.25,73.93,False,0.0371
2026-03-22 22:00:00,2026-03-22,22,Sunday,True,Suburban_Residential,Clear,0.363,60.0,1.695,101.7,128.0,59.3,48.5,0.3791,0.3791,1.158,4933.94,76.28,False,0.0397
2026-03-22 23:00:00,2026-03-22,23,Sunday,True,Suburban_Residential,Clear,0.344,60.0,1.586,95.17,105.9,53.6,43.3,0.4089,0.4089,0.977,4119.73,71.38,False,0.0343
2026-03-23 00:00:00,2026-03-23,0,Monday,False,Suburban_Residential,Clear,0.041,60.0,1.0,60.0,17.1,38.3,11.4,0.6676,0.6676,-0.555,683.7,45.0,False,0.02
2026-03-23 01:00:00,2026-03-23,1,Monday,False,Suburban_Residential,Clear,0.033,60.0,1.0,60.0,19.0,40.9,12.4,0.6531,0.6531,-0.537,742.76,45.0,False,0.02
2026-03-23 02:00:00,2026-03-23,2,Monday,False,Suburban_Residential,Clear,0.039,60.0,1.0,60.0,18.6,39.7,12.5,0.6751,0.6751,-0.532,752.62,45.0,False,0.02
2026-03-23 03:00:00,2026-03-23,3,Monday,False,Suburban_Residential,Clear,0.022,60.0,1.0,60.0,16.0,50.8,11.0,0.6855,0.6855,-0.685,658.31,45.0,False,0.02
2026-03-23 04:00:00,2026-03-23,4,Monday,False,Suburban_Residential,Clear,0.08,60.0,1.0,60.0,21.1,46.1,14.3,0.6755,0.6755,-0.541,856.08,45.0,False,0.02
2026-03-23 05:00:00,2026-03-23,5,Monday,False,Suburban_Residential,Clear,0.088,60.0,1.0,60.0,28.9,56.1,19.3,0.6678,0.6678,-0.485,1158.97,45.0,False,0.02
2026-03-23 06:00:00,2026-03-23,6,Monday,False,Suburban_Residential,Clear,0.168,60.0,1.0,60.0,47.4,63.9,32.0,0.6744,0.6744,-0.258,1919.05,45.0,False,0.02
2026-03-23 07:00:00,2026-03-23,7,Monday,False,Suburban_Residential,Clear,0.282,60.0,1.198,71.87,80.4,60.5,45.4,0.5642,0.5642,0.33,3261.12,53.9,False,0.02
2026-03-23 08:00:00,2026-03-23,8,Monday,False,Suburban_Residential,Clear,0.375,60.0,1.39,83.42,112.2,68.0,53.1,0.4732,0.4732,0.651,4427.52,62.56,False,0.0245
2026-03-23 09:00:00,2026-03-23,9,Monday,False,Suburban_Residential,Clear,0.372,60.0,1.466,87.97,120.7,67.9,53.3,0.442,0.442,0.777,4691.13,65.98,False,0.0283
2026-03-23 10:00:00,2026-03-23,10,Monday,False,Suburban_Residential,Clear,0.241,60.0,1.118,67.1,77.2,64.5,45.4,0.5883,0.5883,0.197,3049.13,50.32,False,0.02
2026-03-23 11:00:00,2026-03-23,11,Monday,False,Suburban_Residential,Clear,0.168,60.0,1.0,60.0,48.5,73.8,31.5,0.6493,0.6493,-0.343,1888.1,45.0,False,0.02
2026-03-23 12:00:00,2026-03-23,12,Monday,False,Suburban_Residential,Clear,0.089,60.0,1.0,60.0,21.4,71.2,14.0,0.6539,0.6539,-0.7,839.55,45.0,False,0.02
2026-03-23 13:00:00,2026-03-23,13,Monday,False,Suburban_Residential,Clear,0.091,60.0,1.0,60.0,24.0,63.3,16.0,0.664,0.664,-0.621,957.28,45.0,False,0.02
2026-03-23 14:00:00,2026-03-23,14,Monday,False,Suburban_Residential,Clear,0.093,60.0,1.0,60.0,24.0,65.7,16.4,0.6852,0.6852,-0.635,985.09,45.0,False,0.02
2026-03-23 15:00:00,2026-03-23,15,Monday,False,Suburban_Residential,Clear,0.164,60.0,1.0,60.0,42.4,74.9,28.8,0.6798,0.6798,-0.434,1728.48,45.0,False,0.02
2026-03-23 16:00:00,2026-03-23,16,Monday,False,Suburban_Residential,Clear,0.163,60.0,1.134,68.04,80.2,65.6,48.2,0.6007,0.6007,0.223,3278.99,51.03,False,0.02
2026-03-23 17:00:00,2026-03-23,17,Monday,False,Suburban_Residential,Clear,0.268,60.0,1.221,73.27,100.4,73.4,54.4,0.5415,0.5415,0.368,3983.18,54.95,False,0.02
2026-03-23 18:00:00,2026-03-23,18,Monday,False,Suburban_Residential,Clear,0.383,60.0,1.749,104.92,161.0,71.6,61.6,0.3826,0.3826,1.248,6461.39,78.69,False,0.0424
2026-03-23 19:00:00,2026-03-23,19,Monday,False,Suburban_Residential,Clear,0.431,60.0,1.598,95.87,144.1,72.2,59.2,0.4109,0.4109,0.996,5675.96,71.9,False,0.0349
2026-03-23 20:00:00,2026-03-23,20,Monday,False,Suburban_Residential,Clear,0.318,60.0,1.525,91.49,128.9,68.7,56.6,0.4393,0.4393,0.875,5179.17,68.62,False,0.0312
2026-03-23 21:00:00,2026-03-23,21,Monday,False,Suburban_Residential,Clear,0.207,60.0,1.023,61.36,62.1,59.9,39.8,0.6408,0.6408,0.038,2443.55,46.02,False,0.02
2026-03-23 22:00:00,2026-03-23,22,Monday,False,Suburban_Residential,Clear,0.107,60.0,1.0,60.0,38.4,58.8,26.4,0.6892,0.6892,-0.347,1586.83,45.0,False,0.02
2026-03-23 23:00:00,2026-03-23,23,Monday,False,Suburban_Residential,Clear,0.067,60.0,1.0,60.0,26.6,55.5,17.8,0.6687,0.6687,-0.521,1066.54,45.0,False,0.02
2026-03-24 00:00:00,2026-03-24,0,Tuesday,False,Suburban_Residential,Rain,0.17,60.0,1.0,60.0,22.6,36.5,14.5,0.6441,0.6441,-0.381,872.93,45.0,False,0.02
2026-03-24 01:00:00,2026-03-24,1,Tuesday,False,Suburban_Residential,Rain,0.214,60.0,1.0,60.0,18.7,37.3,12.0,0.6446,0.6446,-0.499,722.79,45.0,False,0.02
2026-03-24 02:00:00,2026-03-24,2,Tuesday,False,Suburban_Residential,Rain,0.194,60.0,1.0,60.0,20.3,43.0,12.7,0.6218,0.6218,-0.527,759.06,45.0,False,0.02
2026-03-24 03:00:00,2026-03-24,3,Tuesday,False,Suburban_Residential,Rain,0.178,60.0,1.0,60.0,21.8,47.4,13.5,0.6191,0.6191,-0.54,809.57,45.0,False,0.02
2026-03-24 04:00:00,2026-03-24,4,Tuesday,False,Suburban_Residential,Rain,0.214,60.0,1.0,60.0,19.8,52.6,12.7,0.6417,0.6417,-0.623,763.36,45.0,False,0.02
2026-03-24 05:00:00,2026-03-24,5,Tuesday,False,Suburban_Residential,Rain,0.251,60.0,1.0,60.0,29.8,53.7,19.4,0.6494,0.6494,-0.445,1161.6,45.0,False,0.02
2026-03-24 06:00:00,2026-03-24,6,Tuesday,False,Suburban_Residential,Rain,0.324,60.0,1.032,61.91,59.7,56.7,37.0,0.6205,0.6205,0.053,2291.96,46.43,False,0.02
2026-03-24 07:00:00,2026-03-24,7,Tuesday,False,Suburban_Residential,Rain,0.416,60.0,1.338,80.26,100.0,64.0,45.9,0.4596,0.4596,0.563,3687.59,60.2,False,0.0219
2026-03-24 08:00:00,2026-03-24,8,Tuesday,False,Suburban_Residential,Rain,0.54,60.0,1.727,103.61,144.7,65.4,51.5,0.3561,0.3561,1.211,5339.02,77.71,False,0.0413
2026-03-24 09:00:00,2026-03-24,9,Tuesday,False,Suburban_Residential,Rain,0.512,60.0,1.5,89.99,112.5,61.4,46.2,0.411,0.411,0.833,4161.11,67.49,False,0.03
2026-03-24 10:00:00,2026-03-24,10,Tuesday,False,Suburban_Residential,Rain,0.4,60.0,1.165,69.89,85.5,67.1,45.5,0.5323,0.5323,0.275,3179.44,52.42,False,0.02
2026-03-24 11:00:00,2026-03-24,11,Tuesday,False,Suburban_Residential,Rain,0.296,60.0,1.0,60.0,58.7,67.0,36.4,0.6206,0.6206,-0.123,2186.81,45.0,False,0.02
2026-03-24 12:00:00,2026-03-24,12,Tuesday,False,Suburban_Residential,Rain,0.217,60.0,1.0,60.0,31.7,74.1,20.0,0.631,0.631,-0.573,1198.63,45.0,False,0.02
2026-03-24 13:00:00,2026-03-24,13,Tuesday,False,Suburban_Residential,Rain,0.222,60.0,1.0,60.0,25.4,67.1,16.1,0.6326,0.6326,-0.621,964.59,45.0,False,0.02
2026-03-24 14:00:00,2026-03-24,14,Tuesday,False,Suburban_Residential,Rain,0.236,60.0,1.0,60.0,24.5,73.4,15.5,0.6298,0.6298,-0.666,927.69,45.0,False,0.02
2026-03-24 15:00:00,2026-03-24,15,Tuesday,False,Suburban_Residential,Rain,0.276,60.0,1.0,60.0,43.8,64.8,27.9,0.6387,0.6387,-0.325,1676.59,45.0,False,0.02
2026-03-24 16:00:00,2026-03-24,16,Tuesday,False,Suburban_Residential,Rain,0.332,60.0,1.107,66.44,88.0,74.6,51.2,0.5816,0.5816,0.179,3399.12,49.83,False,0.02
2026-03-24 17:00:00,2026-03-24,17,Tuesday,False,Suburban_Residential,Rain,0.469,60.0,1.249,74.96,94.2,66.6,48.9,0.5188,0.5188,0.415,3665.13,56.22,False,0.02
2026-03-24 18:00:00,2026-03-24,18,Tuesday,False,Suburban_Residential,Rain,0.53,60.0,1.757,105.4,162.9,72.1,57.4,0.3522,0.3522,1.261,6048.95,79.05,False,0.0428
2026-03-24 19:00:00,2026-03-24,19,Tuesday,False,Suburban_Residential,Rain,0.604,60.0,1.925,115.49,179.0,70.4,57.8,0.3227,0.3227,1.541,6669.63,86.62,False,0.0512
2026-03-24 20:00:00,2026-03-24,20,Tuesday,False,Suburban_Residential,Rain,0.444,60.0,1.309,78.56,122.0,80.5,57.3,0.4695,0.4695,0.515,4502.04,58.92,False,0.0205
2026-03-24 21:00:00,2026-03-24,21,Tuesday,False,Suburban_Residential,Rain,0.34,60.0,1.0,60.0,63.7,71.4,40.7,0.6392,0.6392,-0.107,2443.9,45.0,False,0.02
2026-03-24 22:00:00,2026-03-24,22,Tuesday,False,Suburban_Residential,Rain,0.312,60.0,1.0,60.0,40.5,59.2,25.4,0.6279,0.6279,-0.317,1525.12,45.0,False,0.02
2026-03-24 23:00:00,2026-03-24,23,Tuesday,False,Suburban_Residential,Rain,0.223,60.0,1.0,60.0,27.0,52.5,17.4,0.6441,0.6441,-0.485,1044.98,45.0,False,0.02
2026-03-25 00:00:00,2026-03-25,0,Wednesday,False,Suburban_Residential,Clear,0.046,60.0,1.0,60.0,17.8,34.3,11.9,0.6672,0.6672,-0.48,713.25,45.0,False,0.02
2026-03-25 01:00:00,2026-03-25,1,Wednesday,False,Suburban_Residential,Clear,0.0,60.0,1.0,60.0,19.5,40.7,12.9,0.6649,0.6649,-0.522,776.4,45.0,False,0.02
2026-03-25 02:00:00,2026-03-25,2,Wednesday,False,Suburban_Residential,Clear,0.059,60.0,1.0,60.0,17.9,42.5,11.6,0.6484,0.6484,-0.579,695.9,45.0,False,0.02
2026-03-25 03:00:00,2026-03-25,3,Wednesday,False,Suburban_Residential,Clear,0.054,60.0,1.0,60.0,20.8,44.9,14.2,0.6835,0.6835,-0.537,852.54,45.0,False,0.02
2026-03-25 04:00:00,2026-03-25,4,Wednesday,False,Suburban_Residential,Clear,0.116,60.0,1.0,60.0,25.1,49.9,16.6,0.6614,0.6614,-0.498,995.7,45.0,False,0.02
2026-03-25 05:00:00,2026-03-25,5,Wednesday,False,Suburban_Residential,Clear,0.13,60.0,1.0,60.0,26.4,55.1,17.5,0.6625,0.6625,-0.521,1048.75,45.0,False,0.02
2026-03-25 06:00:00,2026-03-25,6,Wednesday,False,Suburban_Residential,Clear,0.163,60.0,1.0,60.0,58.2,60.5,38.5,0.6609,0.6609,-0.038,2308.74,45.0,False,0.02
2026-03-25 07:00:00,2026-03-25,7,Wednesday,False,Suburban_Residential,Clear,0.236,60.0,1.377,82.61,87.6,53.8,41.1,0.4698,0.4698,0.628,3398.06,61.96,False,0.0238
2026-03-25 08:00:00,2026-03-25,8,Wednesday,False,Suburban_Residential,Clear,0.348,60.0,1.5,89.98,129.4,70.6,55.9,0.4319,0.4319,0.833,5028.94,67.48,False,0.03
2026-03-25 09:00:00,2026-03-25,9,Wednesday,False,Suburban_Residential,Clear,0.351,60.0,1.384,83.03,121.0,73.8,57.8,0.4776,0.4776,0.64,4796.73,62.27,False,0.0242
2026-03-25 10:00:00,2026-03-25,10,Wednesday,False,Suburban_Residential,Clear,0.303,60.0,1.124,67.46,84.2,69.8,50.5,0.5993,0.5993,0.207,3405.22,50.59,False,0.02
2026-03-25 11:00:00,2026-03-25,11,Wednesday,False,Suburban_Residential,Clear,0.179,60.0,1.0,60.0,49.8,69.6,33.0,0.6627,0.6627,-0.286,1978.44,45.0,False,0.02
2026-03-25 12:00:00,2026-03-25,12,Wednesday,False,Suburban_Residential,Clear,0.061,60.0,1.0,60.0,30.0,69.2,19.9,0.6635,0.6635,-0.566,1195.17,45.0,False,0.02
2026-03-25 13:00:00,2026-03-25,13,Wednesday,False,Suburban_Residential,Clear,0.03,60.0,1.0,60.0,23.0,62.7,15.2,0.66,0.66,-0.632,912.27,45.0,False,0.02
2026-03-25 14:00:00,2026-03-25,14,Wednesday,False,Suburban_Residential,Clear,0.054,60.0,1.0,60.0,24.5,71.7,16.4,0.668,0.668,-0.658,981.72,45.0,False,0.02
2026-03-25 15:00:00,2026-03-25,15,Wednesday,False,Suburban_Residential,Clear,0.143,60.0,1.0,60.0,34.8,67.7,23.3,0.669,0.669,-0.486,1397.2,45.0,False,0.02
2026-03-25 16:00:00,2026-03-25,16,Wednesday,False,Suburban_Residential,Clear,0.184,60.0,1.0,60.0,72.7,78.9,49.4,0.6792,0.6792,-0.078,2963.86,45.0,False,0.02
2026-03-25 17:00:00,2026-03-25,17,Wednesday,False,Suburban_Residential,Clear,0.296,60.0,1.466,87.97,121.9,68.6,55.5,0.4553,0.4553,0.777,4880.41,65.98,False,0.0283
2026-03-25 18:00:00,2026-03-25,18,Wednesday,False,Suburban_Residential,Clear,0.38,60.0,1.613,96.78,138.6,68.5,55.6,0.4013,0.4013,1.022,5381.04,72.59,False,0.0357
2026-03-25 19:00:00,2026-03-25,19,Wednesday,False,Suburban_Residential,Clear,0.405,60.0,1.406,84.37,131.4,78.3,62.4,0.4753,0.4753,0.677,5268.0,63.28,False,0.0253
2026-03-25 20:00:00,2026-03-25,20,Wednesday,False,Suburban_Residential,Clear,0.37,60.0,1.293,77.59,101.7,68.3,50.8,0.499,0.499,0.489,3938.69,58.19,False,0.02
2026-03-25 21:00:00,2026-03-25,21,Wednesday,False,Suburban_Residential,Clear,0.179,60.0,1.118,67.07,68.7,57.4,40.0,0.5826,0.5826,0.196,2685.16,50.3,False,0.02
2026-03-25 22:00:00,2026-03-25,22,Wednesday,False,Suburban_Residential,Clear,0.097,60.0,1.0,60.0,41.2,65.2,27.5,0.6672,0.6672,-0.368,1651.08,45.0,False,0.02
2026-03-25 23:00:00,2026-03-25,23,Wednesday,False,Suburban_Residential,Clear,0.129,60.0,1.0,60.0,24.8,52.3,16.5,0.6672,0.6672,-0.527,990.87,45.0,False,0.02
2026-03-26 00:00:00,2026-03-26,0,Thursday,False,Suburban_Residential,Clear,0.033,60.0,1.0,60.0,17.9,38.6,11.8,0.6603,0.6603,-0.537,707.6,45.0,False,0.02
2026-03-26 01:00:00,2026-03-26,1,Thursday,False,Suburban_Residential,Clear,0.045,60.0,1.0,60.0,17.6,42.5,11.8,0.6669,0.6669,-0.585,706.09,45.0,False,0.02
2026-03-26 02:00:00,2026-03-26,2,Thursday,False,Suburban_Residential,Clear,0.063,60.0,1.0,60.0,21.2,39.6,14.4,0.6799,0.6799,-0.465,863.82,45.0,False,0.02
2026-03-26 03:00:00,2026-03-26,3,Thursday,False,Suburban_Residential,Clear,0.074,60.0,1.0,60.0,20.6,47.5,13.8,0.6677,0.6677,-0.566,826.14,45.0,False,0.02
2026-03-26 04:00:00,2026-03-26,4,Thursday,False,Suburban_Residential,Clear,0.073,60.0,1.0,60.0,22.0,52.8,14.2,0.6477,0.6477,-0.584,854.16,45.0,False,0.02
2026-03-26 05:00:00,2026-03-26,5,Thursday,False,Suburban_Residential,Clear,0.103,60.0,1.0,60.0,30.0,51.2,20.6,0.6843,0.6843,-0.413,1233.31,45.0,False,0.02
2026-03-26 06:00:00,2026-03-26,6,Thursday,False,Suburban_Residential,Clear,0.146,60.0,1.0,60.0,53.8,60.2,35.6,0.6623,0.6623,-0.106,2138.19,45.0,False,0.02
2026-03-26 07:00:00,2026-03-26,7,Thursday,False,Suburban_Residential,Clear,0.24,60.0,1.286,77.14,90.4,61.3,46.9,0.5188,0.5188,0.476,3618.82,57.86,False,0.02
2026-03-26 08:00:00,2026-03-26,8,Thursday,False,Suburban_Residential,Clear,0.335,60.0,1.494,89.63,130.0,71.3,57.0,0.438,0.438,0.823,5104.54,67.22,False,0.0297
2026-03-26 09:00:00,2026-03-26,9,Thursday,False,Suburban_Residential,Clear,0.375,60.0,1.499,89.92,131.0,71.5,57.5,0.4389,0.4389,0.831,5168.84,67.44,False,0.0299
2026-03-26 10:00:00,2026-03-26,10,Thursday,False,Suburban_Residential,Clear,0.261,60.0,1.098,65.88,79.0,67.9,47.2,0.5982,0.5982,0.163,3111.87,49.41,False,0.02
2026-03-26 11:00:00,2026-03-26,11,Thursday,False,Suburban_Residential,Clear,0.12,60.0,1.0,60.0,52.4,65.2,35.0,0.6667,0.6667,-0.195,2097.24,45.0,False,0.02
2026-03-26 12:00:00,2026-03-26,12,Thursday,False,Suburban_Residential,Clear,0.101,60.0,1.0,60.0,30.8,63.8,20.8,0.6735,0.6735,-0.517,1245.32,45.0,False,0.02
2026-03-26 13:00:00,2026-03-26,13,Thursday,False,Suburban_Residential,Clear,0.07,60.0,1.0,60.0,19.2,62.5,12.8,0.6663,0.6663,-0.693,767.51,45.0,False,0.02
2026-03-26 14:00:00,2026-03-26,14,Thursday,False,Suburban_Residential,Clear,0.103,60.0,1.0,60.0,25.6,68.9,16.7,0.6525,0.6525,-0.628,1003.03,45.0,False,0.02
2026-03-26 15:00:00,2026-03-26,15,Thursday,False,Suburban_Residential,Clear,0.162,60.0,1.0,60.0,42.5,70.6,28.6,0.673,0.673,-0.398,1716.77,45.0,False,0.02
2026-03-26 16:00:00,2026-03-26,16,Thursday,False,Suburban_Residential,Clear,0.209,60.0,1.037,62.22,68.8,64.8,44.3,0.6444,0.6444,0.062,2758.19,46.66,False,0.02
2026-03-26 17:00:00,2026-03-26,17,Thursday,False,Suburban_Residential,Clear,0.327,60.0,1.232,73.91,97.2,70.1,53.3,0.5486,0.5486,0.386,3941.6,55.43,False,0.02
2026-03-26 18:00:00,2026-03-26,18,Thursday,False,Suburban_Residential,Clear,0.456,60.0,1.694,101.64,151.9,70.4,59.3,0.3902,0.3902,1.157,6026.51,76.23,False,0.0397
2026-03-26 19:00:00,2026-03-26,19,Thursday,False,Suburban_Residential,Clear,0.386,60.0,1.543,92.58,124.7,65.5,52.3,0.4197,0.4197,0.905,4845.41,69.44,False,0.0322
2026-03-26 20:00:00,2026-03-26,20,Thursday,False,Suburban_Residential,Clear,0.316,60.0,1.192,71.54,95.5,72.3,51.9,0.5438,0.5438,0.321,3713.7,53.66,False,0.02
2026-03-26 21:00:00,2026-03-26,21,Thursday,False,Suburban_Residential,Clear,0.236,60.0,1.0,60.0,59.9,61.3,40.5,0.6763,0.6763,-0.023,2429.02,45.0,False,0.02
2026-03-26 22:00:00,2026-03-26,22,Thursday,False,Suburban_Residential,Clear,0.112,60.0,1.0,60.0,38.0,66.3,25.1,0.6599,0.6599,-0.426,1506.24,45.0,False,0.02
2026-03-26 23:00:00,2026-03-26,23,Thursday,False,Suburban_Residential,Clear,0.106,60.0,1.0,60.0,23.5,58.5,15.7,0.6692,0.6692,-0.598,944.57,45.0,False,0.02
2026-03-27 00:00:00,2026-03-27,0,Friday,False,Suburban_Residential,Clear,0.066,60.0,1.0,60.0,22.0,37.7,15.2,0.6929,0.6929,-0.418,912.53,45.0,False,0.02
2026-03-27 01:00:00,2026-03-27,1,Friday,False,Suburban_Residential,Clear,0.0,60.0,1.0,60.0,18.2,37.2,12.4,0.6805,0.6805,-0.51,744.2,45.0,False,0.02
2026-03-27 02:00:00,2026-03-27,2,Friday,False,Suburban_Residential,Clear,0.077,60.0,1.0,60.0,20.2,39.4,13.7,0.6754,0.6754,-0.487,819.14,45.0,False,0.02
2026-03-27 03:00:00,2026-03-27,3,Friday,False,Suburban_Residential,Clear,0.05,60.0,1.0,60.0,20.1,46.0,13.8,0.6866,0.6866,-0.564,827.57,45.0,False,0.02
2026-03-27 04:00:00,2026-03-27,4,Friday,False,Suburban_Residential,Clear,0.089,60.0,1.0,60.0,22.6,49.9,15.1,0.6711,0.6711,-0.548,908.06,45.0,False,0.02
2026-03-27 05:00:00,2026-03-27,5,Friday,False,Suburban_Residential,Clear,0.085,60.0,1.0,60.0,26.1,56.7,17.5,0.6686,0.6686,-0.539,1048.38,45.0,False,0.02
2026-03-27 06:00:00,2026-03-27,6,Friday,False,Suburban_Residential,Clear,0.137,60.0,1.0,60.0,54.4,63.8,35.2,0.648,0.648,-0.148,2114.56,45.0,False,0.02
2026-03-27 07:00:00,2026-03-27,7,Friday,False,Suburban_Residential,Clear,0.264,60.0,1.184,71.05,86.9,66.5,47.7,0.5488,0.5488,0.307,3389.37,53.29,False,0.02
2026-03-27 08:00:00,2026-03-27,8,Friday,False,Suburban_Residential,Clear,0.375,60.0,1.454,87.25,127.1,72.4,57.7,0.4536,0.4536,0.757,5030.58,65.44,False,0.0277
2026-03-27 09:00:00,2026-03-27,9,Friday,False,Suburban_Residential,Clear,0.331,60.0,1.559,93.57,132.3,68.4,54.9,0.4149,0.4149,0.932,5134.31,70.18,False,0.033
2026-03-27 10:00:00,2026-03-27,10,Friday,False,Suburban_Residential,Clear,0.254,60.0,1.244,74.61,85.9,61.1,45.0,0.524,0.524,0.406,3360.02,55.96,False,0.02
2026-03-27 11:00:00,2026-03-27,11,Friday,False,Suburban_Residential,Clear,0.144,60.0,1.0,60.0,39.5,65.7,26.0,0.6578,0.6578,-0.399,1558.47,45.0,False,0.02
2026-03-27 12:00:00,2026-03-27,12,Friday,False,Suburban_Residential,Clear,0.037,60.0,1.0,60.0,29.7,64.4,19.6,0.659,0.659,-0.539,1173.27,45.0,False,0.02
2026-03-27 13:00:00,2026-03-27,13,Friday,False,Suburban_Residential,Clear,0.081,60.0,1.0,60.0,19.3,70.4,12.7,0.6586,0.6586,-0.725,764.29,45.0,False,0.02
2026-03-27 14:00:00,2026-03-27,14,Friday,False,Suburban_Residential,Clear,0.062,60.0,1.0,60.0,22.5,64.1,14.9,0.6607,0.6607,-0.649,892.94,45.0,False,0.02
2026-03-27 15:00:00,2026-03-27,15,Friday,False,Suburban_Residential,Clear,0.13,60.0,1.0,60.0,46.7,71.3,30.4,0.651,0.651,-0.346,1823.61,45.0,False,0.02
2026-03-27 16:00:00,2026-03-27,16,Friday,False,Suburban_Residential,Clear,0.196,60.0,1.0,60.0,77.1,80.0,51.2,0.6636,0.6636,-0.036,3070.52,45.0,False,0.02
2026-03-27 17:00:00,2026-03-27,17,Friday,False,Suburban_Residential,Clear,0.323,60.0,1.262,75.73,107.1,74.6,59.0,0.5506,0.5506,0.437,4467.54,56.8,False,0.02
2026-03-27 18:00:00,2026-03-27,18,Friday,False,Suburban_Residential,Clear,0.372,60.0,1.729,103.75,153.1,69.1,60.4,0.3944,0.3944,1.215,6264.34,77.81,False,0.0415
2026-03-27 19:00:00,2026-03-27,19,Friday,False,Suburban_Residential,Clear,0.405,60.0,1.536,92.18,135.5,71.5,59.0,0.4352,0.4352,0.894,5435.77,69.14,False,0.0318
2026-03-27 20:00:00,2026-03-27,20,Friday,False,Suburban_Residential,Clear,0.378,60.0,1.226,73.53,101.3,73.6,54.9,0.5424,0.5424,0.376,4039.71,55.15,False,0.02
2026-03-27 21:00:00,2026-03-27,21,Friday,False,Suburban_Residential,Clear,0.219,60.0,1.0,60.0,64.4,67.5,42.5,0.6609,0.6609,-0.047,2552.5,45.0,False,0.02
2026-03-27 22:00:00,2026-03-27,22,Friday,False,Suburban_Residential,Clear,0.077,60.0,1.0,60.0,39.8,68.7,27.0,0.6784,0.6784,-0.42,1620.35,45.0,False,0.02
2026-03-27 23:00:00,2026-03-27,23,Friday,False,Suburban_Residential,Clear,0.045,60.0,1.0,60.0,28.8,49.5,19.4,0.6724,0.6724,-0.418,1161.6,45.0,False,0.02
2026-03-28 00:00:00,2026-03-28,0,Saturday,True,Suburban_Residential,Clear,0.081,60.0,1.0,60.0,29.8,42.4,19.6,0.6573,0.6573,-0.297,1175.73,45.0,False,0.02
2026-03-28 01:00:00,2026-03-28,1,Saturday,True,Suburban_Residential,Clear,0.05,60.0,1.0,60.0,23.9,45.7,16.0,0.6684,0.6684,-0.477,959.79,45.0,False,0.02
2026-03-28 02:00:00,2026-03-28,2,Saturday,True,Suburban_Residential,Clear,0.022,60.0,1.0,60.0,20.7,45.0,14.1,0.6789,0.6789,-0.539,844.28,45.0,False,0.02
2026-03-28 03:00:00,2026-03-28,3,Saturday,True,Suburban_Residential,Clear,0.054,60.0,1.0,60.0,27.9,39.0,18.6,0.6679,0.6679,-0.285,1116.99,45.0,False,0.02
2026-03-28 04:00:00,2026-03-28,4,Saturday,True,Suburban_Residential,Clear,0.077,60.0,1.0,60.0,24.3,46.1,16.1,0.6633,0.6633,-0.473,966.45,45.0,False,0.02
2026-03-28 05:00:00,2026-03-28,5,Saturday,True,Suburban_Residential,Clear,0.07,60.0,1.0,60.0,26.3,46.7,17.0,0.6458,0.6458,-0.435,1021.06,45.0,False,0.02
2026-03-28 06:00:00,2026-03-28,6,Saturday,True,Suburban_Residential,Clear,0.068,60.0,1.0,60.0,27.4,49.6,17.9,0.6533,0.6533,-0.448,1072.52,45.0,False,0.02
2026-03-28 07:00:00,2026-03-28,7,Saturday,True,Suburban_Residential,Clear,0.137,60.0,1.0,60.0,36.3,47.0,23.9,0.6583,0.6583,-0.226,1435.51,45.0,False,0.02
2026-03-28 08:00:00,2026-03-28,8,Saturday,True,Suburban_Residential,Clear,0.114,60.0,1.0,60.0,37.6,54.9,25.7,0.6825,0.6825,-0.315,1539.37,45.0,False,0.02
2026-03-28 09:00:00,2026-03-28,9,Saturday,True,Suburban_Residential,Clear,0.085,60.0,1.0,60.0,45.6,63.7,30.5,0.6693,0.6693,-0.285,1830.81,45.0,False,0.02
2026-03-28 10:00:00,2026-03-28,10,Saturday,True,Suburban_Residential,Clear,0.253,60.0,1.0,60.0,58.7,65.0,39.9,0.6797,0.6797,-0.096,2395.27,45.0,False,0.02
2026-03-28 11:00:00,2026-03-28,11,Saturday,True,Suburban_Residential,Clear,0.252,60.0,1.084,65.02,75.2,66.0,46.5,0.6185,0.6185,0.14,3024.51,48.77,False,0.02
2026-03-28 12:00:00,2026-03-28,12,Saturday,True,Suburban_Residential,Clear,0.292,60.0,1.425,85.52,114.6,67.1,53.1,0.4634,0.4634,0.709,4543.35,64.14,False,0.0263
2026-03-28 13:00:00,2026-03-28,13,Saturday,True,Suburban_Residential,Clear,0.341,60.0,1.289,77.36,110.8,74.7,54.9,0.4954,0.4954,0.482,4245.93,58.02,False,0.02
2026-03-28 14:00:00,2026-03-28,14,Saturday,True,Suburban_Residential,Clear,0.349,60.0,1.362,81.72,114.4,71.4,54.7,0.4778,0.4778,0.603,4467.24,61.29,False,0.0231
2026-03-28 15:00:00,2026-03-28,15,Saturday,True,Suburban_Residential,Clear,0.306,60.0,1.299,77.92,111.8,74.6,54.8,0.4899,0.4899,0.498,4268.39,58.44,False,0.02
2026-03-28 16:00:00,2026-03-28,16,Saturday,True,Suburban_Residential,Clear,0.286,60.0,1.112,66.69,86.2,72.7,52.0,0.6029,0.6029,0.186,3466.9,50.02,False,0.02
2026-03-28 17:00:00,2026-03-28,17,Saturday,True,Suburban_Residential,Clear,0.247,60.0,1.031,61.87,66.0,62.8,42.9,0.6499,0.6499,0.052,2654.55,46.4,False,0.02
2026-03-28 18:00:00,2026-03-28,18,Saturday,True,Suburban_Residential,Clear,0.192,60.0,1.109,66.55,78.0,66.0,47.0,0.603,0.603,0.182,3129.56,49.91,False,0.02
2026-03-28 19:00:00,2026-03-28,19,Saturday,True,Suburban_Residential,Clear,0.188,60.0,1.049,62.95,62.0,57.3,39.1,0.6308,0.6308,0.082,2462.1,47.21,False,0.02
2026-03-28 20:00:00,2026-03-28,20,Saturday,True,Suburban_Residential,Clear,0.244,60.0,1.294,77.64,94.9,63.7,47.7,0.5023,0.5023,0.49,3701.41,58.23,False,0.02
2026-03-28 21:00:00,2026-03-28,21,Saturday,True,Suburban_Residential,Clear,0.333,60.0,1.555,93.32,106.5,55.3,44.4,0.4166,0.4166,0.926,4141.88,69.99,False,0.0328
2026-03-28 22:00:00,2026-03-28,22,Saturday,True,Suburban_Residential,Clear,0.423,60.0,1.924,115.46,132.2,52.0,43.4,0.3281,0.3281,1.541,5005.95,86.59,False,0.0512
2026-03-28 23:00:00,2026-03-28,23,Saturday,True,Suburban_Residential,Clear,0.364,60.0,2.033,122.01,129.2,47.5,41.8,0.3234,0.3234,1.722,5099.52,91.51,False,0.0567
2026-03-29 00:00:00,2026-03-29,0,Sunday,True,Suburban_Residential,Clear,0.078,60.0,1.0,60.0,22.9,40.0,14.9,0.6499,0.6499,-0.426,894.06,45.0,False,0.02
2026-03-29 01:00:00,2026-03-29,1,Sunday,True,Suburban_Residential,Clear,0.07,60.0,1.0,60.0,25.6,46.4,16.8,0.6561,0.6561,-0.45,1005.87,45.0,False,0.02
2026-03-29 02:00:00,2026-03-29,2,Sunday,True,Suburban_Residential,Clear,0.085,60.0,1.0,60.0,23.0,42.2,15.4,0.6683,0.6683,-0.455,922.27,45.0,False,0.02
2026-03-29 03:00:00,2026-03-29,3,Sunday,True,Suburban_Residential,Clear,0.1,60.0,1.0,60.0,24.9,47.0,17.0,0.6834,0.6834,-0.471,1019.52,45.0,False,0.02
2026-03-29 04:00:00,2026-03-29,4,Sunday,True,Suburban_Residential,Clear,0.089,60.0,1.0,60.0,22.1,48.2,15.1,0.6839,0.6839,-0.54,908.41,45.0,False,0.02
2026-03-29 05:00:00,2026-03-29,5,Sunday,True,Suburban_Residential,Clear,0.096,60.0,1.0,60.0,25.2,46.1,16.3,0.648,0.648,-0.454,978.76,45.0,False,0.02
2026-03-29 06:00:00,2026-03-29,6,Sunday,True,Suburban_Residential,Clear,0.155,60.0,1.0,60.0,28.4,48.4,18.9,0.6663,0.6663,-0.413,1136.1,45.0,False,0.02
2026-03-29 07:00:00,2026-03-29,7,Sunday,True,Suburban_Residential,Clear,0.088,60.0,1.0,60.0,27.1,52.7,18.1,0.6675,0.6675,-0.486,1085.76,45.0,False,0.02
2026-03-29 08:00:00,2026-03-29,8,Sunday,True,Suburban_Residential,Clear,0.17,60.0,1.0,60.0,38.6,54.5,27.1,0.7017,0.7017,-0.292,1625.18,45.0,False,0.02
2026-03-29 09:00:00,2026-03-29,9,Sunday,True,Suburban_Residential,Clear,0.188,60.0,1.025,61.51,56.6,54.4,36.8,0.6495,0.6495,0.042,2262.5,46.13,False,0.02
2026-03-29 10:00:00,2026-03-29,10,Sunday,True,Suburban_Residential,Clear,0.201,60.0,1.119,67.16,78.4,65.4,45.8,0.5841,0.5841,0.199,3076.59,50.37,False,0.02
2026-03-29 11:00:00,2026-03-29,11,Sunday,True,Suburban_Residential,Clear,0.258,60.0,1.213,72.75,74.2,54.8,40.5,0.5463,0.5463,0.354,2947.41,54.56,False,0.02
2026-03-29 12:00:00,2026-03-29,12,Sunday,True,Suburban_Residential,Clear,0.303,60.0,1.331,79.88,102.3,65.9,49.9,0.488,0.488,0.552,3986.59,59.91,False,0.0216
2026-03-29 13:00:00,2026-03-29,13,Sunday,True,Suburban_Residential,Clear,0.28,60.0,1.231,73.84,99.3,71.7,52.6,0.5299,0.5299,0.385,3884.39,55.38,False,0.02
2026-03-29 14:00:00,2026-03-29,14,Sunday,True,Suburban_Residential,Clear,0.348,60.0,1.142,68.49,91.0,73.6,53.1,0.5839,0.5839,0.236,3638.8,51.37,False,0.02
2026-03-29 15:00:00,2026-03-29,15,Sunday,True,Suburban_Residential,Clear,0.368,60.0,1.215,72.92,96.9,71.3,52.6,0.5425,0.5425,0.359,3832.39,54.69,False,0.02
2026-03-29 16:00:00,2026-03-29,16,Sunday,True,Suburban_Residential,Clear,0.27,60.0,1.196,71.73,99.3,74.9,53.8,0.5417,0.5417,0.326,3857.34,53.8,False,0.02
2026-03-29 17:00:00,2026-03-29,17,Sunday,True,Suburban_Residential,Clear,0.252,60.0,1.0,60.0,64.3,79.7,42.4,0.6591,0.6591,-0.194,2541.59,45.0,False,0.02
2026-03-29 18:00:00,2026-03-29,18,Sunday,True,Suburban_Residential,Clear,0.175,60.0,1.023,61.4,63.3,61.0,40.0,0.6309,0.6309,0.039,2453.83,46.05,False,0.02
2026-03-29 19:00:00,2026-03-29,19,Sunday,True,Suburban_Residential,Clear,0.184,60.0,1.054,63.21,66.3,60.9,42.5,0.6408,0.6408,0.089,2685.18,47.41,False,0.02
2026-03-29 20:00:00,2026-03-29,20,Sunday,True,Suburban_Residential,Clear,0.297,60.0,1.199,71.92,81.7,61.4,45.4,0.5562,0.5562,0.331,3267.64,53.94,False,0.02
2026-03-29 21:00:00,2026-03-29,21,Sunday,True,Suburban_Residential,Clear,0.348,60.0,1.495,89.68,99.7,54.7,43.4,0.435,0.435,0.824,3890.56,67.26,False,0.0297
2026-03-29 22:00:00,2026-03-29,22,Sunday,True,Suburban_Residential,Clear,0.344,60.0,1.708,102.5,116.5,53.4,44.2,0.3794,0.3794,1.181,4529.47,76.88,False,0.0404
2026-03-29 23:00:00,2026-03-29,23,Sunday,True,Suburban_Residential,Clear,0.389,60.0,1.72,103.22,122.4,55.6,46.0,0.3756,0.3756,1.201,4745.95,77.41,False,0.041
2026-03-30 00:00:00,2026-03-30,0,Monday,False,Suburban_Residential,Clear,0.059,60.0,1.0,60.0,17.9,41.9,11.8,0.6634,0.6634,-0.574,710.51,45.0,False,0.02
2026-03-30 01:00:00,2026-03-30,1,Monday,False,Suburban_Residential,Clear,0.031,60.0,1.0,60.0,20.7,41.9,13.9,0.6722,0.6722,-0.505,836.54,45.0,False,0.02
2026-03-30 02:00:00,2026-03-30,2,Monday,False,Suburban_Residential,Clear,0.013,60.0,1.0,60.0,18.8,41.2,12.0,0.6412,0.6412,-0.544,722.36,45.0,False,0.02
2026-03-30 03:00:00,2026-03-30,3,Monday,False,Suburban_Residential,Clear,0.028,60.0,1.0,60.0,21.6,47.2,14.8,0.6858,0.6858,-0.542,889.58,45.0,False,0.02
2026-03-30 04:00:00,2026-03-30,4,Monday,False,Suburban_Residential,Clear,0.065,60.0,1.0,60.0,23.8,46.1,15.9,0.6679,0.6679,-0.483,954.9,45.0,False,0.02
2026-03-30 05:00:00,2026-03-30,5,Monday,False,Suburban_Residential,Clear,0.1,60.0,1.0,60.0,31.5,49.7,20.6,0.6533,0.6533,-0.366,1236.15,45.0,False,0.02
2026-03-30 06:00:00,2026-03-30,6,Monday,False,Suburban_Residential,Clear,0.139,60.0,1.0,60.0,53.1,58.9,34.2,0.6433,0.6433,-0.099,2049.91,45.0,False,0.02
2026-03-30 07:00:00,2026-03-30,7,Monday,False,Suburban_Residential,Clear,0.276,60.0,1.083,64.99,71.2,62.6,42.4,0.5953,0.5953,0.139,2756.06,48.74,False,0.02
2026-03-30 08:00:00,2026-03-30,8,Monday,False,Suburban_Residential,Clear,0.364,60.0,1.558,93.5,112.1,58.0,46.6,0.416,0.416,0.931,4359.02,70.12,False,0.0329
2026-03-30 09:00:00,2026-03-30,9,Monday,False,Suburban_Residential,Clear,0.351,60.0,1.422,85.34,115.5,67.8,53.0,0.4593,0.4593,0.704,4526.05,64.0,False,0.0261
2026-03-30 10:00:00,2026-03-30,10,Monday,False,Suburban_Residential,Clear,0.287,60.0,1.262,75.75,97.6,67.9,49.8,0.5101,0.5101,0.437,3769.9,56.81,False,0.02
2026-03-30 11:00:00,2026-03-30,11,Monday,False,Suburban_Residential,Clear,0.125,60.0,1.0,60.0,59.5,78.6,39.2,0.6584,0.6584,-0.243,2350.83,45.0,False,0.02
2026-03-30 12:00:00,2026-03-30,12,Monday,False,Suburban_Residential,Clear,0.151,60.0,1.0,60.0,25.9,74.0,16.8,0.648,0.648,-0.649,1008.77,45.0,False,0.02
2026-03-30 13:00:00,2026-03-30,13,Monday,False,Suburban_Residential,Clear,0.099,60.0,1.0,60.0,22.3,67.7,15.2,0.6827,0.6827,-0.67,914.23,45.0,False,0.02
2026-03-30 14:00:00,2026-03-30,14,Monday,False,Suburban_Residential,Clear,0.05,60.0,1.0,60.0,27.2,68.0,18.3,0.6714,0.6714,-0.6,1096.02,45.0,False,0.02
2026-03-30 15:00:00,2026-03-30,15,Monday,False,Suburban_Residential,Clear,0.083,60.0,1.0,60.0,39.1,68.0,26.3,0.6707,0.6707,-0.425,1575.05,45.0,False,0.02
2026-03-30 16:00:00,2026-03-30,16,Monday,False,Suburban_Residential,Clear,0.225,60.0,1.011,60.67,67.6,66.4,45.1,0.6681,0.6681,0.019,2739.13,45.5,False,0.02
2026-03-30 17:00:00,2026-03-30,17,Monday,False,Suburban_Residential,Clear,0.319,60.0,1.174,70.43,98.7,76.5,56.6,0.573,0.573,0.29,3982.96,52.82,False,0.02
2026-03-30 18:00:00,2026-03-30,18,Monday,False,Suburban_Residential,Clear,0.45,60.0,1.464,87.85,131.7,74.2,58.3,0.4425,0.4425,0.774,5119.08,65.89,False,0.0282
2026-03-30 19:00:00,2026-03-30,19,Monday,False,Suburban_Residential,Clear,0.483,60.0,1.8,107.97,159.2,68.3,57.5,0.3614,0.3614,1.333,6211.87,80.98,False,0.045
2026-03-30 20:00:00,2026-03-30,20,Monday,False,Suburban_Residential,Clear,0.263,60.0,1.316,78.97,106.1,69.5,55.2,0.5202,0.5202,0.527,4358.84,59.23,False,0.0208
2026-03-30 21:00:00,2026-03-30,21,Monday,False,Suburban_Residential,Clear,0.239,60.0,1.0,60.0,67.9,69.7,45.4,0.6688,0.6688,-0.025,2725.4,45.0,False,0.02
2026-03-30 22:00:00,2026-03-30,22,Monday,False,Suburban_Residential,Clear,0.137,60.0,1.0,60.0,40.6,54.7,27.6,0.6804,0.6804,-0.257,1657.95,45.0,False,0.02
2026-03-30 23:00:00,2026-03-30,23,Monday,False,Suburban_Residential,Clear,0.06,60.0,1.0,60.0,22.1,52.9,14.7,0.6671,0.6671,-0.582,884.74,45.0,False,0.02
2026-03-31 00:00:00,2026-03-31,0,Tuesday,False,Suburban_Residential,Clear,0.104,60.0,1.0,60.0,17.3,37.6,11.7,0.6778,0.6778,-0.539,704.16,45.0,False,0.02
2026-03-31 01:00:00,2026-03-31,1,Tuesday,False,Suburban_Residential,Clear,0.053,60.0,1.0,60.0,20.3,35.1,13.5,0.6629,0.6629,-0.421,808.99,45.0,False,0.02
2026-03-31 02:00:00,2026-03-31,2,Tuesday,False,Suburban_Residential,Clear,0.069,60.0,1.0,60.0,20.5,43.6,13.9,0.6798,0.6798,-0.531,835.73,45.0,False,0.02
2026-03-31 03:00:00,2026-03-31,3,Tuesday,False,Suburban_Residential,Clear,0.073,60.0,1.0,60.0,19.2,48.9,12.8,0.6658,0.6658,-0.608,765.64,45.0,False,0.02
2026-03-31 04:00:00,2026-03-31,4,Tuesday,False,Suburban_Residential,Clear,0.049,60.0,1.0,60.0,20.7,49.0,14.1,0.6819,0.6819,-0.578,847.06,45.0,False,0.02
2026-03-31 05:00:00,2026-03-31,5,Tuesday,False,Suburban_Residential,Clear,0.081,60.0,1.0,60.0,24.1,52.0,16.0,0.6656,0.6656,-0.537,961.81,45.0,False,0.02
2026-03-31 06:00:00,2026-03-31,6,Tuesday,False,Suburban_Residential,Clear,0.124,60.0,1.0,60.0,50.7,58.6,33.9,0.6688,0.6688,-0.135,2034.02,45.0,False,0.02
2026-03-31 07:00:00,2026-03-31,7,Tuesday,False,Suburban_Residential,Clear,0.255,60.0,1.267,75.99,89.0,61.6,46.8,0.5259,0.5259,0.444,3558.29,56.99,False,0.02
2026-03-31 08:00:00,2026-03-31,8,Tuesday,False,Suburban_Residential,Clear,0.388,60.0,1.39,83.39,116.1,70.3,53.9,0.4645,0.4645,0.65,4495.6,62.54,False,0.0245
2026-03-31 09:00:00,2026-03-31,9,Tuesday,False,Suburban_Residential,Clear,0.341,60.0,1.511,90.66,127.4,68.8,54.9,0.4311,0.4311,0.852,4980.16,68.0,False,0.0306
2026-03-31 10:00:00,2026-03-31,10,Tuesday,False,Suburban_Residential,Clear,0.32,60.0,1.15,69.02,87.8,70.2,50.0,0.5696,0.5696,0.251,3452.2,51.77,False,0.02
2026-03-31 11:00:00,2026-03-31,11,Tuesday,False,Suburban_Residential,Clear,0.147,60.0,1.0,60.0,41.6,70.5,27.7,0.6649,0.6649,-0.41,1659.07,45.0,False,0.02
2026-03-31 12:00:00,2026-03-31,12,Tuesday,False,Suburban_Residential,Clear,0.149,60.0,1.0,60.0,28.3,74.1,19.2,0.677,0.677,-0.617,1151.3,45.0,False,0.02
2026-03-31 13:00:00,2026-03-31,13,Tuesday,False,Suburban_Residential,Clear,0.04,60.0,1.0,60.0,22.5,68.0,15.1,0.6718,0.6718,-0.669,908.1,45.0,False,0.02
2026-03-31 14:00:00,2026-03-31,14,Tuesday,False,Suburban_Residential,Clear,0.101,60.0,1.0,60.0,25.4,70.1,17.4,0.6838,0.6838,-0.637,1043.97,45.0,False,0.02
2026-03-31 15:00:00,2026-03-31,15,Tuesday,False,Suburban_Residential,Clear,0.107,60.0,1.0,60.0,41.8,66.9,27.3,0.654,0.654,-0.376,1639.39,45.0,False,0.02
2026-03-31 16:00:00,2026-03-31,16,Tuesday,False,Suburban_Residential,Clear,0.216,60.0,1.0,60.0,65.9,70.2,45.5,0.6896,0.6896,-0.061,2727.62,45.0,False,0.02
2026-03-31 17:00:00,2026-03-31,17,Tuesday,False,Suburban_Residential,Clear,0.362,60.0,1.387,83.23,107.1,65.1,50.0,0.4669,0.4669,0.645,4161.87,62.42,False,0.0244
2026-03-31 18:00:00,2026-03-31,18,Tuesday,False,Suburban_Residential,Clear,0.421,60.0,1.539,92.31,154.3,81.3,65.9,0.427,0.427,0.898,6083.28,69.23,False,0.0319
2026-03-31 19:00:00,2026-03-31,19,Tuesday,False,Suburban_Residential,Clear,0.483,60.0,1.567,94.01,140.6,72.3,58.6,0.4171,0.4171,0.945,5512.72,70.51,False,0.0333
2026-03-31 20:00:00,2026-03-31,20,Tuesday,False,Suburban_Residential,Clear,0.308,60.0,1.348,80.88,103.7,65.7,49.3,0.4753,0.4753,0.58,3987.41,60.66,False,0.0224
2026-03-31 21:00:00,2026-03-31,21,Tuesday,False,Suburban_Residential,Clear,0.199,60.0,1.0,60.0,61.5,74.6,41.6,0.6766,0.6766,-0.176,2494.64,45.0,False,0.02
2026-03-31 22:00:00,2026-03-31,22,Tuesday,False,Suburban_Residential,Clear,0.177,60.0,1.0,60.0,41.1,62.4,27.6,0.6718,0.6718,-0.34,1658.42,45.0,False,0.02
2026-03-31 23:00:00,2026-03-31,23,Tuesday,False,Suburban_Residential,Clear,0.079,60.0,1.0,60.0,24.9,58.6,16.5,0.6634,0.6634,-0.575,992.65,45.0,False,0.02
